"CHEM_ID","LIB_ID","COMP_ID","CHRO_LIB_ENTRY_ID","SUPER_PATHWAY","SUB_PATHWAY","PATHWAY_SORTORDER","TYPE","INCHIKEY","SMILES","CHEMICAL_NAME","PLOT_NAME","X","HMDB","PUBCHEM","CHEMSPIDER","KEGG","CAS","PRIMARY_ID","X.1","X.2","X.3","X.4","X.5","Standardized name"
35,400,42370,166164,"Amino Acid","Glutamate Metabolism",62,"NAMED","DWAKNKKXGALPNW-UHFFFAOYSA-N","OC(C1CCC=N1)=O","S-1-pyrroline-5-carboxylate","S-1-pyrroline-5-carboxylate",NA,"hmdb:HMDB0001301","pubchem:11966181","chemspider:10140206","kegg:C04322","CAS:2906-39-0","hmdb:HMDB0001301",NA,NA,NA,NA,"","1-Pyrroline-5-carboxylic acid"
50,400,485,155305,"Amino Acid","Polyamine Metabolism",545,"NAMED","ATHGHQPFGPMSJY-UHFFFAOYSA-N","NCCCCNCCCN","spermidine","spermidine",NA,"hmdb:HMDB0001257","pubchem:1102","chemspider:1071","kegg:C00315","CAS:124-20-9","hmdb:HMDB0001257",NA,NA,NA,NA,"HMDB0242182","Spermidine"
55,400,27665,155829,"Cofactors and Vitamins","Nicotinate and Nicotinamide Metabolism",4317,"NAMED","LDHMAVIPBRSVRG-UHFFFAOYSA-N","C[N+]1=CC(C([NH-])=O)=CC=C1","1-methylnicotinamide","1-methylnicotinamide",NA,"hmdb:HMDB0000699","pubchem:457","chemspider:8305504","kegg:C02918","CAS:1005-24-9","hmdb:HMDB0000699",NA,NA,NA,NA,"","1-Methyl nicotinamide"
62,209,38395,143675,"Lipid","Fatty Acid, Dihydroxy",2031,"NAMED","CQSLTKIXAJTQGA-FLIBITNWSA-N","CCCCCC(C(C/C=C\CCCCCCCC(O)=O)O)O","12,13-DiHOME","12,13-DiHOME",NA,"hmdb:HMDB0004705","pubchem:10236635","chemspider:8412123","kegg:C14829","CAS:263399-35-5","hmdb:HMDB0004705",NA,NA,NA,NA,"","12,13-DiHOME"
92,305,38347,147843,"Amino Acid","Lysine Metabolism",125,"NAMED","FGSBNBBHOZHUBO-UHFFFAOYSA-N","OC(C(CCCC(O)=O)=O)=O","2-oxoadipate","2-oxoadipate",NA,"hmdb:HMDB0000225","pubchem:71","chemspider:70","kegg:C00322","CAS:3184-35-8","hmdb:HMDB0000225",NA,NA,NA,NA,"","2-Oxoadipic acid"
93,305,528,146398,"Energy","TCA Cycle",1446,"NAMED","KPGXRSRHYNQIFN-UHFFFAOYSA-N","O=C(C(O)=O)CCC(O)=O","alpha-ketoglutarate","alpha-ketoglutarate",NA,"hmdb:HMDB0000208","pubchem:51","chemspider:50","kegg:C00026","CAS:328-50-7,22202-68-2,305-72-6","hmdb:HMDB0000208",NA,NA,NA,NA,"","2-Oxoglutaric acid"
98,209,1417,124553,"Amino Acid","Tryptophan Metabolism",272,"NAMED","HCZHHEIFKROPDY-UHFFFAOYSA-N","OC1=C(C=CC=C2)C2=NC(C(O)=O)=C1","kynurenate","kynurenate",NA,"hmdb:HMDB0000715","pubchem:3845","chemspider:3712","kegg:C01717","CAS:492-27-3","hmdb:HMDB0000715",NA,NA,NA,NA,"","Kynurenic acid"
111,305,1549,147711,"Amino Acid","Leucine, Isoleucine and Valine Metabolism",428,"NAMED","DBXBTMSZEOQQDU-UHFFFAOYSA-N","CC(C(O)=O)CO","3-hydroxyisobutyrate","3-hydroxyisobutyrate",NA,"hmdb:HMDB0000023,HMDB0000336","pubchem:11966314","chemspider:10140307","kegg:C01188,C06001","CAS:2068-83-9","hmdb:HMDB0000023",NA,NA,NA,NA,"","3-Hydroxyisobutyric acid"
112,305,531,146400,"Lipid","Mevalonate Metabolism",3176,"NAMED","NPOAOTPXWNWTSH-UHFFFAOYSA-N","CC(CC(O)=O)(CC(O)=O)O","3-hydroxy-3-methylglutarate","3-hydroxy-3-methylglutarate",NA,"hmdb:HMDB0000355","pubchem:1662,5459993","chemspider:4573695","kegg:C03761","CAS:503-49-1","hmdb:HMDB0000355",NA,NA,NA,NA,"","3-Hydroxymethylglutaric acid"
117,209,1101,124537,"Amino Acid","Tyrosine Metabolism",210,"NAMED","QRMZSPFSDQBLIX-UHFFFAOYSA-N","COC1=CC(CC(O)=O)=CC=C1O","homovanillate (HVA)","homovanillate (HVA)",NA,"hmdb:HMDB0000118","pubchem:1738","chemspider:5323114","kegg:C05582","CAS:306-08-1","hmdb:HMDB0000118",NA,NA,NA,NA,"","Homovanillic acid"
132,400,1414,155361,"Carbohydrate","Glycolysis, Gluconeogenesis, and Pyruvate Metabolism",1237,"NAMED","OSJPPGNTCRNQQC-UHFFFAOYSA-N","OC(C(O)=O)COP(O)(O)=O","3-phosphoglycerate","3-phosphoglycerate",NA,"hmdb:HMDB0000807","pubchem:724","chemspider:10669764","kegg:C00597","CAS:80731-10-8","hmdb:HMDB0000807",NA,NA,NA,NA,"","3-Phosphoglyceric acid"
136,209,22842,124689,"Lipid","Primary Bile Acid Metabolism",3454,"NAMED","BHQCQFFYRZLCQQ-OLRQUHAPSA-N","O[C@H]1[C@@]2([H])[C@]3([H])CC[C@H]([C@H](C)CCC(O)=O)[C@@]3(C)[C@@H](O)C[C@]2([H])[C@@]4(C)CC[C@@H](O)CC4C1","cholate","cholate",NA,"hmdb:HMDB0000619","pubchem:221493","","kegg:C00695","CAS:81-25-4","hmdb:HMDB0000619",NA,NA,NA,NA,"","Cholic acid"
143,209,38309,143797,"Lipid","Fatty Acid, Oxidized",2054,"NAMED","JVJFIQYAHPMBBX-FNORWQNLSA-N","CCCCCC(/C=C/C=O)O","4-hydroxynonenal","4-hydroxynonenal",NA,"hmdb:HMDB0004362","pubchem:5283344","chemspider:1630","kegg:C21642","CAS:128946-65-6,75899-68-2","hmdb:HMDB0004362",NA,NA,NA,NA,"","4-Hydroxynonenal"
144,209,541,123169,"Amino Acid","Phenylalanine Metabolism",159,"NAMED","XQXPVVBIMDBYFF-UHFFFAOYSA-N","OC(CC1=CC=C(C=C1)O)=O","4-hydroxyphenylacetate","4-hydroxyphenylacetate",NA,"hmdb:HMDB0000020","pubchem:127","chemspider:3881560","kegg:C00642","CAS:156-38-7","hmdb:HMDB0000020",NA,NA,NA,NA,"","4-Hydroxyphenyl acetate"
158,209,1418,123205,"Nucleotide","Pyrimidine Metabolism, Thymine containing",4281,"NAMED","NBAKTGXDIBVZOO-UHFFFAOYSA-N","O=C(NCC1C)NC1=O","5,6-dihydrothymine","5,6-dihydrothymine",NA,"hmdb:HMDB0000079","pubchem:93556","chemspider:84456","kegg:C00906","CAS:696-04-8","hmdb:HMDB0000079",NA,NA,NA,NA,"","Dihydrothymine"
171,209,3127,124615,"Nucleotide","Purine Metabolism, (Hypo)Xanthine/Inosine containing",4121,"NAMED","FDGQSTZJBFJUBT-UHFFFAOYSA-N","O=C1C(N=CN2)=C2N=CN1","hypoxanthine","hypoxanthine",NA,"hmdb:HMDB0000157","pubchem:790,135398638","chemspider:768","kegg:C00262","CAS:68-94-0","hmdb:HMDB0000157",NA,NA,NA,NA,"","Hypoxanthine"
172,400,32352,155912,"Nucleotide","Purine Metabolism, Guanine containing",4184,"NAMED","UYTPUPDQBNUYGX-UHFFFAOYSA-N","NC(N1)=NC2=C(NC=N2)C1=O","guanine","guanine",NA,"hmdb:HMDB0000132","pubchem:135398634","chemspider:744","kegg:C00242","CAS:73-40-5","hmdb:HMDB0000132",NA,NA,NA,NA,"","Guanine"
179,209,38399,143740,"Lipid","Fatty Acid, Dihydroxy",2032,"NAMED","XEBKSQSGNGRGDW-YFHOEESVSA-N","CCCCC/C=C\CC(C(CCCCCCCC(O)=O)O)O","9,10-DiHOME","9,10-DiHOME",NA,"hmdb:HMDB0004704","pubchem:9966640","chemspider:8142232","kegg:C14828","CAS:263399-34-4","hmdb:HMDB0004704",NA,NA,NA,NA,"","9,10-DiHOME"
180,209,1105,125969,"Lipid","Long Chain Polyunsaturated Fatty Acid (n3 and n6)",1568,"NAMED","OYHQOLUKZRVURQ-HZJYTTRNSA-N","OC(CCCCCCC/C=C\C/C=C\CCCCC)=O","linoleate (18:2n6)","linoleate (18:2n6)",NA,"hmdb:HMDB0006270,HMDB0000673","pubchem:5280450","chemspider:4444105","kegg:C01595","CAS:60-33-3","hmdb:HMDB0006270",NA,NA,NA,NA,"","Linoleic acid"
181,209,1645,125740,"Lipid","Medium Chain Fatty Acid",1503,"NAMED","POULHZVOKOAJMA-UHFFFAOYSA-N","O=C(O)CCCCCCCCCCC","laurate (12:0)","laurate (12:0)",NA,"hmdb:HMDB0000638","pubchem:3893","chemspider:3756","kegg:C02679","CAS:143-07-7","hmdb:HMDB0000638",NA,NA,NA,NA,"","Lauric acid"
182,400,1899,155456,"Cofactors and Vitamins","Nicotinate and Nicotinamide Metabolism",4301,"NAMED","GJAWHXHKYYXBSV-UHFFFAOYSA-N","OC(C(C=CC=N1)=C1C(O)=O)=O","quinolinate","quinolinate",NA,"hmdb:HMDB0000232","pubchem:1066","chemspider:1037","kegg:C03722","CAS:89-00-9","hmdb:HMDB0000232",NA,NA,NA,NA,"","Quinolinic acid"
189,400,1498,155380,"Amino Acid","Lysine Metabolism",116,"NAMED","MXNRLFUSFKVQSK-UHFFFAOYSA-N","C[N+](C)(CCCCC(C([O-])=O)N)C","N6,N6,N6-trimethyllysine","N6,N6,N6-trimethyllysine",NA,"hmdb:HMDB0001325","pubchem:440120","chemspider:140379","kegg:C03793","CAS:23284-33-5","hmdb:HMDB0001325",NA,NA,NA,NA,"","N-6-Trimethyllysine"
192,400,37496,156406,"Amino Acid","Polyamine Metabolism",538,"NAMED","KLZGKIDSEJWEDW-UHFFFAOYSA-N","CC(NCCCCN)=O","N-acetylputrescine","N-acetylputrescine",NA,"hmdb:HMDB0002064","pubchem:122356","chemspider:109095","kegg:C02714","CAS:18233-70-0","hmdb:HMDB0002064",NA,NA,NA,NA,"","N-Acetylputrescine"
194,209,2829,124831,"Amino Acid","Methionine, Cysteine, SAM and Taurine Metabolism",437,"NAMED","PYUSHNKNPOHWEZ-UHFFFAOYSA-N","CSCCC(C(O)=O)NC=O","N-formylmethionine","N-formylmethionine",NA,"hmdb:HMDB0001015","pubchem:439750","chemspider:388809","kegg:C03145","CAS:4289-98-9","hmdb:HMDB0001015",NA,NA,NA,NA,"","N-Formylmethionine"
197,209,42382,124939,"Amino Acid","Methionine, Cysteine, SAM and Taurine Metabolism",446,"NAMED","ZJUKTBDSGOFHSH-UHFFFAOYSA-N","OC1C(N2C=NC3=C2N=CN=C3N)OC(CSCCC(N)C(O)=O)C1O","S-adenosylhomocysteine (SAH)","S-adenosylhomocysteine (SAH)",NA,"hmdb:HMDB0000939","pubchem:439155","chemspider:16788012","kegg:C00021","CAS:979-92-0","hmdb:HMDB0000939",NA,NA,NA,NA,"","S-Adenosylhomocysteine"
207,209,2831,123233,"Nucleotide","Purine Metabolism, Adenine containing",4143,"NAMED","IVOMOUWHDPKRLL-UHFFFAOYSA-N","NC1=NC=NC2=C1N=CN2C3OC(CO4)C(OP4(O)=O)C3O","adenosine 3',5'-cyclic monophosphate (cAMP)","adenosine 3',5'-cyclic monophosphate (cAMP)",NA,"hmdb:HMDB0000058","pubchem:6076","chemspider:268","kegg:C00575","CAS:60-92-4","hmdb:HMDB0000058",NA,NA,NA,NA,"","3',5' cyclic AMP"
209,400,32342,155907,"Nucleotide","Purine Metabolism, Adenine containing",4140,"NAMED","UDMBCSSLTHHNCD-UHFFFAOYSA-N","NC1=NC=NC2=C1N=CN2C3OC(C(C3O)O)COP(O)(O)=O","adenosine 5'-monophosphate (AMP)","AMP",NA,"hmdb:HMDB0000045","pubchem:6083","chemspider:10239183","kegg:C00020","CAS:149022-20-8","hmdb:HMDB0000045",NA,NA,NA,NA,"","AMP"
212,400,1419,155365,"Amino Acid","Polyamine Metabolism",556,"NAMED","WUUGFSXJNOTRMR-IOSLPCCCSA-N","NC1=NC=NC2=C1N=CN2[C@H]3[C@H](O)[C@H](O)[C@@H](CSC)O3","5-methylthioadenosine (MTA)","5-methylthioadenosine (MTA)",NA,"hmdb:HMDB0001173","pubchem:439176","chemspider:388321","kegg:C00170","CAS:2457-80-9","hmdb:HMDB0001173",NA,NA,NA,NA,"","5'-Methylthioadenosine"
213,209,37114,127643,"Nucleotide","Purine Metabolism, Adenine containing",4155,"NAMED","VQAYFKKCNSOZKM-UHFFFAOYSA-N","OC(C1O)C(OC1CO)N(C=N2)C3=C2C(NC)=NC=N3","N6-methyladenosine","N6-methyladenosine",NA,"hmdb:HMDB0004044","pubchem:102175","chemspider:92307","","CAS:1867-73-8","hmdb:HMDB0004044",NA,NA,NA,NA,"","N6-Methyladenosine"
229,209,1110,125971,"Lipid","Long Chain Polyunsaturated Fatty Acid (n3 and n6)",1574,"NAMED","YZXBAPSDXZZRGB-DOFZRALJSA-N","CCCCC/C=C\C/C=C\C/C=C\C/C=C\CCCC(O)=O","arachidonate (20:4n6)","arachidonate (20:4n6)",NA,"hmdb:HMDB0001043","pubchem:444899","chemspider:392692","kegg:C00219","CAS:506-32-1","hmdb:HMDB0001043",NA,NA,NA,NA,"","Arachidonic acid"
231,400,1638,155435,"Amino Acid","Urea cycle; Arginine and Proline Metabolism",483,"NAMED","ODKSFYDXXFIFQN-UHFFFAOYSA-N","N=C(N)NCCCC(N)C(O)=O","arginine","arginine",NA,"hmdb:HMDB0000517","pubchem:6322","chemspider:227","kegg:C00062","CAS:1119-34-2","hmdb:HMDB0000517",NA,NA,NA,NA,"","Arginine"
234,400,443,155304,"Amino Acid","Alanine and Aspartate Metabolism",36,"NAMED","CKLJMWTZIZZHCS-UHFFFAOYSA-N","NC(C(O)=O)CC(O)=O","aspartate","aspartate",NA,"hmdb:HMDB0000191","pubchem:5960","chemspider:5745","kegg:C00049","CAS:56-84-8","hmdb:HMDB0000191",NA,NA,NA,NA,"","Aspartic acid"
235,305,1432,145724,"Amino Acid","Phenylalanine Metabolism",156,"NAMED","CCVYRRGZDBSHFU-UHFFFAOYSA-N","OC(CC1=C(O)C=CC=C1)=O","2-hydroxyphenylacetate","2-hydroxyphenylacetate",NA,"hmdb:HMDB0000669","pubchem:11970","chemspider:11476","kegg:C05852","CAS:614-75-5","hmdb:HMDB0000669",NA,NA,NA,NA,"","2-Hydroxyphenylacetic acid"
240,209,32197,123321,"Amino Acid","Tyrosine Metabolism",181,"NAMED","JVGVDSSUAVXRDY-UHFFFAOYSA-N","OC(C(O)=O)CC1=CC=C(O)C=C1","3-(4-hydroxyphenyl)lactate","3-(4-hydroxyphenyl)lactate (HPLA)",NA,"hmdb:HMDB0000755","pubchem:9378","chemspider:9010","kegg:C03672","CAS:6482-98-0","hmdb:HMDB0000755",NA,NA,NA,NA,"","4-Hydroxyphenyllactic acid"
241,209,566,124529,"Amino Acid","Phenylalanine Metabolism",150,"NAMED","BTNMPGBKDVTSJY-UHFFFAOYSA-N","O=C(C(O)=O)CC1=CC=CC=C1","phenylpyruvate","phenylpyruvate",NA,"hmdb:HMDB0000205","pubchem:997","chemspider:972","kegg:C00166","CAS:156-06-9","hmdb:HMDB0000205",NA,NA,NA,NA,"","Phenylpyruvic acid"
244,400,55,155295,"Nucleotide","Pyrimidine Metabolism, Uracil containing",4240,"NAMED","UCMIRNVEIXFBKS-UHFFFAOYSA-N","NCCC(O)=O","beta-alanine","beta-alanine",NA,"hmdb:HMDB0000056","pubchem:239","chemspider:234","kegg:C00099","CAS:107-95-9,56-41-7","hmdb:HMDB0000056",NA,NA,NA,NA,"","beta-Alanine"
249,400,1768,155446,"Amino Acid","Histidine Metabolism",84,"NAMED","CQOVPNPJLQNMDC-ZETCQYMHSA-N","OC([C@H](CC1=CNC=N1)NC(CCN)=O)=O","carnosine","carnosine",NA,"hmdb:HMDB0000033","pubchem:439224","chemspider:388363","kegg:C00386","CAS:305-84-0","hmdb:HMDB0000033",NA,NA,NA,NA,"","Carnosine"
250,402,2137,158009,"Cofactors and Vitamins","Hemoglobin and Porphyrin Metabolism",4412,"NAMED","QBUVFDKTZJNUPP-YBRAVLHJSA-N","CC1=C(/C=C(N2)/C(C=C)=C(C)C2=O)NC(/C=C3C(CCC(O)=O)=C(C)C(/C=C(N4)\C(C)=C(C=C)C4=O)=N\3)=C1CCC(O)=O","biliverdin","biliverdin",NA,"hmdb:HMDB0001008","pubchem:5280353","chemspider:10628548","kegg:C00500","CAS:55482-27-4,55482-27-4","hmdb:HMDB0001008",NA,NA,NA,NA,"","Biliverdin"
251,400,568,155324,"Cofactors and Vitamins","Biotin Metabolism",4385,"NAMED","YBJHBAHKTGYVGT-UHFFFAOYSA-N","OC(CCCCC(SC1)C(N2)C1NC2=O)=O","biotin","biotin",NA,"hmdb:HMDB0000030","pubchem:171548","chemspider:149962","kegg:C00120","CAS:58-85-5","hmdb:HMDB0000030",NA,NA,NA,NA,"","Biotin"
252,305,1437,147106,"Energy","TCA Cycle",1449,"NAMED","KDYFGRWQOYBRFD-UHFFFAOYSA-N","OC(CCC(O)=O)=O","succinate","succinate",NA,"hmdb:HMDB0000254","pubchem:1110","chemspider:1078","kegg:C00042","CAS:110-15-6","hmdb:HMDB0000254",NA,NA,NA,NA,"","Succinic acid"
254,305,542,145710,"Lipid","Ketone Bodies",1939,"NAMED","WHBMMWSBFZVSSR-UHFFFAOYSA-N","CC(O)CC(O)=O","3-hydroxybutyrate (BHBA)","3-hydroxybutyrate (BHBA)",NA,"hmdb:HMDB0000442,HMDB0000357,HMDB0000011","pubchem:94318,441,92135","chemspider:428","kegg:C03197,C01089","CAS:625-72-9","hmdb:HMDB0000442",NA,NA,NA,NA,"","3-Hydroxybutyric acid"
264,402,1099,161403,"Lipid","Sterol",3196,"NAMED","UCTLRSWJYQTBFZ-UHFFFAOYSA-N","CC12C(C3=CC=C4CC(O)CCC4(C)C3CC2)CCC1C(C)CCCC(C)C","7-dehydrocholesterol","7-dehydrocholesterol",NA,"hmdb:HMDB0000032","pubchem:439423","chemspider:388534","kegg:C01164","CAS:434-16-2","hmdb:HMDB0000032",NA,NA,NA,NA,"","7-Dehydrocholesterol"
266,402,63,164177,"Lipid","Sterol",3193,"NAMED","HVYWMOMLDIMFJA-LBHVWCRMSA-N","CC1(C2C(C)CCCC(C)C)C(CC2)C(CC=C3C4(CC[C@H](O)C3)C)C4CC1","cholesterol","cholesterol",NA,"hmdb:HMDB0000067","pubchem:5997,6432564,11025495","chemspider:4937803","kegg:C00187","CAS:57-88-5","hmdb:HMDB0000067",NA,NA,NA,NA,"","Cholesterol"
267,400,34396,156099,"Lipid","Phospholipid Metabolism",2234,"NAMED","YHHSONZFOIEMCP-UHFFFAOYSA-N","C[N+](C)(CCOP(O)([O-])=O)C","choline phosphate","phosphocholine",NA,"hmdb:HMDB0001565","pubchem:1014","chemspider:119298","kegg:C00588","CAS:72556-74-2","hmdb:HMDB0001565",NA,NA,NA,NA,"","Choline phosphate"
272,209,5983,126005,"Lipid","Corticosteroids",3298,"NAMED","OMFXVFTZEKFJBZ-UHFFFAOYSA-N","CC(C(CC1)=CC2=O)(CC2)C3C1C(CCC4C(CO)=O)C4(C)CC3O","corticosterone","corticosterone",NA,"hmdb:HMDB0001547","pubchem:5753","chemspider:5550","kegg:C02140","CAS:50-22-6","hmdb:HMDB0001547",NA,NA,NA,NA,"","Corticosterone"
273,209,1769,124819,"Lipid","Corticosteroids",3316,"NAMED","MFYSYFVPBJMHGN-ZPOLXVRWSA-N","O[C@@]1([C@@](CO)=O)[C@](C2)(C)[C@](CC1)([H])[C@@](CCC3=CC4=O)([H])[C@]([C@@]3(C)CC4)([H])C2=O","cortisone","cortisone",NA,"hmdb:HMDB0002802","pubchem:222786","chemspider:361685","kegg:C00762","CAS:53-06-5","hmdb:HMDB0002802",NA,NA,NA,NA,"","Cortisone"
275,400,513,155307,"Amino Acid","Creatine Metabolism",529,"NAMED","DDRJAANPRJIHGJ-UHFFFAOYSA-N","CN(C(N1)=N)CC1=O","creatinine","creatinine",NA,"hmdb:HMDB0000562","pubchem:588","chemspider:568","kegg:C00791","CAS:60-27-5","hmdb:HMDB0000562",NA,NA,NA,NA,"","Creatinine"
278,400,35637,156206,"Amino Acid","Glutathione Metabolism",576,"NAMED","ZUKPVRWZDMRIEO-UHFFFAOYSA-N","NC(C(NCC(O)=O)=O)CS","cysteinylglycine","cysteinylglycine",NA,"hmdb:HMDB0000078","pubchem:439498","chemspider:58762","kegg:C01419","CAS:19246-18-5","hmdb:HMDB0000078",NA,NA,NA,NA,"","Cys-Gly"
279,400,56,155296,"Amino Acid","Methionine, Cysteine, SAM and Taurine Metabolism",462,"NAMED","LEVWYRKDKASIDU-UHFFFAOYSA-N","NC(C(O)=O)CSSCC(N)C(O)=O","cystine","cystine",NA,"hmdb:HMDB0000192","pubchem:67678","chemspider:575","kegg:C00491","CAS:56-89-3","hmdb:HMDB0000192",NA,NA,NA,NA,"","Cystine"
297,402,17747,158164,"Lipid","Sphingosines",3160,"NAMED","WWUZIQQURGPMPG-CCEZHUSRSA-N","CCCCCCCCCCCCC/C=C/C(C(CO)N)O","sphingosine","sphingosine",NA,"hmdb:HMDB0000252","pubchem:5280335","chemspider:4510275","kegg:C00319","CAS:123-78-4","hmdb:HMDB0000252",NA,NA,NA,NA,"","Sphingosine"
302,402,1114,161304,"Lipid","Secondary Bile Acid Metabolism",3480,"NAMED","KXGVEGMKQFWNSR-OHAQSFBXSA-N","CC12[C@@]([C@]3([H])CC[C@]4([H])C[C@H](O)CC[C@]4(C)[C@@]3([H])C[C@@H]2O)([H])CC[C@]1([H])[C@]([H])(C)CCC(O)=O","deoxycholate","deoxycholate",NA,"hmdb:HMDB0000626","pubchem:222528,440355","chemspider:389318","kegg:C04483","CAS:83-44-3","hmdb:HMDB0000626",NA,NA,NA,NA,"","Deoxycholic acid"
310,400,15705,155581,"Amino Acid","Methionine, Cysteine, SAM and Taurine Metabolism",453,"NAMED","ILRYLPWNYFXEMH-UHFFFAOYSA-N","OC(C(CCSCC(N)C(O)=O)N)=O","cystathionine","cystathionine",NA,"hmdb:HMDB0000099","pubchem:439258","chemspider:811","kegg:C02291","CAS:535-34-2","hmdb:HMDB0000099",NA,NA,NA,NA,"","Cystathionine"
313,402,17769,158166,"Lipid","Sphingolipid Synthesis",3001,"NAMED","OTKJDMGTUTTYMP-UHFFFAOYSA-N","CCCCCCCCCCCCCCCC(C(CO)N)O","sphinganine","sphinganine",NA,"hmdb:HMDB0000269","pubchem:3126","chemspider:3014","kegg:C00836","CAS:3102-56-5","hmdb:HMDB0000269",NA,NA,NA,NA,"","Sphinganine"
330,305,1643,146876,"Energy","TCA Cycle",1450,"NAMED","VZCYOOQTPOCHFL-OWOJBTEDSA-N","OC(/C=C/C(O)=O)=O","fumarate","fumarate",NA,"hmdb:HMDB0000134","pubchem:444972","chemspider:10197150","kegg:C00122","CAS:100-17-8","hmdb:HMDB0000134",NA,NA,NA,NA,"","Fumaric acid"
331,400,36738,156248,"Peptide","Gamma-glutamyl Amino Acid",634,"NAMED","OWQDWQKWSLFFFR-UHFFFAOYSA-N","O=C(O)C(N)CCC(NC(C(O)=O)CCC(O)=O)=O","gamma-glutamylglutamate","gamma-glutamylglutamate",NA,"hmdb:HMDB0011737","pubchem:92865","chemspider:83831","kegg:C05282","CAS:1116-22-9","hmdb:HMDB0011737",NA,NA,NA,NA,"","gamma-Glu-Glu"
338,305,587,147098,"Xenobiotics","Food Component/Plant",4806,"NAMED","RGHNJXZEOKUKBD-SQOUGZDYSA-N","OC([C@H](O)[C@@H](O)[C@H](O)[C@H](O)CO)=O","gluconate","gluconate",NA,"hmdb:HMDB0000625","pubchem:10690,3085666","chemspider:10240","kegg:C00257","CAS:527-07-1","hmdb:HMDB0000625",NA,NA,NA,NA,"","Gluconic acid"
339,305,396,146390,"Lipid","Fatty Acid, Dicarboxylate",1660,"NAMED","JFCQEDHGNNZCLN-UHFFFAOYSA-N","OC(CCCC(O)=O)=O","glutarate (C5-DC)","glutarate (C5-DC)",NA,"hmdb:HMDB0000661","pubchem:743,4418048","chemspider:3618533","kegg:C00489","CAS:110-94-1","hmdb:HMDB0000661",NA,NA,NA,NA,"","Glutaric acid"
340,400,58,160611,"Amino Acid","Glycine, Serine and Threonine Metabolism",1,"NAMED","DHMQDGOQFOQNFH-UHFFFAOYSA-N","NCC(O)=O","glycine","glycine",NA,"hmdb:HMDB0000123","pubchem:750","chemspider:730","kegg:C00037","CAS:56-40-6","hmdb:HMDB0000123",NA,NA,NA,NA,"","Glycine"
342,209,18476,126842,"Lipid","Primary Bile Acid Metabolism",3455,"NAMED","RFDAIACWWDREDC-FRVQLJSFSA-N","O=C(CNC(CC[C@H]([C@@H]1[C@@]2(C)[C@@H](O)C[C@]3([H])[C@@]4(C)CC[C@@H](O)C[C@@]4([H])C[C@@H](O)[C@@]3([H])[C@]2([H])CC1)C)=O)O","glycocholate","glycocholate",NA,"hmdb:HMDB0000138","pubchem:10140","chemspider:9734","kegg:C01921","CAS:475-31-0,863-57-0","hmdb:HMDB0000138",NA,NA,NA,NA,"","Glycocholic acid"
344,305,43802,147630,"Amino Acid","Creatine Metabolism",527,"NAMED","BPMFZUMJYQTVII-UHFFFAOYSA-N","NC(NCC(O)=O)=N","guanidinoacetate","guanidinoacetate",NA,"hmdb:HMDB0000128","pubchem:763","chemspider:743","kegg:C00581","CAS:352-97-6","hmdb:HMDB0000128",NA,NA,NA,NA,"","Guanidoacetic acid"
355,209,59,123153,"Amino Acid","Histidine Metabolism",70,"NAMED","HNDVDQJCIGZPNO-UHFFFAOYSA-N","NC(C(O)=O)CC1=CN=CN1","histidine","histidine",NA,"hmdb:HMDB0000177","pubchem:6274","chemspider:752","kegg:C00135","CAS:5934-29-2","hmdb:HMDB0000177",NA,NA,NA,NA,"","Histidine"
356,209,1712,124815,"Lipid","Corticosteroids",3306,"NAMED","JYGXADMDTFJGBT-VWUMJDOOSA-N","O[C@@]1([C@@](CO)=O)[C@]2(C)[C@](CC1)([H])[C@@](CCC3=CC4=O)([H])[C@]([C@@]3(C)CC4)([H])[C@@H](O)C2","cortisol","cortisol",NA,"hmdb:HMDB0000063","pubchem:5754","","kegg:C00735","CAS:50-23-7","hmdb:HMDB0000063",NA,NA,NA,NA,"","Cortisol"
358,305,590,146416,"Amino Acid","Methionine, Cysteine, SAM and Taurine Metabolism",470,"NAMED","VVIUBCNYACGLLV-UHFFFAOYSA-N","NCCS(O)=O","hypotaurine","hypotaurine",NA,"hmdb:HMDB0000965","pubchem:107812","chemspider:96959","kegg:C00519","CAS:300-84-5","hmdb:HMDB0000965",NA,NA,NA,NA,"","Hypotaurine"
361,209,1123,123191,"Nucleotide","Purine Metabolism, (Hypo)Xanthine/Inosine containing",4120,"NAMED","UGQMRVRMYYASKQ-KQYNXXCUSA-N","O[C@H]1[C@H](N2C(N=CN=C3O)=C3N=C2)O[C@H](CO)[C@H]1O","inosine","inosine",NA,"hmdb:HMDB0000195","pubchem:6021","chemspider:21241953","kegg:C00294","CAS:58-63-9","hmdb:HMDB0000195",NA,NA,NA,NA,"","Inosine"
362,400,2133,155461,"Nucleotide","Purine Metabolism, (Hypo)Xanthine/Inosine containing",4119,"NAMED","GRSZFWQUAKGDAV-UHFFFAOYSA-N","OC1C(C(N2C=NC3=C2N=CNC3=O)OC1COP(O)(O)=O)O","inosine 5'-monophosphate (IMP)","inosine 5'-monophosphate (IMP)",NA,"hmdb:HMDB0000175","pubchem:8582","chemspider:5482599","kegg:C00130","CAS:4691-65-0","hmdb:HMDB0000175",NA,NA,NA,NA,"","IMP"
363,305,1124,145716,"Lipid","Inositol Metabolism",2202,"NAMED","CDAISMWEOUEBRE-GPIVLXJGSA-N","O[C@@H]1[C@@H](O)[C@H](O)[C@H](O)[C@H](O)[C@H]1O","myo-inositol","myo-inositol",NA,"hmdb:HMDB0000211","pubchem:892","chemspider:10239179","kegg:C00137","CAS:87-89-8","hmdb:HMDB0000211",NA,NA,NA,NA,"","Myo-inositol"
376,400,1125,155350,"Amino Acid","Leucine, Isoleucine and Valine Metabolism",385,"NAMED","AGPKZVBTJJNPAG-UHFFFAOYSA-N","NC(C(O)=O)C(C)CC","isoleucine","isoleucine",NA,"hmdb:HMDB0000172","pubchem:6306","chemspider:769","kegg:C06418,C00407,C16424","CAS:73-32-5","hmdb:HMDB0000172",NA,NA,NA,NA,"","Isoleucine"
381,305,6146,147948,"Amino Acid","Lysine Metabolism",123,"NAMED","OYIFNHCXNCRBQI-UHFFFAOYSA-N","OC(CCCC(N)C(O)=O)=O","2-aminoadipate","2-aminoadipate",NA,"hmdb:HMDB0000510","pubchem:92136","chemspider:456","kegg:C00956","CAS:1118-90-7,542-32-5","hmdb:HMDB0000510",NA,NA,NA,NA,"","alpha-Aminoadipic acid"
391,400,2132,155460,"Amino Acid","Urea cycle; Arginine and Proline Metabolism",492,"NAMED","RHGKLRLOHDJJDR-UHFFFAOYSA-N","NC(C(O)=O)CCCNC(N)=O","citrulline","citrulline",NA,"hmdb:HMDB0000904","pubchem:9750","chemspider:810","kegg:C00327","CAS:372-75-8","hmdb:HMDB0000904",NA,NA,NA,NA,"","Citrulline"
393,305,567,147468,"Carbohydrate","Disaccharides and Oligosaccharides",1305,"NAMED","GUBGYTABKSRVRQ-DCSYEGIMSA-N","O[C@H]1[C@H](O[C@H]2[C@H](O)[C@@H](O)[C@H](O)O[C@@H]2CO)O[C@H](CO)[C@H](O)[C@@H]1O","lactose","lactose",NA,"hmdb:HMDB0041627","pubchem:6134","chemspider:5904","kegg:C01970","CAS:5965-66-2","hmdb:HMDB0041627",NA,NA,NA,NA,"","Lactose"
397,400,60,155300,"Amino Acid","Leucine, Isoleucine and Valine Metabolism",332,"NAMED","ROHFNLRQFUQHCH-YFKPBYRVSA-N","O=C([C@H](CC(C)C)N)O","leucine","leucine",NA,"hmdb:HMDB0000687","pubchem:6106","","kegg:C00123","CAS:61-90-5","hmdb:HMDB0000687",NA,NA,NA,NA,"","Leucine"
407,400,1301,155354,"Amino Acid","Lysine Metabolism",105,"NAMED","KDXKERNSBIXSRK-UHFFFAOYSA-N","NC(C(O)=O)CCCCN","lysine","lysine",NA,"hmdb:HMDB0003405","pubchem:5962","chemspider:5747","kegg:C00739,C00047","CAS:56-87-1","hmdb:HMDB0003405",NA,NA,NA,NA,"","Lysine"
409,209,1303,123199,"Energy","TCA Cycle",1452,"NAMED","BJEPYKJPYRNKOW-UHFFFAOYSA-N","OC(C(O)=O)CC(O)=O","malate","malate",NA,"hmdb:HMDB0031518,HMDB0000156,HMDB0000744","pubchem:525","chemspider:510","kegg:C00149,C00711,C00497","CAS:6915-15-7","hmdb:HMDB0031518",NA,NA,NA,NA,"","Malic acid"
413,209,1581,164709,"Amino Acid","Tryptophan Metabolism",291,"NAMED","DRLFMBDRBRZALE-UHFFFAOYSA-N","COC(C=C1)=CC2=C1NC=C2CCNC(C)=O","melatonin","melatonin",NA,"hmdb:HMDB0001389","pubchem:896","chemspider:872","kegg:D08170,C01598","CAS:73-31-4","hmdb:HMDB0001389",NA,NA,NA,NA,"","Melatonin"
415,400,1302,155355,"Amino Acid","Methionine, Cysteine, SAM and Taurine Metabolism",434,"NAMED","FFEARJCKVFRZRR-UHFFFAOYSA-N","CSCCC(N)C(O)=O","methionine","methionine",NA,"hmdb:HMDB0000696","pubchem:6137","chemspider:5907","kegg:C00073","CAS:63-68-3","hmdb:HMDB0000696",NA,NA,NA,NA,"","Methionine"
418,305,1496,145730,"Lipid","Fatty Acid Metabolism (also BCAA Metabolism)",1775,"NAMED","ZIYVHBGGAOATLY-UHFFFAOYSA-N","O=C(C(C(O)=O)C)O","methylmalonate (MMA)","methylmalonate (MMA)",NA,"hmdb:HMDB0000202","pubchem:487","chemspider:473","kegg:C02170","CAS:516-05-2","hmdb:HMDB0000202",NA,NA,NA,NA,"","Methylmalonic acid"
424,209,1336,125720,"Lipid","Long Chain Saturated Fatty Acid",1511,"NAMED","IPCSVZSSVZVIGE-UHFFFAOYSA-N","OC(CCCCCCCCCCCCCCC)=O","palmitate (16:0)","palmitate (16:0)",NA,"hmdb:HMDB0000220","pubchem:985","chemspider:960","kegg:C00249","CAS:57-10-3","hmdb:HMDB0000220",NA,NA,NA,NA,"","Palmitic acid"
432,400,594,155332,"Cofactors and Vitamins","Nicotinate and Nicotinamide Metabolism",4305,"NAMED","DFPAKSUCGFBDDF-UHFFFAOYSA-N","NC(C1=CN=CC=C1)=O","nicotinamide","nicotinamide",NA,"hmdb:HMDB0001406","pubchem:936","chemspider:911","kegg:C00153","CAS:98-92-0","hmdb:HMDB0001406",NA,NA,NA,NA,"","Niacinamide"
439,209,1358,125724,"Lipid","Long Chain Saturated Fatty Acid",1515,"NAMED","QIQXTHQIDYTFRH-UHFFFAOYSA-N","CCCCCCCCCCCCCCCCCC(O)=O","stearate (18:0)","stearate (18:0)",NA,"hmdb:HMDB0000827","pubchem:5281","chemspider:5091","kegg:C01530","CAS:57-11-4","hmdb:HMDB0000827",NA,NA,NA,NA,"","Stearic acid"
444,400,1493,155375,"Amino Acid","Urea cycle; Arginine and Proline Metabolism",487,"NAMED","AHLPHDHHMVZTML-BYPYZUCNSA-N","O=C(O)[C@@H](N)CCCN","ornithine","ornithine",NA,"hmdb:HMDB0000214","pubchem:6262","chemspider:6026","kegg:C00077","CAS:3184-13-2","hmdb:HMDB0000214",NA,NA,NA,NA,"","Ornithine"
445,305,1505,146440,"Nucleotide","Pyrimidine Metabolism, Orotate containing",4208,"NAMED","PXQPEWDEAKTCGB-UHFFFAOYSA-N","O=C(C1=CC(O)=NC(O)=N1)O","orotate","orotate",NA,"hmdb:HMDB0000226","pubchem:967","chemspider:942","kegg:C00295","CAS:50887-69-9","hmdb:HMDB0000226",NA,NA,NA,NA,"","Orotic acid"
452,209,33447,126083,"Lipid","Long Chain Monounsaturated Fatty Acid",1530,"NAMED","SECPZKHBENQXJG-FPLPWBNLSA-N","CCCCCC\C=C/CCCCCCCC(O)=O","palmitoleate (16:1n7)","palmitoleate (16:1n7)",NA,"hmdb:HMDB0003229","pubchem:445638","chemspider:393216","kegg:C08362","CAS:373-49-9","hmdb:HMDB0003229",NA,NA,NA,NA,"","Palmitoleic acid"
460,400,64,155301,"Amino Acid","Phenylalanine Metabolism",140,"NAMED","COLNVLDHVKWLRT-UHFFFAOYSA-N","NC(C(O)=O)CC1=CC=CC=C1","phenylalanine","phenylalanine",NA,"hmdb:HMDB0000159","pubchem:6140","chemspider:5910","kegg:C00079","CAS:63-91-2","hmdb:HMDB0000159",NA,NA,NA,NA,"","Phenylalanine"
461,400,42109,156915,"Energy","Oxidative Phosphorylation",1469,"NAMED","NBIIXXVUZAFLBC-UHFFFAOYSA-N","O=P(O)(O)O","phosphate","phosphate",NA,"hmdb:HMDB0001429","pubchem:1061","chemspider:1032","kegg:C00009","CAS:7664-38-2","hmdb:HMDB0001429",NA,NA,NA,NA,"","Phosphoric acid"
466,209,598,143837,"Xenobiotics","Food Component/Plant",5000,"NAMED","RLCKHJSFHOZMDR-UHFFFAOYSA-N","CC(CCCC(CCCC(CCCC(C)C)C)C)CC(O)=O","phytanate","phytanate",NA,"hmdb:HMDB0000801","pubchem:26840","chemspider:10140204","kegg:C01607","CAS:14721-66-5","hmdb:HMDB0000801",NA,NA,NA,NA,"","Phytanic acid"
477,209,38271,151095,"Lipid","Fatty Acid, Branched",1653,"NAMED","PAHGJZDQXIOYTH-UHFFFAOYSA-N","CC(C)CCCC(C)CCCC(C)CCCC(C)C(O)=O","pristanate","pristanate",NA,"hmdb:HMDB0000795","pubchem:123929","chemspider:110458","","CAS:1189-37-3","hmdb:HMDB0000795",NA,NA,NA,NA,"","Pristanic acid"
480,209,1898,124599,"Amino Acid","Urea cycle; Arginine and Proline Metabolism",495,"NAMED","ONIBWKKTOPOVIA-UHFFFAOYSA-N","OC(C1CCCN1)=O","proline","proline",NA,"hmdb:HMDB0000162,HMDB0003411","pubchem:8988,145742,614","chemspider:128566","kegg:C00148,C000763","CAS:147-85-3","hmdb:HMDB0000162",NA,NA,NA,NA,"","Proline"
482,209,527,123163,"Carbohydrate","Glycolysis, Gluconeogenesis, and Pyruvate Metabolism",1240,"NAMED","JVTAAEKCZFNVCJ-UHFFFAOYSA-N","CC(O)C(O)=O","lactate","lactate",NA,"hmdb:HMDB0000190","pubchem:612","chemspider:592","kegg:C00186","CAS:79-33-4","hmdb:HMDB0000190",NA,NA,NA,NA,"","Lactic acid"
498,402,1806,165222,"Cofactors and Vitamins","Vitamin A Metabolism",4430,"NAMED","FPIPGXGPPPQFEQ-OVSJKPMPSA-N","C/C(/C=C/C(C(C)(CCC1)C)=C1C)=C\C=C\C(C)=C\CO","retinol (Vitamin A)","retinol (Vitamin A)",NA,"hmdb:HMDB0000305","pubchem:445354","chemspider:393012","kegg:C00473","CAS:68-26-8","hmdb:HMDB0000305",NA,NA,NA,NA,"","Retinol"
501,305,1515,164364,"Xenobiotics","Drug - Topical Agents",5960,"NAMED","YGSDEFSMJLZEOE-UHFFFAOYSA-N","OC1=C(C(O)=O)C=CC=C1","salicylate","salicylate",NA,"hmdb:HMDB0001895","pubchem:338","chemspider:331","kegg:C00805","CAS:69-72-7","hmdb:HMDB0001895",NA,NA,NA,NA,"","Salicylic acid"
503,400,1648,155437,"Amino Acid","Glycine, Serine and Threonine Metabolism",10,"NAMED","MTCFGRXMJLQNBG-REOHCLBHSA-N","OC([C@@H](N)CO)=O","serine","serine",NA,"hmdb:HMDB0000187","pubchem:5951","chemspider:5736","kegg:C00065","CAS:56-45-1","hmdb:HMDB0000187",NA,NA,NA,NA,"","Serine"
504,400,2342,155468,"Amino Acid","Tryptophan Metabolism",287,"NAMED","QZAYGJVTTNCVMB-UHFFFAOYSA-N","NCCC1=CNC(C=C2)=C1C=C2O","serotonin","serotonin",NA,"hmdb:HMDB0000259","pubchem:5202","chemspider:5013","kegg:C00780","CAS:153-98-0","hmdb:HMDB0000259",NA,NA,NA,NA,"","Serotonin"
507,400,603,155336,"Amino Acid","Polyamine Metabolism",552,"NAMED","PFNFFQXMRSDOHW-UHFFFAOYSA-N","NCCCNCCCCNCCCN","spermine","spermine",NA,"hmdb:HMDB0001256","pubchem:1103","chemspider:1072","kegg:C00750","CAS:71-44-3","hmdb:HMDB0001256",NA,NA,NA,NA,"","Spermine"
512,400,2125,155458,"Amino Acid","Methionine, Cysteine, SAM and Taurine Metabolism",471,"NAMED","XOAAWQZATWQOTB-UHFFFAOYSA-N","NCCS(=O)(O)=O","taurine","taurine",NA,"hmdb:HMDB0000251","pubchem:1123","chemspider:1091","kegg:C00245","CAS:107-35-7","hmdb:HMDB0000251",NA,NA,NA,NA,"","Taurine"
519,209,1365,125728,"Lipid","Long Chain Saturated Fatty Acid",1508,"NAMED","TUNFSRHWOTWDNC-UHFFFAOYSA-N","OC(CCCCCCCCCCCCC)=O","myristate (14:0)","myristate (14:0)",NA,"hmdb:HMDB0000806","pubchem:11005","chemspider:10539","kegg:C06424","CAS:544-63-8","hmdb:HMDB0000806",NA,NA,NA,NA,"","Myristic acid"
533,400,1670,155443,"Amino Acid","Urea cycle; Arginine and Proline Metabolism",485,"NAMED","XSQUKJJJFZCRTK-UHFFFAOYSA-N","O=C(N)N","urea","urea",NA,"hmdb:HMDB0000294","pubchem:1176","chemspider:1143","kegg:C00086","CAS:57-13-6","hmdb:HMDB0000294",NA,NA,NA,NA,"","Urea"
535,209,606,123185,"Nucleotide","Pyrimidine Metabolism, Uracil containing",4220,"NAMED","DRTQHJPVMGBUCF-UHFFFAOYSA-N","OC1C(N(C=CC2=O)C(N2)=O)OC(CO)C1O","uridine","uridine",NA,"hmdb:HMDB0000296","pubchem:6029","chemspider:5807","kegg:C00299","CAS:58-96-8","hmdb:HMDB0000296",NA,NA,NA,NA,"","Uridine"
536,209,52602,165330,"Nucleotide","Pyrimidine Metabolism, Uracil containing",4236,"NAMED","MXHRCPNRJAMMIM-UHFFFAOYSA-N","O=C(NC1=O)N(C=C1)C(CC2O)OC2CO","2'-deoxyuridine","2'-deoxyuridine",NA,"hmdb:HMDB0000012","pubchem:13712","chemspider:13118","kegg:C00526","CAS:951-78-0","hmdb:HMDB0000012",NA,NA,NA,NA,"","Deoxyuridine"
537,400,607,155340,"Amino Acid","Histidine Metabolism",78,"NAMED","LOIYMIARKYCTBW-OWOJBTEDSA-N","O=C(O)/C=C/C1=CNC=N1","trans-urocanate","trans-urocanate",NA,"hmdb:HMDB0000301","pubchem:736715","chemspider:643824","kegg:C00785","CAS:104-98-3","hmdb:HMDB0000301",NA,NA,NA,NA,"","Urocanic acid"
561,400,57,155297,"Amino Acid","Glutamate Metabolism",44,"NAMED","WHUUTDBJXJRKMK-VKHMYHEASA-N","O=C(O)[C@@H](N)CCC(O)=O","glutamate","glutamate",NA,"hmdb:HMDB0000148","pubchem:33032","chemspider:591","kegg:C00025,C00217","CAS:56-86-0","hmdb:HMDB0000148",NA,NA,NA,NA,"","Glutamic acid"
563,400,53,155293,"Amino Acid","Glutamate Metabolism",45,"NAMED","ZDXPYRJPNDTMRX-VKHMYHEASA-N","OC([C@@H](N)CCC(N)=O)=O","glutamine","glutamine",NA,"hmdb:HMDB0000641","pubchem:5961","chemspider:5746","kegg:C00064","CAS:56-85-9","hmdb:HMDB0000641",NA,NA,NA,NA,"","Glutamine"
564,400,1284,155352,"Amino Acid","Glycine, Serine and Threonine Metabolism",17,"NAMED","AYFVYJQAPQTCCC-GBXIJSLDSA-N","N[C@H](C(O)=O)[C@H](O)C","threonine","threonine",NA,"hmdb:HMDB0000167","pubchem:6288","chemspider:6051","kegg:C00188","CAS:72-19-5","hmdb:HMDB0000167",NA,NA,NA,NA,"","Threonine"
565,400,54,155294,"Amino Acid","Tryptophan Metabolism",254,"NAMED","QIVBCDIJIAJPQS-VIFPVBQESA-N","O=C(O)[C@@H](N)CC1=CNC2=C1C=CC=C2","tryptophan","tryptophan",NA,"hmdb:HMDB0000929","pubchem:6305","chemspider:6066","kegg:C00078","CAS:73-22-3","hmdb:HMDB0000929",NA,NA,NA,NA,"","Tryptophan"
566,400,1649,155438,"Amino Acid","Leucine, Isoleucine and Valine Metabolism",416,"NAMED","KZSNJWFQEVHDMF-BYPYZUCNSA-N","N[C@H](C(O)=O)C(C)C","valine","valine",NA,"hmdb:HMDB0000883","pubchem:6287","chemspider:6050","kegg:C00183","CAS:72-18-4","hmdb:HMDB0000883",NA,NA,NA,NA,"","Valine"
572,305,48152,151982,"Carbohydrate","Glycolysis, Gluconeogenesis, and Pyruvate Metabolism",1223,"NAMED","WQZGKKKJIJFFOK-DVKNGEFBSA-N","O[C@H]1O[C@H](CO)[C@@H](O)[C@H](O)[C@H]1O","glucose","glucose",NA,"hmdb:HMDB0000122","pubchem:5793","chemspider:71358","kegg:C00031","CAS:50-99-7","hmdb:HMDB0000122",NA,NA,NA,NA,"","Glucose"
796,305,4968,152126,"Amino Acid","Methionine, Cysteine, SAM and Taurine Metabolism",454,"NAMED","TYEYBOSBBBHJIV-UHFFFAOYSA-N","OC(C(CC)=O)=O","alpha-ketobutyrate","alpha-ketobutyrate",NA,"hmdb:HMDB0000005","pubchem:58","chemspider:2829426","kegg:C00109","CAS:600-18-0","hmdb:HMDB0000005",NA,NA,NA,NA,"","3-Methyl pyruvic acid"
798,209,555,124777,"Nucleotide","Purine Metabolism, Adenine containing",4147,"NAMED","OIRDTQYFTABQOQ-KQYNXXCUSA-N","NC1=NC=NC2=C1N=CN2[C@@]3([H])[C@@](O)([H])[C@@](O)([H])[C@](CO)([H])O3","adenosine","adenosine",NA,"hmdb:HMDB0000050","pubchem:60961","chemspider:54923","kegg:C00212","CAS:58-61-7","hmdb:HMDB0000050",NA,NA,NA,NA,"","Adenosine"
799,400,3141,155487,"Amino Acid","Glycine, Serine and Threonine Metabolism",7,"NAMED","KWIUHFFTVRNATP-UHFFFAOYSA-N","O=C(C[N+](C)(C)C)[O-]","betaine","betaine",NA,"hmdb:HMDB0000043","pubchem:247","chemspider:19951173,242","kegg:C00719","CAS:107-43-7","hmdb:HMDB0000043",NA,NA,NA,NA,"","Betaine"
800,400,1868,155454,"Amino Acid","Methionine, Cysteine, SAM and Taurine Metabolism",455,"NAMED","XUJNEKJLAYXESH-REOHCLBHSA-N","SC[C@H](N)C(O)=O","cysteine","cysteine",NA,"hmdb:HMDB0000574","pubchem:5862","chemspider:5653","kegg:C00097","CAS:56-89-3,52-90-4","hmdb:HMDB0000574",NA,NA,NA,NA,"","Cysteine"
803,305,48153,152039,"Carbohydrate","Fructose, Mannose and Galactose Metabolism",1353,"NAMED","WQZGKKKJIJFFOK-DXQLJALPSA-N","O[C@@H]1C(CO)O[C@@H](O)[C@@H](O)[C@H]1O","mannose","mannose",NA,"hmdb:HMDB0000169","pubchem:82308,439680,185698,18950","chemspider:141983","kegg:C00159,C02209,C00936","CAS:3458-28-4","hmdb:HMDB0000169",NA,NA,NA,NA,"","Mannose"
806,400,5086,155492,"Amino Acid","Glycine, Serine and Threonine Metabolism",6,"NAMED","FFDGPVCHZBVARC-UHFFFAOYSA-N","CN(C)CC(O)=O","dimethylglycine","dimethylglycine",NA,"hmdb:HMDB0000092","pubchem:673","chemspider:653","kegg:C03626","CAS:1118-68-9","hmdb:HMDB0000092",NA,NA,NA,NA,"","Dimethylglycine"
811,400,1126,155351,"Amino Acid","Alanine and Aspartate Metabolism",29,"NAMED","QNAYBMKLOCPYGJ-REOHCLBHSA-N","O=C(O)[C@@H](N)C","alanine","alanine",NA,"hmdb:HMDB0000161","pubchem:5950","chemspider:5735","kegg:C00041","CAS:56-41-7","hmdb:HMDB0000161",NA,NA,NA,NA,"","Alanine"
815,209,1299,124543,"Amino Acid","Tyrosine Metabolism",162,"NAMED","OUYCCCASQSFEME-QMMMGPOBSA-N","N[C@@H](CC1=CC=C(O)C=C1)C(O)=O","tyrosine","tyrosine",NA,"hmdb:HMDB0000158","pubchem:6057","chemspider:5833","kegg:C00082","CAS:60-18-4","hmdb:HMDB0000158",NA,NA,NA,NA,"","Tyrosine"
818,305,15872,147518,"Lipid","Fatty Acid Synthesis",1473,"NAMED","OFOBLEOULBTSOW-UHFFFAOYSA-N","O=C(O)CC(O)=O","malonate","malonate",NA,"hmdb:HMDB0000691","pubchem:867","chemspider:844","kegg:C00383","CAS:26522-22-85-0,141-82-2","hmdb:HMDB0000691",NA,NA,NA,NA,"","Malonic acid"
821,209,33442,125870,"Nucleotide","Pyrimidine Metabolism, Uracil containing",4222,"NAMED","PTJWIQPHWPFNBW-GBNDHIKLSA-N","O[C@]1([H])[C@@](O)([H])[C@](CO)([H])O[C@]1(C2=CNC(NC2=O)=O)[H]","pseudouridine","pseudouridine",NA,"hmdb:HMDB0000767","pubchem:15047","chemspider:21403010","kegg:C02067","CAS:1445-07-4","hmdb:HMDB0000767",NA,NA,NA,NA,"","Pseudouridine"
823,209,42582,123329,"Carbohydrate","Glycolysis, Gluconeogenesis, and Pyruvate Metabolism",1239,"NAMED","LCTONWCANYUPML-UHFFFAOYSA-N","CC(C(O)=O)=O","pyruvate","pyruvate",NA,"hmdb:HMDB0000243","pubchem:1060","chemspider:96901","kegg:C00022","CAS:127-17-3","hmdb:HMDB0000243",NA,NA,NA,NA,"","Pyruvic acid"
825,305,605,146422,"Nucleotide","Pyrimidine Metabolism, Uracil containing",4221,"NAMED","ISAKRJDGNUQOIC-UHFFFAOYSA-N","O=C(NC=C1)NC1=O","uracil","uracil",NA,"hmdb:HMDB0000300","pubchem:1174","chemspider:1141","kegg:C00106","CAS:66-22-8","hmdb:HMDB0000300",NA,NA,NA,NA,"","Uracil"
826,305,15581,146484,"Carbohydrate","Pentose Metabolism",1267,"NAMED","PYMYPHUHKUWMLA-VPENINKCSA-N","O=C[C@@H]([C@H]([C@@H](CO)O)O)O","xylose","xylose",NA,"hmdb:HMDB0000098","pubchem:135191","chemspider:85957","kegg:C00181","CAS:609-06-3","hmdb:HMDB0000098",NA,NA,NA,NA,"","Xylose"
827,209,514,123161,"Nucleotide","Pyrimidine Metabolism, Cytidine containing",4252,"NAMED","UHDGCWIWMRVCDJ-XVFCMESISA-N","OC[C@@H]1[C@H]([C@H]([C@H](N2C(N=C(C=C2)N)=O)O1)O)O","cytidine","cytidine",NA,"hmdb:HMDB0000089","pubchem:6175","chemspider:5940","kegg:C00475","CAS:65-46-3","hmdb:HMDB0000089",NA,NA,NA,NA,"","Cytidine"
828,305,575,146408,"Carbohydrate","Pentose Metabolism",1269,"NAMED","SRBFZHDQGSBBOR-SQOUGZDYSA-N","O[C@@H]1CO[C@@H](O)[C@@H](O)[C@@H]1O","arabinose","arabinose",NA,"hmdb:HMDB0029942","pubchem:66308","chemspider:59687","kegg:C00216","CAS:28697-53-2","hmdb:HMDB0029942",NA,NA,NA,NA,"","Arabinose"
848,400,553,155318,"Xenobiotics","Tobacco Metabolite",4611,"NAMED","UIKROCXWUNQSPJ-VIFPVBQESA-N","O=C1CC[C@@H]([C@]2=CN=CC=C2)N1C","cotinine","cotinine",NA,"hmdb:HMDB0001046","pubchem:408","chemspider:746405","","CAS:486-56-6","hmdb:HMDB0001046",NA,NA,NA,NA,"","Cotinine"
849,400,569,155325,"Xenobiotics","Xanthine Metabolism",4591,"NAMED","RYYVLZVUVIJVGH-UHFFFAOYSA-N","O=C(N(C)C1=C2N(C)C=N1)N(C)C2=O","caffeine","caffeine",NA,"hmdb:HMDB0001847","pubchem:2519","chemspider:2424","kegg:C07481","CAS:58-08-2","hmdb:HMDB0001847",NA,NA,NA,NA,"","Caffeine"
873,400,5341,155495,"Cofactors and Vitamins","Thiamine Metabolism",4421,"NAMED","OHQKBYLHTFYNQF-UHFFFAOYSA-N","NC1=C(C[N+]2=CSC(CC[O-])=C2C)C=NC(C)=N1","thiamin (Vitamin B1)","thiamin (Vitamin B1)",NA,"hmdb:HMDB0000235","pubchem:1130","","kegg:DG00125,C00378,D08580","CAS:59-43-8","hmdb:HMDB0000235",NA,NA,NA,NA,"","Thiamine"
878,305,48195,153126,"Carbohydrate","Fructose, Mannose and Galactose Metabolism",1347,"NAMED","RFSUNEUAIZKAJO-ARQDHWQXSA-N","OC[C@@]1(O)O[C@H](CO)[C@@H](O)[C@@H]1O","fructose","fructose",NA,"hmdb:HMDB0000660","pubchem:2723872","chemspider:5764","kegg:C00095","CAS:57-48-7","hmdb:HMDB0000660",NA,NA,NA,NA,"","Fructose"
880,400,554,155319,"Nucleotide","Purine Metabolism, Adenine containing",4148,"NAMED","GFFGJBXGBJISGV-UHFFFAOYSA-N","NC1=NC=NC2=C1N=CN2","adenine","adenine",NA,"hmdb:HMDB0000034","pubchem:190","chemspider:185","kegg:C00147","CAS:73-24-5","hmdb:HMDB0000034",NA,NA,NA,NA,"","Adenine"
881,400,573,155326,"Nucleotide","Pyrimidine Metabolism, Cytidine containing",4253,"NAMED","OPTASPLRGRRNAP-UHFFFAOYSA-N","NC1=NC(NC=C1)=O","cytosine","cytosine",NA,"hmdb:HMDB0000630","pubchem:597","chemspider:577","kegg:C00380","CAS:71-30-7","hmdb:HMDB0000630",NA,NA,NA,NA,"","Cytosine"
888,209,1642,125736,"Lipid","Medium Chain Fatty Acid",1495,"NAMED","GHVNFZFCNZKVNT-UHFFFAOYSA-N","CCCCCCCCCC(O)=O","caprate (10:0)","caprate (10:0)",NA,"hmdb:HMDB0000511","pubchem:2969","chemspider:2863","kegg:C01571","CAS:334-48-5","hmdb:HMDB0000511",NA,NA,NA,NA,"","Capric acid"
891,209,1121,125718,"Lipid","Long Chain Saturated Fatty Acid",1513,"NAMED","KEMQGTRYUADPNZ-UHFFFAOYSA-N","O=C(O)CCCCCCCCCCCCCCCC","margarate (17:0)","margarate (17:0)",NA,"hmdb:HMDB0002259","pubchem:10465","chemspider:10033","","CAS:506-12-7","hmdb:HMDB0002259",NA,NA,NA,NA,"","Margaric acid"
892,209,1356,125722,"Lipid","Long Chain Saturated Fatty Acid",1517,"NAMED","ISYWECDDZWTKFF-UHFFFAOYSA-N","CCCCCCCCCCCCCCCCCCC(O)=O","nonadecanoate (19:0)","nonadecanoate (19:0)",NA,"hmdb:HMDB0000772","pubchem:12591","chemspider:12071","kegg:C16535","CAS:646-30-0","hmdb:HMDB0000772",NA,NA,NA,NA,"","Nonadecenoic acid"
893,209,1118,125716,"Lipid","Long Chain Saturated Fatty Acid",1518,"NAMED","VKOBVWXKNCXXDE-UHFFFAOYSA-N","CCCCCCCCCCCCCCCCCCCC(O)=O","arachidate (20:0)","arachidate (20:0)",NA,"hmdb:HMDB0002212","pubchem:10467","chemspider:10035","kegg:C06425","CAS:506-30-9","hmdb:HMDB0002212",NA,NA,NA,NA,"","Arachidic acid"
913,305,15586,146486,"Carbohydrate","Glycogen Metabolism",1300,"NAMED","GUBGYTABKSRVRQ-ASMJPISFSA-N","O[C@@H]1[C@H]([C@H](O[C@@H]([C@H]1O)CO)O[C@H]2[C@@H]([C@H]([C@H](O[C@@H]2CO)O)O)O)O","maltose","maltose",NA,"hmdb:HMDB0000163","pubchem:10991489","chemspider:388469","kegg:C00208","CAS:6363-53-7","hmdb:HMDB0000163",NA,NA,NA,NA,"","Maltose"
917,400,512,155306,"Amino Acid","Alanine and Aspartate Metabolism",40,"NAMED","DCXYFEDJOCDNAF-REOHCLBHSA-N","NC(C[C@H](N)C(O)=O)=O","asparagine","asparagine",NA,"hmdb:HMDB0000168","pubchem:6267","chemspider:6031","kegg:C00152","CAS:70-47-3","hmdb:HMDB0000168",NA,NA,NA,NA,"","Asparagine"
922,402,1759,211070,"Lipid","Dihydroceramides",3013,"NAMED","KZTJQXAANJHSCE-OIDHKYIRSA-N","CCCCCCCCCCCCCCCCCC(N[C@H]([C@H](O)CCCCCCCCCCCCCCC)CO)=O","N-stearoyl-sphinganine (d18:0/18:0)*","N-stearoyl-sphinganine (d18:0/18:0)*",NA,"hmdb:HMDB0011761","pubchem:5283573","chemspider:4446686","","CAS:2304-80-5","hmdb:HMDB0011761",NA,NA,NA,NA,"","Cer 18:0;O2/18:0"
923,305,601,145712,"Nucleotide","Pyrimidine Metabolism, Orotate containing",4207,"NAMED","UFIVEPVSAGBUSI-UHFFFAOYSA-N","O=C(C(NC1=O)CC(N1)=O)O","dihydroorotate","dihydroorotate",NA,"hmdb:HMDB03349","pubchem:648","chemspider:628","kegg:C00337","CAS:155-54-4","hmdb:HMDB03349",NA,NA,NA,NA,"","4,5-Dihydroorotic acid"
925,209,1644,125738,"Lipid","Medium Chain Fatty Acid",1491,"NAMED","MNWFXJYAOYHMED-UHFFFAOYSA-N","CCCCCCC(O)=O","heptanoate (7:0)","heptanoate (7:0)",NA,"hmdb:HMDB0000666","pubchem:8094","chemspider:7803","kegg:C17714","CAS:111-14-8","hmdb:HMDB0000666",NA,NA,NA,NA,"","Heptylic acid"
926,209,32489,125850,"Lipid","Medium Chain Fatty Acid",1490,"NAMED","FUZZWVXGSFPDMH-UHFFFAOYSA-N","CCCCCC(O)=O","caproate (6:0)","caproate (6:0)",NA,"hmdb:HMDB0000535","pubchem:8892","chemspider:8552","kegg:C01585","CAS:142-62-1","hmdb:HMDB0000535",NA,NA,NA,NA,"","Caproic acid"
932,209,32492,125852,"Lipid","Medium Chain Fatty Acid",1492,"NAMED","WWZKQHOCKIZLMA-UHFFFAOYSA-N","CCCCCCCC(O)=O","caprylate (8:0)","caprylate (8:0)",NA,"hmdb:HMDB0000482","pubchem:379","chemspider:370","kegg:C06423","CAS:124-07-2","hmdb:HMDB0000482",NA,NA,NA,NA,"","Caprylic acid"
935,305,1519,147116,"Carbohydrate","Disaccharides and Oligosaccharides",1326,"NAMED","CZMRCDWAGMRECN-UGDNZRGBSA-N","OC[C@]1(O[C@@H]2[C@@H]([C@H]([C@@H]([C@H](O2)CO)O)O)O)[C@H]([C@@H]([C@@H](CO)O1)O)O","sucrose","sucrose",NA,"hmdb:HMDB0000258","pubchem:5988","chemspider:5768","kegg:C00089","CAS:57-50-1","hmdb:HMDB0000258",NA,NA,NA,NA,"","Sucrose"
980,209,1361,125726,"Lipid","Long Chain Saturated Fatty Acid",1510,"NAMED","WQEPLUUGTLDZJY-UHFFFAOYSA-N","O=C(O)CCCCCCCCCCCCCC","pentadecanoate (15:0)","pentadecanoate (15:0)",NA,"hmdb:HMDB0000826","pubchem:13849","chemspider:13249","kegg:C16537","CAS:10002-84-2,1002-84-2","hmdb:HMDB0000826",NA,NA,NA,NA,"","Pentadecylic acid"
1001,400,32306,155905,"Amino Acid","Urea cycle; Arginine and Proline Metabolism",513,"NAMED","PMMYEEVYMWASQN-DMTCNVIQSA-N","O[C@@H]1C[C@@H](C(O)=O)NC1","trans-4-hydroxyproline","hydroxyproline",NA,"hmdb:HMDB0000725","pubchem:5810","chemspider:5605","kegg:C01157","CAS:51-35-4","hmdb:HMDB0000725",NA,NA,NA,NA,"","Hydroxyproline"
1002,305,1107,146424,"Nucleotide","Purine Metabolism, (Hypo)Xanthine/Inosine containing",4134,"NAMED","POJWUDADGALRAB-UHFFFAOYSA-N","O=C(N1)C(NC(N)=O)NC1=O","allantoin","allantoin",NA,"hmdb:HMDB0000462","pubchem:439714,204,439713","chemspider:199","kegg:C02348,C01551,C02350","CAS:97-59-6","hmdb:HMDB0000462",NA,NA,NA,NA,"","Allantoin"
1004,305,3147,147146,"Nucleotide","Purine Metabolism, (Hypo)Xanthine/Inosine containing",4122,"NAMED","LRFVTYWOQMYALW-UHFFFAOYSA-N","O=C(N1)C(N=CN2)=C2NC1=O","xanthine","xanthine",NA,"hmdb:HMDB0000292","pubchem:1188","chemspider:1151","kegg:C00385","CAS:69-89-6","hmdb:HMDB0000292",NA,NA,NA,NA,"","Xanthine"
1021,209,1494,123209,"Amino Acid","Glutathione Metabolism",579,"NAMED","ODHCTXKNWHHXJC-VKHMYHEASA-N","O=C1CC[C@@H]([C@@](O)=O)N1","5-oxoproline","5-oxoproline",NA,"hmdb:HMDB0000267","pubchem:439685,7405","chemspider:7127","kegg:C02237,C01879","CAS:98-79-3","hmdb:HMDB0000267",NA,NA,NA,NA,"","Pyroglutamic acid"
1022,400,1512,155387,"Amino Acid","Tryptophan Metabolism",282,"NAMED","SIOXPEMLGUPBBT-UHFFFAOYSA-N","O=C(O)C1=NC=CC=C1","picolinate","picolinate",NA,"hmdb:HMDB0002243","pubchem:1018","chemspider:993","kegg:C10164","CAS:98-98-6","hmdb:HMDB0002243",NA,NA,NA,NA,"","Picolinic acid"
1023,400,1516,155390,"Amino Acid","Glycine, Serine and Threonine Metabolism",5,"NAMED","FSYKKLYZXJSNPZ-UHFFFAOYSA-N","CNCC(O)=O","sarcosine","sarcosine",NA,"hmdb:HMDB0000271","pubchem:1088","chemspider:1057","kegg:C00213","CAS:107-97-1","hmdb:HMDB0000271",NA,NA,NA,NA,"","Sarcosine"
1024,209,1508,124797,"Cofactors and Vitamins","Pantothenate and CoA Metabolism",4337,"NAMED","GHOKWGTUZJEAQD-ZETCQYMHSA-N","O=C(NCCC(O)=O)[C@H](O)C(C)(C)CO","pantothenate","pantothenate (Vitamin B5)",NA,"hmdb:HMDB0000210","pubchem:6613","chemspider:6361","kegg:C00864","CAS:137-08-6","hmdb:HMDB0000210",NA,NA,NA,NA,"","Pantothenic acid"
1025,400,1444,155369,"Amino Acid","Lysine Metabolism",131,"NAMED","HXEACLLIILLPRG-UHFFFAOYSA-N","OC(C1NCCCC1)=O","pipecolate","pipecolate",NA,"hmdb:HMDB0000070","","","","CAS:4043-87-2","hmdb:HMDB0000070",NA,NA,NA,NA,"","Pipecolic acid"
1026,400,1600,155428,"Lipid","Phospholipid Metabolism",2239,"NAMED","SUHOOTKUPISOBE-UHFFFAOYSA-N","NCCOP(O)(O)=O","phosphoethanolamine","phosphoethanolamine (PE)",NA,"hmdb:HMDB0000224","pubchem:1015","chemspider:990","kegg:C00346","CAS:1071-23-4","hmdb:HMDB0000224",NA,NA,NA,NA,"","Phosphoethanolamine"
1052,305,1572,146444,"Carbohydrate","Glycolysis, Gluconeogenesis, and Pyruvate Metabolism",1243,"NAMED","RBNPOMFGQQGHHO-UHFFFAOYSA-N","O=C(O)C(O)CO","glycerate","glycerate",NA,"hmdb:HMDB0000139,HMDB0006372","pubchem:439194,752","chemspider:732","kegg:C00258","CAS:600-19-1","hmdb:HMDB0000139",NA,NA,NA,NA,"","Glyceric acid"
1053,400,3155,155489,"Nucleotide","Pyrimidine Metabolism, Uracil containing",4239,"NAMED","JSJWCHRYRHKBBW-UHFFFAOYSA-N","OC(CCNC(N)=O)=O","3-ureidopropionate","3-ureidopropionate",NA,"hmdb:HMDB0000026","pubchem:111","chemspider:109","kegg:C02642","CAS:462-88-4","hmdb:HMDB0000026",NA,NA,NA,NA,"","Ureidopropionic acid"
1082,209,1587,126818,"Amino Acid","Leucine, Isoleucine and Valine Metabolism",336,"NAMED","WXNXCEHXYPACJF-ZETCQYMHSA-N","O=C(O)[C@H](CC(C)C)NC(C)=O","N-acetylleucine","N-acetylleucine",NA,"hmdb:HMDB0011756","pubchem:70912","chemspider:64075","kegg:C02710","CAS:1188-21-2","hmdb:HMDB0011756",NA,NA,NA,NA,"","N-Acetylleucine"
1083,209,1589,124587,"Amino Acid","Methionine, Cysteine, SAM and Taurine Metabolism",435,"NAMED","XUYPXLNMDZIRQH-LURJTMIESA-N","O=C(O)[C@H](CCSC)NC(C)=O","N-acetylmethionine","N-acetylmethionine",NA,"hmdb:HMDB0011745","pubchem:448580","chemspider:395338","kegg:C02712","CAS:65-82-7","hmdb:HMDB0011745",NA,NA,NA,NA,"","N-Acetylmethionine"
1084,209,1591,124807,"Amino Acid","Leucine, Isoleucine and Valine Metabolism",417,"NAMED","IHYJTAOFMMMOPX-LURJTMIESA-N","O=C(O)[C@@H](NC(C)=O)C(C)C","N-acetylvaline","N-acetylvaline",NA,"hmdb:HMDB0011757","pubchem:66789","chemspider:60154","","CAS:96-81-1","hmdb:HMDB0011757",NA,NA,NA,NA,"","N-Acetylvaline"
1087,209,1552,125983,"Lipid","Long Chain Monounsaturated Fatty Acid",1548,"NAMED","DPUOLQHDNGRHBS-KTKRTIGZSA-N","OC(CCCCCCCCCCC\C=C/CCCCCCCC)=O","erucate (22:1n9)","erucate (22:1n9)",NA,"hmdb:HMDB0002068","pubchem:8216,5281116","chemspider:7924","kegg:C08316","CAS:112-86-7","hmdb:HMDB0002068",NA,NA,NA,NA,"","cis-Erucic acid"
1090,402,43807,159596,"Cofactors and Vitamins","Hemoglobin and Porphyrin Metabolism",4409,"NAMED","BPYKTIZUTYGOLE-KDUUSRDASA-N","CC(C(N\1)=O)=C(C=C)C1=C/C2=C(C)C(CCC(O)=O)=C(CC3=C(CCC(O)=O)C(C)=C(/C=C4NC(C(C=C)=C/4C)=O)N3)N2","bilirubin (Z,Z)","bilirubin",NA,"hmdb:HMDB0000054","pubchem:5280352","chemspider:4444055","kegg:C00486","CAS:635-65-4","hmdb:HMDB0000054",NA,NA,NA,NA,"","Bilirubin"
1094,209,2761,161549,"Amino Acid","Tyrosine Metabolism",245,"NAMED","XUIIKFGFIJCVMT-LBPRGKRZSA-N","OC1=C(I)C=C(OC2=C(I)C=C(C[C@H](N)C(O)=O)C=C2I)C=C1I","thyroxine","thyroxine",NA,"hmdb:HMDB0000248","pubchem:5819","chemspider:5614","kegg:C01829","CAS:51-48-9","hmdb:HMDB0000248",NA,NA,NA,NA,"","Thyroxine"
1099,209,1573,124583,"Nucleotide","Purine Metabolism, Guanine containing",4183,"NAMED","NYHBQMYGNKIUIF-UUOKFMHZSA-N","O=C1C(N=CN2[C@@]3([H])[C@@](O)([H])[C@@](O)([H])[C@](CO)([H])O3)=C2N=C(N)N1","guanosine","guanosine",NA,"hmdb:HMDB0000133","pubchem:6802","chemspider:6544","kegg:C00387","CAS:118-00-3","hmdb:HMDB0000133",NA,NA,NA,NA,"","Guanosine"
1102,209,2734,123231,"Peptide","Gamma-glutamyl Amino Acid",646,"NAMED","VVLXCWVSSLFQDS-QWRGUYRKSA-N","OC(C=C1)=CC=C1C[C@@H](C(O)=O)NC(CC[C@@H](C(O)=O)N)=O","gamma-glutamyltyrosine","gamma-glutamyltyrosine",NA,"hmdb:HMDB0011741","pubchem:94340","chemspider:85142","","CAS:7432-23-7","hmdb:HMDB0011741",NA,NA,NA,NA,"","gamma-Glutamyltyrosine"
1104,400,1584,155418,"Xenobiotics","Food Component/Plant",4964,"NAMED","KTHADMDGDNYQRX-UHFFFAOYSA-N","O=C(OC)CC1=CNC2=C1C=CC=C2","methyl indole-3-acetate","methyl indole-3-acetate",NA,"hmdb:HMDB0029738","pubchem:74706","chemspider:67279","","CAS:1912-33-0","hmdb:HMDB0029738",NA,NA,NA,NA,"","Indole-3-methyl acetate"
1105,402,1561,164189,"Cofactors and Vitamins","Tocopherol Metabolism",4361,"NAMED","GVJHHUAWPYXKBD-IEOSBIPESA-N","CC1=C2C(O[C@@](CCC[C@H](C)CCC[C@H](C)CCC[C@H](C)C)(C)CC2)=C(C)C(C)=C1O","alpha-tocopherol","alpha-tocopherol",NA,"hmdb:HMDB0001893","pubchem:86472","chemspider:14265","kegg:C02477","CAS:10191-41-0,59-02-9","hmdb:HMDB0001893",NA,NA,NA,NA,"","alpha-Tocopherol"
1110,209,1585,124585,"Amino Acid","Alanine and Aspartate Metabolism",31,"NAMED","KTHDTJVBEPMMGL-VKHMYHEASA-N","O=C(O)[C@@H](NC(C)=O)C","N-acetylalanine","N-acetylalanine",NA,"hmdb:HMDB0000766","pubchem:88064","chemspider:79449","kegg:C02847","CAS:97-69-8","hmdb:HMDB0000766",NA,NA,NA,NA,"","N-Acetylalanine"
1111,209,1567,124579,"Amino Acid","Tyrosine Metabolism",202,"NAMED","CGQCWMIAEPEHNQ-UHFFFAOYSA-N","OC(C(O)=O)C1=CC=C(O)C(OC)=C1","vanillylmandelate (VMA)","vanillylmandelate (VMA)",NA,"hmdb:HMDB0000291","pubchem:1245","chemspider:1207","kegg:C05584","CAS:55-10-7","hmdb:HMDB0000291",NA,NA,NA,NA,"","Vanillylmandelic acid"
1113,209,1558,124571,"Amino Acid","Polyamine Metabolism",560,"NAMED","UZTFMUBKZQVKLK-UHFFFAOYSA-N","CC(NCCCC(O)=O)=O","4-acetamidobutanoate","4-acetamidobutanoate",NA,"hmdb:HMDB0003681","pubchem:18189","chemspider:17180","kegg:C02946","CAS:3025-96-5","hmdb:HMDB0003681",NA,NA,NA,NA,"","4-Acetamidobutanoic acid"
1114,400,1566,155405,"Nucleotide","Pyrimidine Metabolism, Thymine containing",4284,"NAMED","QCHPKSFMDHPSNR-UHFFFAOYSA-N","O=C(O)C(C)CN","3-aminoisobutyrate","3-aminoisobutyrate",NA,"hmdb:HMDB0002166","pubchem:64956","chemspider:58481","kegg:C05145","CAS:214139-20-5,10569-72-9","hmdb:HMDB0002166",NA,NA,NA,NA,"","3-Aminoisobutanoic acid"
1123,209,1563,125732,"Lipid","Primary Bile Acid Metabolism",3457,"NAMED","RUDATBOHQWOJDD-LXEZOOAESA-N","C[C@]12CC[C@]3([H])[C@@]4(C)CC[C@@H](O)C[C@@]4([H])C[C@@H](O)[C@@]3([H])[C@]1([H])CC[C@@]2(C(CCC(O)=O)C)[H]","chenodeoxycholate","chenodeoxycholate",NA,"hmdb:HMDB0000518","pubchem:10133","","kegg:C02528","CAS:474-25-9,474-24-9","hmdb:HMDB0000518",NA,NA,NA,NA,"","Chenodeoxycholic acid"
1124,209,1564,124575,"Energy","TCA Cycle",1440,"NAMED","KRKNYBCHXYNGOX-UHFFFAOYSA-N","OC(CC(CC(O)=O)(O)C(O)=O)=O","citrate","citrate",NA,"hmdb:HMDB0000094","pubchem:311","chemspider:305","kegg:C00158","CAS:77-92-9","hmdb:HMDB0000094",NA,NA,NA,NA,"","Citric acid"
1125,209,1559,124573,"Nucleotide","Pyrimidine Metabolism, Uracil containing",4232,"NAMED","OIVLITBTBDPEFK-UHFFFAOYSA-N","O=C(CCN1)NC1=O","5,6-dihydrouracil","5,6-dihydrouracil",NA,"hmdb:HMDB0000076","pubchem:649","chemspider:629","kegg:C00429","CAS:504-07-4","hmdb:HMDB0000076",NA,NA,NA,NA,"","Dihydrouracil"
1128,400,42374,156916,"Amino Acid","Glutathione Metabolism",580,"NAMED","QWCKQJZIFLGMSD-GSVOUGTGSA-N","N[C@H](CC)C(O)=O","2-aminobutyrate","2-aminobutyrate",NA,"hmdb:HMDB0000452","pubchem:80283","chemspider:388757","kegg:C02356","CAS:1492-24-6","hmdb:HMDB0000452",NA,NA,NA,NA,"","2-Aminobutyric acid"
1134,209,1604,124593,"Nucleotide","Purine Metabolism, (Hypo)Xanthine/Inosine containing",4132,"NAMED","LEHOTFFKMJEONL-UHFFFAOYSA-N","O=C1NC(NC(NC2=O)=O)=C2N1","urate","urate",NA,"hmdb:HMDB0000289","pubchem:1175","","kegg:C00366","CAS:120K5305,69-93-2","hmdb:HMDB0000289",NA,NA,NA,NA,"","Uric acid"
1135,209,1605,125991,"Lipid","Secondary Bile Acid Metabolism",3505,"NAMED","RUDATBOHQWOJDD-UZVSRGJWSA-N","O[C@@H]1[C@@]2([H])[C@]3([H])CC[C@@]([C@@H](CCC(O)=O)C)([H])[C@@]3(C)CC[C@]2([H])[C@@]4(C)CC[C@@H](O)C[C@@]4([H])C1","ursodeoxycholate","ursodeoxycholate",NA,"hmdb:HMDB0000946","pubchem:31401","chemspider:29131","kegg:C07880","CAS:128-13-2","hmdb:HMDB0000946",NA,NA,NA,NA,"","Ursodeoxycholic acid"
1137,209,38102,127707,"Lipid","Endocannabinoid",2160,"NAMED","BOWVQLFMWHZBEF-KTKRTIGZSA-N","O=C(NCCO)CCCCCCC/C=C\CCCCCCCC","oleoyl ethanolamide","oleoyl ethanolamide",NA,"hmdb:HMDB0002088","pubchem:5283454","chemspider:4446574","","CAS:111-58-0,11-58-0","hmdb:HMDB0002088",NA,NA,NA,NA,"","Oleoyl-EA"
1140,400,2730,155470,"Peptide","Gamma-glutamyl Amino Acid",635,"NAMED","JBFYFLXEJFQWMU-WDSKDSINSA-N","O=C(N)CC[C@@H](C(O)=O)NC(CC[C@@H](C(O)=O)N)=O","gamma-glutamylglutamine","gamma-glutamylglutamine",NA,"hmdb:HMDB0011738","pubchem:150914","chemspider:133013","kegg:C05283","CAS:10148-81-9","hmdb:HMDB0011738",NA,NA,NA,NA,"","gamma-Glutamylglutamine"
1141,209,1669,124595,"Amino Acid","Tyrosine Metabolism",175,"NAMED","KKADPXVIOXHVKN-UHFFFAOYSA-N","OC1=CC=C(CC(C(O)=O)=O)C=C1","4-hydroxyphenylpyruvate","4-hydroxyphenylpyruvate",NA,"hmdb:HMDB0000707","pubchem:979","chemspider:954","kegg:C01179","CAS:156-39-8","hmdb:HMDB0000707",NA,NA,NA,NA,"","4-Hydroxyphenylpyruvic acid"
1143,209,40605,223227,"Lipid","Short Chain Fatty Acid",1488,"NAMED","FERIUCNNQQJTOY-UHFFFAOYSA-N","OC(CCC)=O","butyrate/isobutyrate (4:0)","butyrate/isobutyrate (4:0)",NA,"hmdb:HMDB0000039","pubchem:264","chemspider:259","kegg:C00246","CAS:109-92-6","hmdb:HMDB0000039",NA,NA,NA,NA,"","Butyric acid"
1162,400,32377,155919,"Carbohydrate","Aminosugar Metabolism",1419,"NAMED","SQVRNKJHWKZAKO-UHFFFAOYSA-N","OC1(C(O)=O)CC(O)C(NC(C)=O)C(C(O)C(O)CO)O1","N-acetylneuraminate","N-acetylneuraminate",NA,"hmdb:HMDB0000230","pubchem:439197","chemspider:10292217","kegg:C00270","CAS:131-48-6","hmdb:HMDB0000230",NA,NA,NA,NA,"","N-Acetylneuraminic acid"
1215,400,48149,157725,"Carbohydrate","Aminosugar Metabolism",1431,"NAMED","YTTRPBWEMMPYSW-VFFCQLMOSA-N","O[C@H]1[C@H](O)[C@@H](CO)O[C@@H](NC(CC(N)C(O)=O)=O)[C@@H]1NC(C)=O","N-acetylglucosaminylasparagine","N-acetylglucosaminylasparagine",NA,"hmdb:HMDB0000489","pubchem:123826","chemspider:21403014","kegg:C04540","CAS:2776-93-4","hmdb:HMDB0000489",NA,NA,NA,NA,"","Aspartylglycosamine"
1218,400,33963,156059,"Lipid","Ketone Bodies",1937,"NAMED","WDJHALXBUFZDSR-UHFFFAOYSA-N","O=C(CC(C)=O)O","acetoacetate","acetoacetate",NA,"hmdb:HMDB0000060","pubchem:96","chemspider:94","kegg:C00164","CAS:3483-11-2","hmdb:HMDB0000060",NA,NA,NA,NA,"","Acetoacetic acid"
1221,400,27718,155838,"Amino Acid","Creatine Metabolism",528,"NAMED","CVSVTCORWBXHQV-UHFFFAOYSA-N","CN(C(N)=N)CC(O)=O","creatine","creatine",NA,"hmdb:HMDB0000064","pubchem:586","chemspider:566","kegg:C00300","CAS:57-00-1","hmdb:HMDB0000064",NA,NA,NA,NA,"","Creatine"
1224,400,18368,155661,"Amino Acid","Glutathione Metabolism",578,"NAMED","KDJVKDYFFTWHBO-UHFFFAOYSA-N","O=C(NCC(O)=O)C(N)CSSCC(N)C(NCC(O)=O)=O","cys-gly, oxidized","cys-gly, oxidized",NA,"","pubchem:333293","chemspider:295316","","CAS:7729-20-6","pubchem:333293",NA,NA,NA,NA,"","CYS-GLY, oxidized"
1230,209,18474,124889,"Lipid","Estrogenic Steroids",3427,"NAMED","JKKFKPJIXZFSSB-DFGXFYAUSA-N","C[C@@](CC1)(C2=O)[C@](CC2)([H])[C@@](CC3)([H])[C@]1([H])C(C=C4)=C3C=C4OS(O)(=O)=O","estrone 3-sulfate","estrone 3-sulfate",NA,"hmdb:HMDB0001425","pubchem:3001028","chemspider:16740220","kegg:C02538","CAS:438-67-5","hmdb:HMDB0001425",NA,NA,NA,NA,"","Estrone 3-sulfate"
1231,209,17805,126039,"Lipid","Long Chain Polyunsaturated Fatty Acid (n3 and n6)",1571,"NAMED","XSXIVVZCUAHUJO-HZJYTTRNSA-N","O=C(O)CCCCCCCCC/C=C\C/C=C\CCCCC","dihomo-linoleate (20:2n6)","dihomolinoleate (20:2n6)",NA,"hmdb:HMDB0005060","pubchem:6439848","chemspider:4944228","kegg:C16525","CAS:2091-39-6","hmdb:HMDB0005060",NA,NA,NA,NA,"","11Z,14Z-Eicosadienoic acid"
1235,400,18245,155638,"Peptide","Gamma-glutamyl Amino Acid",637,"NAMED","PXVCMZCJAUJLJP-YUMQZZPRSA-N","O=C(O)[C@@H](N)CCC(N[C@@H](CC1=CNC=N1)C(O)=O)=O","gamma-glutamylhistidine","gamma-glutamylhistidine",NA,"hmdb:HMDB0029151","pubchem:7017195","chemspider:5380197","","CAS:37460-15-4","hmdb:HMDB0029151",NA,NA,NA,NA,"","gamma-Glutamylhistidine"
1239,209,17945,126830,"Lipid","Fatty Acid, Monohydroxy",1972,"NAMED","KIHBGTRZFAVZRV-QGZVFWFLSA-N","OC([C@H](O)CCCCCCCCCCCCCCCC)=O","2-hydroxystearate","2-hydroxystearate",NA,"hmdb:HMDB0062549","pubchem:439887,439885,69417","chemspider:62625","kegg:C03042,C03045","CAS:629-22-1","hmdb:HMDB0062549",NA,NA,NA,NA,"","2-Hydroxystearic acid"
1242,400,15650,155564,"Nucleotide","Purine Metabolism, Adenine containing",4154,"NAMED","GFYLSDSUCHVORB-IOSLPCCCSA-N","N=C1C2=C(N([C@@]3([H])[C@@](O)([H])[C@@](O)([H])[C@](CO)([H])O3)C=N2)N=CN1C","N1-methyladenosine","1-methyladenosine",NA,"hmdb:HMDB0003331","pubchem:27476","chemspider:4573813","kegg:C02494","CAS:15763-06-1","hmdb:HMDB0003331",NA,NA,NA,NA,"","1-Methyladenosine"
1254,209,15122,126021,"Lipid","Glycerolipid Metabolism",2842,"NAMED","PEDCQBHIVMGVHV-UHFFFAOYSA-N","OC(CO)CO","glycerol","glycerol",NA,"hmdb:HMDB0000131","pubchem:753","chemspider:733","kegg:C00116","CAS:56-81-5","hmdb:HMDB0000131",NA,NA,NA,NA,"","Glycerol"
1256,400,15506,155556,"Lipid","Phospholipid Metabolism",2233,"NAMED","CRBHXDCYXIISFC-UHFFFAOYSA-N","[O-]CC[N+](C)(C)C","choline","choline",NA,"hmdb:HMDB0000097","pubchem:305","chemspider:149278","kegg:C00114","CAS:67-48-1","hmdb:HMDB0000097",NA,NA,NA,NA,"","Choline"
1258,400,57746,213341,"Amino Acid","Tryptophan Metabolism",275,"NAMED","RWZYAGGXGHYGMB-UHFFFAOYSA-N","OC(C1=CC=CC=C1N)=O","anthranilate","anthranilate",NA,"hmdb:HMDB0001123","pubchem:227","chemspider:222","kegg:C00108","CAS:118-92-3","hmdb:HMDB0001123",NA,NA,NA,NA,"","2-Aminobenzoic acid"
1268,400,18369,155662,"Peptide","Gamma-glutamyl Amino Acid",639,"NAMED","MYFMARDICOWMQP-YUMQZZPRSA-N","CC(C)C[C@@H](C(O)=O)NC(CC[C@@H](C(O)=O)N)=O","gamma-glutamylleucine","gamma-glutamylleucine",NA,"hmdb:HMDB0011171","pubchem:151023","chemspider:133115","","CAS:2566-39-4","hmdb:HMDB0011171",NA,NA,NA,NA,"","gamma-Glutamylleucine"
1342,400,12017,155509,"Amino Acid","Tyrosine Metabolism",204,"NAMED","PFDUUKDQEHURQC-ZETCQYMHSA-N","COC1=C(O)C=CC(C[C@@H](C(O)=O)N)=C1","3-methoxytyrosine","3-methoxytyrosine",NA,"hmdb:HMDB0001434","pubchem:9307","chemspider:8948","","CAS:300-48-1","hmdb:HMDB0001434",NA,NA,NA,NA,"","3-Methoxytyrosine"
1382,402,44619,159615,"Xenobiotics","Drug - Psychoactive",5860,"NAMED","RTHCYVBBDHJXIQ-UHFFFAOYSA-N","FC(F)(F)C(C=C1)=CC=C1OC(C2=CC=CC=C2)CCNC","fluoxetine","fluoxetine",NA,"hmdb:HMDB0014615","pubchem:3386","chemspider:3269","kegg:D00326","CAS:59333-67-4","hmdb:HMDB0014615",NA,NA,NA,NA,"","Fluoxetine"
1383,209,12032,126015,"Xenobiotics","Drug - Analgesics, Anesthetics",5375,"NAMED","RZVAJINKPMORJF-UHFFFAOYSA-N","OC1=CC=C(NC(C)=O)C=C1","4-acetamidophenol","4-acetamidophenol",NA,"hmdb:HMDB0001859","pubchem:1983","chemspider:1906","kegg:C06804","CAS:103-90-2","hmdb:HMDB0001859",NA,NA,NA,NA,"","Acetaminophen"
1384,209,12122,124623,"Xenobiotics","Drug - Analgesics, Anesthetics",5391,"NAMED","CMWTZPSULFXXJA-VIFPVBQESA-N","COC1=CC=C2C(C=CC([C@H](C)C(O)=O)=C2)=C1","naproxen","naproxen",NA,"hmdb:HMDB0001923","pubchem:156391","chemspider:137720","kegg:C01517","CAS:22204-53-1","hmdb:HMDB0001923",NA,NA,NA,NA,"","Naproxen"
1387,209,12380,151407,"Xenobiotics","Drug - Neurological",5843,"NAMED","FTALBRSUTCGOEG-UHFFFAOYSA-N","NC1=NC2=CC=C(OC(F)(F)F)C=C2S1","riluzole","riluzole",NA,"hmdb:HMDB0014878","pubchem:5070","chemspider:4892","kegg:C07937","CAS:1744-22-5","hmdb:HMDB0014878",NA,NA,NA,NA,"","Riluzole"
1388,209,2772,152418,"Xenobiotics","Drug - Neurological",5811,"NAMED","KJADKKWYZYXHBB-UHFFFAOYSA-N","CC1(OC2COC3(OC(C)(OC3C2O1)C)COS(N)(=O)=O)C","topiramate","topiramate",NA,"hmdb:HMDB0005034","pubchem:5284627","chemspider:4447672","kegg:D00537","CAS:97240-79-4","hmdb:HMDB0005034",NA,NA,NA,NA,"","Topiramate"
1442,209,12129,126017,"Amino Acid","Leucine, Isoleucine and Valine Metabolism",363,"NAMED","AXFYFNCPONWUHW-UHFFFAOYSA-N","CC(C)(O)CC(O)=O","beta-hydroxyisovalerate","beta-hydroxyisovalerate",NA,"hmdb:HMDB0000754","pubchem:69362","chemspider:62571","","CAS:625-08-1","hmdb:HMDB0000754",NA,NA,NA,NA,"","3-Hydroxyisovaleric acid"
1487,209,17799,124883,"Xenobiotics","Drug - Analgesics, Anesthetics",5395,"NAMED","HEFNNWSXXWATRW-UHFFFAOYSA-N","CC(C1=CC=C(CC(C)C)C=C1)C(O)=O","ibuprofen","ibuprofen",NA,"hmdb:HMDB0001925","pubchem:3672","chemspider:3544","kegg:C01588","CAS:15687-27-1","hmdb:HMDB0001925",NA,NA,NA,NA,"","Ibuprofen"
1488,402,32463,158509,"Lipid","Endocannabinoid",2168,"NAMED","LGEQQWMQCRIYKG-DOFZRALJSA-N","O=C(NCCO)CCC/C=C\C/C=C\C/C=C\C/C=C\CCCCC","arachidonoyl ethanolamide","arachidonoyl ethanolamide",NA,"hmdb:HMDB0004080","pubchem:5281969","chemspider:4445241","kegg:C11695","CAS:94421-68-8","hmdb:HMDB0004080",NA,NA,NA,NA,"","Arachidonoyl-EA"
1489,402,38165,159012,"Lipid","Endocannabinoid",2163,"NAMED","HXYVTAGFYLMHSO-UHFFFAOYSA-N","CCCCCCCCCCCCCCCC(NCCO)=O","palmitoyl ethanolamide","palmitoyl ethanolamide",NA,"hmdb:HMDB0002100","pubchem:4671","chemspider:4509","kegg:C16512","CAS:544-31-0","hmdb:HMDB0002100",NA,NA,NA,NA,"","Palmitoyl-EA"
1506,209,32462,143855,"Lipid","Fatty Acid Metabolism (Acyl Glycine)",1828,"NAMED","YCRHZEHWEYAHCO-HZJYTTRNSA-N","O=C(O)CNC(CCCCCCC/C=C\C/C=C\CCCCC)=O","N-linoleoylglycine","N-linoleoylglycine",NA,"","pubchem:6433346","chemspider:4938516","","CAS:2764-03-6","pubchem:6433346",NA,NA,NA,NA,"","NA-Gly 18:2"
1518,402,44877,164219,"Lipid","Ceramides",3022,"NAMED","YDNKGFDKKRUKPY-TURZORIXSA-N","OC[C@@H]([C@H](O)/C=C/CCCCCCCCCCCCC)NC(CCCCCCCCCCCCCCC)=O","N-palmitoyl-sphingosine (d18:1/16:0)","N-palmitoyl-sphingosine (d18:1/16:0)",NA,"hmdb:HMDB0004949","pubchem:5283564","chemspider:4446677","","CAS:24696-26-2","hmdb:HMDB0004949",NA,NA,NA,NA,"","Cer 18:1;O2/16:0"
1526,402,19263,164198,"Lipid","Phosphatidylethanolamine (PE)",2409,"NAMED","FHQVHHIBKUMWTI-OTMQOFQLSA-N","CCCCCCCC\C=C/CCCCCCCC(O[C@](COC(CCCCCCCCCCCCCCC)=O)(COP([O-])(OCC[N+]([H])([H])[H])=O)[H])=O","1-palmitoyl-2-oleoyl-GPE (16:0/18:1)","1-palmitoyl-2-oleoyl-GPE (16:0/18:1)",NA,"hmdb:HMDB0005320","pubchem:5283496","chemspider:4446615","","CAS:26662-94-2","hmdb:HMDB0005320",NA,NA,NA,NA,"","PE 16:0/18:1"
1528,305,52450,165113,"Lipid","Phosphatidylinositol (PI)",2537,"NAMED","BSNJSZUDOMPYIR-DMDPBSJXSA-N","O=C(CCCCCCC/C=C\C/C=C\CCCCC)O[C@@H](COP(OC1C(O)C(O)C(O)C(O)C1O)(O)=O)COC(CCCCCCCCCCCCCCC)=O","1-palmitoyl-2-linoleoyl-GPI (16:0/18:2)","1-palmitoyl-2-linoleoyl-GPI (16:0/18:2)",NA,"hmdb:HMDB0009784","pubchem:46891795","chemspider:21403024","","","hmdb:HMDB0009784",NA,NA,NA,NA,"","PI 16:0/18:2"
1537,402,42446,165129,"Lipid","Phosphatidylcholine (PC)",2287,"NAMED","JLPULHDHAOZNQI-ZTIMHPMXSA-N","O=P([O-])(OC[C@@H](COC(CCCCCCCCCCCCCCC)=O)OC(CCCCCCC/C=C\C/C=C\CCCCC)=O)OCC[N+](C)(C)C","1-palmitoyl-2-linoleoyl-GPC (16:0/18:2)","1-palmitoyl-2-linoleoyl-GPC (16:0/18:2)",NA,"hmdb:HMDB0007973","pubchem:5287971","chemspider:4450224","","CAS:40811-94-7","hmdb:HMDB0007973",NA,NA,NA,NA,"","PC 16:0/18:2"
1538,402,19503,164530,"Lipid","Sphingomyelins",3106,"NAMED","LKQLRGMMMAHREN-YJFXYUILSA-N","CCCCCCCCCCCCCCCCCC(N[C@@](COP([O-])(OCC[N+](C)(C)C)=O)([C@](O)(/C=C/CCCCCCCCCCCCC)[H])[H])=O","stearoyl sphingomyelin (d18:1/18:0)","stearoyl sphingomyelin (d18:1/18:0)",NA,"hmdb:HMDB0001348","pubchem:6453725","chemspider:4956085","kegg:C00550","CAS:85187-10-6,85187-10-6","hmdb:HMDB0001348",NA,NA,NA,NA,"","SM 18:1;O2/18:0"
1539,402,52461,165127,"Lipid","Phosphatidylcholine (PC)",2284,"NAMED","WTJKGGKOPKCXLL-PFDVCBLKSA-N","O=C(CCCCCCC/C=C\CCCCCCCC)O[C@@H](COC(CCCCCCCCCCCCCCC)=O)COP(OCC[N+](C)(C)C)([O-])=O","1-palmitoyl-2-oleoyl-GPC (16:0/18:1)","1-palmitoyl-2-oleoyl-GPC (16:0/18:1)",NA,"hmdb:HMDB0007972","pubchem:6436017","chemspider:4940699","kegg:C13875","CAS:26853-31-6,26853-31-6","hmdb:HMDB0007972",NA,NA,NA,NA,"","PC 16:0/18:1"
1547,402,54979,208064,"Lipid","Ceramides",3026,"NAMED","VODZWWMEJITOND-NXCSZAMKSA-N","OC[C@H](NC(CCCCCCCCCCCCCCCCC)=O)[C@H](O)/C=C/CCCCCCCCCCCCC","N-stearoyl-sphingosine (d18:1/18:0)*","N-stearoyl-sphingosine (d18:1/18:0)*",NA,"hmdb:HMDB0004950","pubchem:5283565","chemspider:4446678","","CAS:104404-17-3","hmdb:HMDB0004950",NA,NA,NA,NA,"","Cer 18:1;O2/18:0"
1628,209,32346,124921,"Lipid","Primary Bile Acid Metabolism",3462,"NAMED","GHCZAUBVMUEKKP-AZDOMVTHSA-N","O=C(NCC(O)=O)CC[C@@H](C)[C@@H]1[C@](CC[C@H]2[C@@]3([H])[C@H](O)C[C@@]4([H])C2(C)CC[C@@H](O)C4)(C)[C@]3([H])CC1","glycochenodeoxycholate","glycochenodeoxycholate",NA,"hmdb:HMDB0000637","pubchem:12544","","kegg:C05466","CAS:16564-43-5","hmdb:HMDB0000637",NA,NA,NA,NA,"","Glycochenodeoxycholic acid"
1629,209,18494,124667,"Lipid","Primary Bile Acid Metabolism",3463,"NAMED","BHTRKEVKTKCXOH-BJLOMENOSA-N","C[C@@]12[C@@]([H])(CC[C@@]2([C@@H](CCC(NCCS(O)(=O)=O)=O)C)[H])[C@@]([C@@H](C[C@]3([H])C[C@H](O)CC4)O)([H])[C@]([C@]34C)([H])CC1","taurochenodeoxycholate","taurochenodeoxycholate",NA,"hmdb:HMDB0000951","pubchem:387316","chemspider:343282","kegg:C05465","CAS:6009-98-9","hmdb:HMDB0000951",NA,NA,NA,NA,"","Taurochenodeoxycholic acid"
1648,209,18497,125762,"Lipid","Primary Bile Acid Metabolism",3456,"NAMED","WBWWGRHZICKQGZ-HGVCTONRSA-N","C[C@@]12[C@@]([H])(CC[C@]2([H])[C@@H](CCC(NCCS(O)(=O)=O)=O)C)[C@@]([C@H](O)C[C@@]3([H])[C@@]4(CC[C@@H](O)C3)C)([H])[C@@]4([H])C[C@@H]1O","taurocholate","taurocholate",NA,"hmdb:HMDB0000036","pubchem:6675,46783527","","kegg:C05122","CAS:145-42-6","hmdb:HMDB0000036",NA,NA,NA,NA,"","Taurocholic acid"
1668,209,12261,124839,"Lipid","Secondary Bile Acid Metabolism",3490,"NAMED","AWDRATDZQPNJFN-RZGBOAIJSA-N","C[C@@]12[C@@]([H])(CC[C@]2([H])[C@@H](CCC(NCCS(O)(=O)=O)=O)C)[C@@](CC[C@@]3([H])[C@@]4(CC[C@@H](O)C3)C)([H])[C@@]4([H])C[C@@H]1O","taurodeoxycholate","taurodeoxycholate",NA,"hmdb:HMDB0000896","pubchem:2733768","chemspider:2015539","kegg:C05463","CAS:207737-97-1","hmdb:HMDB0000896",NA,NA,NA,NA,"","Taurodeoxycholic acid"
1869,209,18281,124655,"Xenobiotics","Benzoate Metabolism",4467,"NAMED","ONJSZLXSECQROL-UHFFFAOYSA-N","O=C(C1=CC=CC=C1O)NCC(O)=O","2-hydroxyhippurate (salicylurate)","2-hydroxyhippurate (salicylurate)",NA,"hmdb:HMDB0000840","pubchem:10253","chemspider:9835","kegg:C07588","CAS:487-54-7","hmdb:HMDB0000840",NA,NA,NA,NA,"","Salicyluric acid"
2028,400,18037,155637,"Xenobiotics","Drug - Cardiovascular",5642,"NAMED","IUBSYMUCCVWXPE-UHFFFAOYSA-N","COCCC1=CC=C(OCC(O)CNC(C)C)C=C1","metoprolol","metoprolol",NA,"hmdb:HMDB0001932","pubchem:4171","chemspider:4027","kegg:D02358","CAS:56392-17-7","hmdb:HMDB0001932",NA,NA,NA,NA,"","Metoprolol"
2029,209,18362,124661,"Lipid","Fatty Acid, Dicarboxylate",1680,"NAMED","BDJRBEYXGGNYIS-UHFFFAOYSA-N","O=C(O)CCCCCCCC(O)=O","azelate (C9-DC)","azelate (C9-DC)",NA,"hmdb:HMDB0000784","pubchem:2266","chemspider:2179","kegg:C08261","CAS:123-99-9","hmdb:HMDB0000784",NA,NA,NA,NA,"","Azelaic acid"
2048,209,45721,145263,"Xenobiotics","Drug - Analgesics, Anesthetics",5377,"NAMED","DVPRQNKJGQEICH-JTQLQIEISA-N","O=C(C)NC1=CC(SC[C@@H](C(O)=O)NC(C)=O)=C(O)C=C1","3-(N-acetyl-L-cystein-S-yl) acetaminophen","3-(N-acetyl-L-cystein-S-yl) acetaminophen",NA,"","pubchem:83967","chemspider:75765","","CAS:52372-86-8","pubchem:83967",NA,NA,NA,NA,"","3-(N-Acetyl-L-cystein-S-yl) acetaminophen"
2049,209,37475,127693,"Xenobiotics","Drug - Analgesics, Anesthetics",5378,"NAMED","IGTYILLPRJOVFY-UHFFFAOYSA-N","CC(NC1=CC=C(OS(=O)(O)=O)C=C1)=O","4-acetaminophen sulfate","4-acetaminophen sulfate",NA,"hmdb:HMDB0059911","pubchem:83939","chemspider:75741","kegg:C06804","CAS:32113-41-0,10066-90-7","hmdb:HMDB0059911",NA,NA,NA,NA,"","Paracetamol sulfate"
2050,209,18467,126840,"Lipid","Long Chain Polyunsaturated Fatty Acid (n3 and n6)",1561,"NAMED","JAZBEHYOTPTENJ-JLNKQSITSA-N","O=C(O)CCC\C=C/C/C=C\C/C=C\C/C=C\C/C=C\CC","eicosapentaenoate (EPA; 20:5n3)","eicosapentaenoate (EPA; 20:5n3)",NA,"hmdb:HMDB0001999","pubchem:446284","chemspider:393682","kegg:C06428","CAS:10-2005-9,10417-94-4","hmdb:HMDB0001999",NA,NA,NA,NA,"","EPA"
2051,305,15745,146490,"Amino Acid","Leucine, Isoleucine and Valine Metabolism",410,"NAMED","WXUAQHNMJWJLTG-UHFFFAOYSA-N","CC(C(O)=O)CC(O)=O","methylsuccinate","methylsuccinate",NA,"hmdb:HMDB0001844","pubchem:10349","chemspider:9922","","CAS:498-21-5","hmdb:HMDB0001844",NA,NA,NA,NA,"","Methylsuccinic acid"
2054,305,15765,147158,"Amino Acid","Leucine, Isoleucine and Valine Metabolism",407,"NAMED","UKFXDFUAPNAMPJ-UHFFFAOYSA-N","CCC(C(O)=O)C(O)=O","ethylmalonate","ethylmalonate",NA,"hmdb:HMDB0000622","pubchem:11756","chemspider:11263","","CAS:601-75-2","hmdb:HMDB0000622",NA,NA,NA,NA,"","Ethylmalonic acid"
100000007,400,15500,155554,"Lipid","Carnitine Metabolism",1933,"NAMED","PHIQHXFUZVPYII-ZCFIWIBFSA-N","[O-]C(C[C@@H](O)C[N+](C)(C)C)=O","carnitine","carnitine",NA,"hmdb:HMDB0000062","pubchem:288","chemspider:10455","kegg:C00487,C00308","CAS:461-05-2","hmdb:HMDB0000062",NA,NA,NA,NA,"","Carnitine"
100000008,209,15778,124867,"Xenobiotics","Benzoate Metabolism",4477,"NAMED","WPYMKLBDIGXBTP-UHFFFAOYSA-N","OC(C1=CC=CC=C1)=O","benzoate","benzoate",NA,"hmdb:HMDB0001870","pubchem:243","chemspider:238","kegg:C00180","CAS:65-85-0","hmdb:HMDB0001870",NA,NA,NA,NA,"","Benzoic acid"
100000010,209,15749,126035,"Xenobiotics","Benzoate Metabolism",4575,"NAMED","XMIIGOLPHOKFCH-UHFFFAOYSA-N","OC(CCC1=CC=CC=C1)=O","3-phenylpropionate (hydrocinnamate)","3-phenylpropionate (hydrocinnamate)",NA,"hmdb:HMDB0000764","pubchem:107","chemspider:10181339","kegg:C05629","CAS:501-52-0","hmdb:HMDB0000764",NA,NA,NA,NA,"","Hydrocinnamic acid"
100000011,209,57745,213340,"Amino Acid","Phenylalanine Metabolism",155,"NAMED","WLJVXDMOQOGPHL-UHFFFAOYSA-N","O=C(O)CC1=CC=CC=C1","phenylacetate","phenylacetate",NA,"hmdb:HMDB0000209","pubchem:999","chemspider:10181341","kegg:C07086","CAS:103-82-2","hmdb:HMDB0000209",NA,NA,NA,NA,"","Phenyl acetate"
100000014,209,15753,124647,"Xenobiotics","Benzoate Metabolism",4463,"NAMED","QIAFMBKCNZACKA-UHFFFAOYSA-N","O=C(C1=CC=CC=C1)NCC(O)=O","hippurate","hippurate",NA,"hmdb:HMDB0000714","pubchem:464","chemspider:451","kegg:C01586","CAS:495-69-2","hmdb:HMDB0000714",NA,NA,NA,NA,"","Hippuric acid"
100000015,209,15679,123267,"Amino Acid","Tryptophan Metabolism",278,"NAMED","FBZONXHGGPHHIY-UHFFFAOYSA-N","OC1=C2C(C(O)=CC(C(O)=O)=N2)=CC=C1","xanthurenate","xanthurenate",NA,"hmdb:HMDB0000881","pubchem:5699","chemspider:5497","kegg:C02470","CAS:59-007","hmdb:HMDB0000881",NA,NA,NA,NA,"","Xanthurenic acid"
100000016,209,15730,123269,"Lipid","Fatty Acid, Dicarboxylate",1677,"NAMED","TYFQFVWCELRYAO-UHFFFAOYSA-N","OC(CCCCCCC(O)=O)=O","suberate (C8-DC)","suberate (C8-DC)",NA,"hmdb:HMDB0000893","pubchem:10457","chemspider:10025","kegg:C08278","CAS:505-48-6","hmdb:HMDB0000893",NA,NA,NA,NA,"","Suberic acid"
100000036,209,15676,123263,"Amino Acid","Leucine, Isoleucine and Valine Metabolism",394,"NAMED","JVQYSWDUAOAHFM-UHFFFAOYSA-N","CCC(C)C(C(O)=O)=O","3-methyl-2-oxovalerate","3-methyl-2-oxovalerate",NA,"hmdb:HMDB0000491","pubchem:439286,440877","chemspider:46","kegg:C03465,C06008,C00671","CAS:51829-07-3,1460-34-0","hmdb:HMDB0000491",NA,NA,NA,NA,"","3-Methyl-2-oxovaleric acid"
100000039,400,18374,155665,"Amino Acid","Methionine, Cysteine, SAM and Taurine Metabolism",440,"NAMED","QEFRNWWLZKMPFJ-YGVKFDHGSA-N","O=C(O)[C@@H](N)CCS(C)=O","methionine sulfoxide","methionine sulfoxide",NA,"hmdb:HMDB0002005","pubchem:158980","chemspider:139840","kegg:C02989","CAS:3226-65-1","hmdb:HMDB0002005",NA,NA,NA,NA,"","Methionine sulfoxide"
100000042,209,15677,123265,"Amino Acid","Histidine Metabolism",72,"NAMED","JDHILDINMRGULE-LURJTMIESA-N","N[C@H](C(O)=O)CC1=CN=CN1C","3-methylhistidine","3-methylhistidine",NA,"hmdb:HMDB0000479","pubchem:64969","chemspider:58494","kegg:C01152","CAS:368-16-1","hmdb:HMDB0000479",NA,NA,NA,NA,"","3-Methylhistidine"
100000043,209,15736,126033,"Xenobiotics","Drug - Analgesics, Anesthetics",5379,"NAMED","IPROLSVTVHAQLE-UHFFFAOYSA-N","OC1C(C(O)=O)OC(OC2=CC=C(NC(C)=O)C=C2)C(O)C1O","4-acetamidophenylglucuronide","4-acetamidophenylglucuronide",NA,"hmdb:HMDB0010316","pubchem:4022661,83944","chemspider:3239926","","CAS:120595-80-4","hmdb:HMDB0010316",NA,NA,NA,NA,"","p-Acetamidophenylglucuronide"
100000044,209,15747,123273,"Amino Acid","Histidine Metabolism",87,"NAMED","MYYIAHXIVFADCU-QMMMGPOBSA-N","CN1C=NC=C1C[C@@H]([C@@](O)=O)NC(CCN)=O","anserine","anserine",NA,"hmdb:HMDB0000194","pubchem:112072","chemspider:100482","kegg:C01262","CAS:10030-52-1","hmdb:HMDB0000194",NA,NA,NA,NA,"","Anserine"
100000054,400,15685,155573,"Amino Acid","Lysine Metabolism",119,"NAMED","YSMODUONRAFBET-AKGZTFGVSA-N","N[C@@H](CCC(O)CN)C(O)=O","5-hydroxylysine","5-hydroxylysine",NA,"hmdb:HMDB0000450","pubchem:3032849","chemspider:1002","kegg:C16741","CAS:13204-98-3","hmdb:HMDB0000450",NA,NA,NA,NA,"","5-Hydroxylysine"
100000081,209,18486,144833,"Xenobiotics","Drug - Antineoplastic",5611,"NAMED","FBOZXECLQNJBKD-ZDUSSCGKSA-N","NC1=NC(N)=C(N=C(CN(C)C2=CC=C(C(N[C@H]([C@](O)=O)CCC(O)=O)=O)C=C2)C=N3)C3=N1","methotrexate","methotrexate",NA,"hmdb:HMDB0014703","pubchem:126941","chemspider:112728","kegg:C01937,D00142","CAS:59-05-2","hmdb:HMDB0014703",NA,NA,NA,NA,"","Methotrexate"
100000096,400,15681,155572,"Amino Acid","Guanidino and Acetamido Metabolism",563,"NAMED","TUHVEAJXIMEOSA-UHFFFAOYSA-N","N=C(N)NCCCC(O)=O","4-guanidinobutanoate","4-guanidinobutanoate",NA,"hmdb:HMDB0003464","pubchem:500","chemspider:486","kegg:C01035","CAS:463-003,463-00-3","hmdb:HMDB0003464",NA,NA,NA,NA,"","4-Guanidinobutanoic acid"
100000141,209,47892,151549,"Cofactors and Vitamins","Lipoate Metabolism",4420,"NAMED","AGBQKNBQESQNJD-UHFFFAOYSA-N","O=C(O)CCCCC1SSCC1","alpha-lipoate","alpha-lipoate",NA,"hmdb:HMDB0001451","pubchem:6112","chemspider:841","kegg:C16241","CAS:1077-28-7","hmdb:HMDB0001451",NA,NA,NA,NA,"","Lipoic acid"
100000257,305,15443,146478,"Carbohydrate","Aminosugar Metabolism",1407,"NAMED","AEMOLEFTQBMNLQ-QIUUJYRFSA-N","O[C@@H]1O[C@H]([C@](O)=O)[C@@H](O)[C@H](O)[C@H]1O","glucuronate","glucuronate",NA,"hmdb:HMDB0000127","pubchem:441478,23677976,94715,65041,444791","chemspider:58552","kegg:C16245","CAS:207300-70-7","hmdb:HMDB0000127",NA,NA,NA,NA,"","Glucuronic acid"
100000258,400,43847,157058,"Lipid","Glycerolipid Metabolism",2843,"NAMED","AWUCVROLDVIAJX-UHFFFAOYSA-N","O=P(O)(OCC(CO)O)O","glycerol 3-phosphate","glycerol 3-phosphate",NA,"hmdb:HMDB0000126","pubchem:754","chemspider:734","kegg:C0093","CAS:29849-82-9","hmdb:HMDB0000126",NA,NA,NA,NA,"","sn-Glycero-3-phosphate"
100000263,400,15716,155583,"Amino Acid","Histidine Metabolism",83,"NAMED","ACZFBYCNAVEFLC-UHFFFAOYSA-N","OC(C(O)=O)CC1=CN=CN1","imidazole lactate","imidazole lactate",NA,"hmdb:HMDB0002320","pubchem:793","chemspider:389128","kegg:C05568","CAS:14403-45-3","hmdb:HMDB0002320",NA,NA,NA,NA,"","Imidazolelactic acid"
100000265,400,15140,155539,"Amino Acid","Tryptophan Metabolism",267,"NAMED","YGPSJZOEDVAXAB-QMMMGPOBSA-N","N[C@H](C(O)=O)CC(C1=CC=CC=C1N)=O","kynurenine","kynurenine",NA,"hmdb:HMDB0000684","pubchem:161166","chemspider:141580","kegg:C00328","CAS:2922-83-0","hmdb:HMDB0000684",NA,NA,NA,NA,"","Kynurenine"
100000269,400,15990,155613,"Lipid","Phospholipid Metabolism",2237,"NAMED","SUHOQUVVVLNYQR-MRVPVSSYSA-N","O=P(OCC[N+](C)(C)C)([O-])OC[C@H](O)CO","glycerophosphorylcholine (GPC)","glycerophosphorylcholine (GPC)",NA,"hmdb:HMDB0000086","pubchem:71920","chemspider:571409","kegg:C00670","CAS:28319-77-9","hmdb:HMDB0000086",NA,NA,NA,NA,"","sn-Glycero-3-phosphocholine"
100000282,400,15720,155584,"Amino Acid","Glutamate Metabolism",47,"NAMED","RFMMMVDNIPUKGG-YFKPBYRVSA-N","O=C(O)CC[C@@H](C(O)=O)NC(C)=O","N-acetylglutamate","N-acetylglutamate",NA,"hmdb:HMDB0001138","pubchem:70914","chemspider:1266066","kegg:C00624","CAS:5817-08-3","hmdb:HMDB0001138",NA,NA,NA,NA,"","N-Acetylglutamic acid"
100000295,209,15336,123251,"Xenobiotics","Food Component/Plant",5074,"NAMED","FEWJPZIEWOKRBE-JCYAYHJZSA-N","OC([C@H](O)[C@@H](O)C(O)=O)=O","tartarate","tartarate",NA,"hmdb:HMDB0000956,HMDB0062642","pubchem:444305,875","chemspider:852","kegg:C00552,C02107,C00898","CAS:87-69-4,6106-24-7","hmdb:HMDB0000956",NA,NA,NA,NA,"","Tartaric acid"
100000406,305,15772,146492,"Carbohydrate","Pentose Metabolism",1262,"NAMED","HEBKCHPVOIAQTA-ZXFHETKHSA-N","OC[C@@H](O)[C@@H](O)[C@@H](O)CO","ribitol","ribitol",NA,"hmdb:HMDB0002917,HMDB0001851,HMDB0000568,HMDB0000508","pubchem:6912","chemspider:10254628","kegg:C00379,C01904,C00474,C00532","CAS:488-81-3","hmdb:HMDB0002917",NA,NA,NA,NA,"","Ribitol"
100000409,305,15667,152132,"Xenobiotics","Food Component/Plant",4781,"NAMED","BITYXLXUCSKTJS-UHFFFAOYSA-N","OC(CC(O)=O)(C(C)C)C(O)=O","2-isopropylmalate","2-isopropylmalate",NA,"hmdb:HMDB0000402","pubchem:77","chemspider:76","kegg:C02504","CAS:3237-44-3","hmdb:HMDB0000402",NA,NA,NA,NA,"","2-Isopropylmalic acid"
100000436,209,18477,123291,"Lipid","Secondary Bile Acid Metabolism",3488,"NAMED","WVULKSPCQVQLCU-BUXLTGKBSA-N","O=C(NCC(O)=O)CC[C@@H](C)[C@@H]1[C@@]2(C)[C@@H](O)C[C@]3([H])[C@@]4(C)CC[C@@H](O)C[C@@]4([H])CC[C@@]3([H])[C@@]2(CC1)[H]","glycodeoxycholate","glycodeoxycholate",NA,"hmdb:HMDB00631","pubchem:3035026","","kegg:C05464","CAS:360-65-6","hmdb:HMDB00631",NA,NA,NA,NA,"","Glycodeoxycholic acid"
100000437,209,18394,125760,"Xenobiotics","Xanthine Metabolism",4594,"NAMED","ZFXYFBGIUFBOJW-UHFFFAOYSA-N","O=C(N1C)C(N=CN2)=C2N(C)C1=O","theophylline","theophylline",NA,"hmdb:HMDB0001889","pubchem:2153","chemspider:2068","kegg:C07130","CAS:58-55-9","hmdb:HMDB0001889",NA,NA,NA,NA,"","Theophylline"
100000442,305,18335,146498,"Xenobiotics","Food Component/Plant",4906,"NAMED","AAWZDTNXLSGCEK-WYWMIBKRSA-N","O[C@@]1([C@](O)(C[C@@](C(O)=O)(C[C@]1(O)[H])O)[H])[H]","quinate","quinate",NA,"hmdb:HMDB0003072","pubchem:6508","chemspider:10246715","kegg:C00296","CAS:77-95-2","hmdb:HMDB0003072",NA,NA,NA,NA,"","Quinic acid"
100000445,400,18392,155668,"Xenobiotics","Xanthine Metabolism",4593,"NAMED","YAPQBXQYLJRXSA-UHFFFAOYSA-N","CN1C=NC(N(C(N2)=O)C)=C1C2=O","theobromine","theobromine",NA,"hmdb:HMDB0002825","pubchem:5429","chemspider:5236","kegg:C07480","CAS:83-67-0","hmdb:HMDB0002825",NA,NA,NA,NA,"","Theobromine"
100000447,305,18280,152144,"Amino Acid","Tyrosine Metabolism",219,"NAMED","WXTMDXOMEHJXQO-UHFFFAOYSA-N","O=C(O)C1=CC(O)=CC=C1O","gentisate","gentisate",NA,"hmdb:HMDB0000152","pubchem:3469","chemspider:3350","kegg:C00628","CAS:490-79-9","hmdb:HMDB0000152",NA,NA,NA,NA,"","Gentisic acid"
100000453,209,18254,124653,"Xenobiotics","Xanthine Metabolism",4592,"NAMED","QUNWUDVFRNGTCO-UHFFFAOYSA-N","O=C(N2C)NC1=C(N(C)C=N1)C2=O","paraxanthine","paraxanthine",NA,"hmdb:HMDB0001860","pubchem:4687","chemspider:4525","kegg:C13747","CAS:611-59-6","hmdb:HMDB0001860",NA,NA,NA,NA,"","Paraxanthine"
100000463,209,18349,124659,"Amino Acid","Tryptophan Metabolism",298,"NAMED","XGILAAMKEQUXLS-UHFFFAOYSA-N","OC(C(O)=O)CC1=CNC2=C1C=CC=C2","indolelactate","indolelactate",NA,"hmdb:HMDB0000671","pubchem:92904","chemspider:83867","kegg:C02043","CAS:832-97-3","hmdb:HMDB0000671",NA,NA,NA,NA,"","Indolelactic acid"
100000467,209,27672,123315,"Amino Acid","Tryptophan Metabolism",322,"NAMED","BXFFHSIDQOFMLE-UHFFFAOYSA-N","O=S(OC2=CNC1=CC=CC=C12)(O)=O","3-indoxyl sulfate","3-indoxyl sulfate",NA,"hmdb:HMDB0000682","pubchem:10258","chemspider:9840","","CAS:2642-37-7","hmdb:HMDB0000682",NA,NA,NA,NA,"","Indoxyl sulfate"
100000491,400,33422,156014,"Peptide","Gamma-glutamyl Amino Acid",643,"NAMED","XHHOHZPNYFQJKL-QWRGUYRKSA-N","O=C(O)[C@H](CC1=CC=CC=C1)NC(CC[C@@H](C(O)=O)N)=O","gamma-glutamylphenylalanine","gamma-glutamylphenylalanine",NA,"hmdb:HMDB0000594","pubchem:111299","chemspider:99868","","CAS:7432-24-8","hmdb:HMDB0000594",NA,NA,NA,NA,"","gamma-Glutamylphenylalanine"
100000551,209,22116,124905,"Amino Acid","Leucine, Isoleucine and Valine Metabolism",343,"NAMED","BKAJNAXTPSGJCU-UHFFFAOYSA-N","CC(C)CC(C(O)=O)=O","4-methyl-2-oxopentanoate","4-methyl-2-oxopentanoate",NA,"hmdb:HMDB0000695","pubchem:70","chemspider:69","kegg:C00233","CAS:816-66-0","hmdb:HMDB0000695",NA,NA,NA,NA,"","Ketoleucine"
100000579,400,22196,221338,"Xenobiotics","Drug - Neurological",5838,"NAMED","INGSNVSERUZOAK-UHFFFAOYSA-N","O=C(O)C(C1CCCCN1)C2=CC=CC=C2","ritalinic acid","ritalinic acid",NA,"hmdb:HMDB0042008","pubchem:86863","chemspider:78360","","CAS:19395-41-6","hmdb:HMDB0042008",NA,NA,NA,NA,"","Ritalinic acid"
100000580,209,20675,123293,"Carbohydrate","Glycolysis, Gluconeogenesis, and Pyruvate Metabolism",1220,"NAMED","MPCAJMNYNOGXPB-SLPGGIOYSA-N","O[C@@H]1[C@@H](CO)OC[C@H](O)[C@H]1O","1,5-anhydroglucitol (1,5-AG)","1,5-anhydroglucitol (1,5-AG)",NA,"hmdb:HMDB0002712","pubchem:64960","","kegg:C07326","CAS:154-58-5","hmdb:HMDB0002712",NA,NA,NA,NA,"","1,5-Anhydrosorbitol"
100000584,209,19266,125764,"Lipid","Monoacylglycerol",2874,"NAMED","RCRCTBLIHCHWDZ-DOFZRALJSA-N","CCCCC\C=C/C\C=C/C\C=C/C/C=C\CCCC(OC(CO)CO)=O","2-arachidonoylglycerol (20:4)","2-arachidonoylglycerol (20:4)",NA,"hmdb:HMDB0004666","pubchem:5282280","chemspider:4445451","kegg:C13856","CAS:53847-30-6","hmdb:HMDB0004666",NA,NA,NA,NA,"","MG 20:4"
100000616,402,52449,208070,"Lipid","Phosphatidylinositol (PI)",2557,"NAMED","KRTOMQDUKGRFDJ-YKOKTLGVSA-N","CCCCCCCCCCCCCCCCCC(OC[C@]([H])(COP(O)(O[C@](C(O)(C(O)(C(O)([C@](O)1[H])[H])[H])[H])([C@]1(O)[H])[H])=O)OC(CCC/C=C\C/C=C\C/C=C\C/C=C\CCCCC)=O)=O","1-stearoyl-2-arachidonoyl-GPI (18:0/20:4)","1-stearoyl-2-arachidonoyl-GPI (18:0/20:4)",NA,"hmdb:HMDB0009815","","chemspider:21403055","","CAS:383907-33-3","hmdb:HMDB0009815",NA,NA,NA,NA,"","PI 18:0/20:4"
100000626,402,34445,158668,"Lipid","Sphingosines",3162,"NAMED","DUYSYHSSBDVJSM-KRWOKUGFSA-N","OP([O-])(OC[C@@]([H])([C@](O)(/C=C/CCCCCCCCCCCCC)[H])[NH3+])=O","sphingosine 1-phosphate","sphingosine 1-phosphate",NA,"hmdb:HMDB0000277","pubchem:5283560","chemspider:4446673","kegg:C06124","CAS:26993-30-6","hmdb:HMDB0000277",NA,NA,NA,NA,"","Sphingosine 1-phosphate"
100000630,209,19260,126848,"Lipid","Lysophospholipid",2704,"NAMED","JZWNYZVVZXZRRH-YFKVPUFHSA-N","CCCCCCCC\C=C/CCCCCCCC(OC[C@]([H])(COP(O)(OC[C@]([NH3+])(C([O-])=O)[H])=O)O)=O","1-oleoyl-GPS (18:1)","1-oleoyl-GPS (18:1)",NA,"hmdb:HMDB0061694","pubchem:85036846","chemspider:7826049","","CAS:326589-90-6","hmdb:HMDB0061694",NA,NA,NA,NA,"","LPS 18:1/0:0"
100000639,402,19265,180966,"Lipid","Phosphatidylserine (PS)",2506,"NAMED","AJFWREUFUPEYII-PAHWMLEVSA-N","CCCCCCCCCCCCCCCCCC(OC[C@]([H])(COP(O)(OC[C@]([NH3+])(C([O-])=O)[H])=O)OC(CCCCCCC/C=C\CCCCCCCC)=O)=O","1-stearoyl-2-oleoyl-GPS (18:0/18:1)","1-stearoyl-2-oleoyl-GPS (18:0/18:1)",NA,"hmdb:HMDB0010163","pubchem:9547087","chemspider:7826037","","","hmdb:HMDB0010163",NA,NA,NA,NA,"","PS 18:0/18:1"
100000656,209,19324,128173,"Lipid","Lysophospholipid",2722,"NAMED","MXAFDFDAIFZFET-CLBYPKMISA-N","[H]C(C(O)(C(O)([C@](O)1[H])[H])[H])([C@@](OP(O)(OC[C@@]([H])(COC(CCCCCCCCCCCCCCCCC)=O)O)=O)([C@]1(O)[H])[H])O","1-stearoyl-GPI (18:0)","1-stearoyl-GPI (18:0)",NA,"hmdb:HMDB0240261","pubchem:71581135,42607495","chemspider:21403067","","CAS:796963-93-4","hmdb:HMDB0240261",NA,NA,NA,NA,"","LPI 18:0/0:0"
100000657,402,19130,164201,"Lipid","Phosphatidylcholine (PC)",2279,"NAMED","KILNVBDSWZSGLL-KXQOOQHDSA-N","CCCCCCCCCCCCCCCC(OC[C@]([H])(COP([O-])(OCC[N+](C)(C)C)=O)OC(CCCCCCCCCCCCCCC)=O)=O","1,2-dipalmitoyl-GPC (16:0/16:0)","1,2-dipalmitoyl-GPC (16:0/16:0)",NA,"hmdb:HMDB0000564","pubchem:452110","chemspider:398235","kegg:D03585","CAS:63-89-8","hmdb:HMDB0000564",NA,NA,NA,NA,"","PC 16:0/16:0"
100000665,209,44675,126139,"Lipid","Long Chain Polyunsaturated Fatty Acid (n3 and n6)",1564,"NAMED","MBMBGCFOFBJSGT-KUBAVDMBSA-N","CC\C=C/C\C=C/C\C=C/C/C=C\C/C=C\C/C=C\CCC(O)=O","docosahexaenoate (DHA; 22:6n3)","docosahexaenoate (DHA; 22:6n3)",NA,"hmdb:HMDB0002183","pubchem:445580","chemspider:393183","kegg:C06429","CAS:6217-54-5","hmdb:HMDB0002183",NA,NA,NA,NA,"","DHA"
100000672,402,19258,164196,"Lipid","Phosphatidylcholine (PC)",2263,"NAMED","RFVFQQWKPSOBED-PSXMRANNSA-N","CCCCCCCCCCCCCCCC(O[C@](COC(CCCCCCCCCCCCC)=O)(COP([O-])(OCC[N+](C)(C)C)=O)[H])=O","1-myristoyl-2-palmitoyl-GPC (14:0/16:0)","1-myristoyl-2-palmitoyl-GPC (14:0/16:0)",NA,"hmdb:HMDB0007869","pubchem:129657","chemspider:114798","","CAS:69525-80-0","hmdb:HMDB0007869",NA,NA,NA,NA,"","PC 14:0/16:0"
100000673,209,21320,127565,"Xenobiotics","Drug - Antibiotic",5479,"NAMED","GSDSWSVVBLHKDQ-UHFFFAOYSA-N","FC1=C(N2CCN(C)CC2)C3=C4C(C(C(C(O)=O)=CN4C(C)CO3)=O)=C1","ofloxacin","ofloxacin",NA,"hmdb:HMDB0015296","pubchem:4583","chemspider:4422","kegg:D00453,C07321,DG00616","CAS:82419-36-1","hmdb:HMDB0015296",NA,NA,NA,NA,"","Ofloxacin"
100000687,209,57614,212170,"Xenobiotics","Drug - Antibiotic",5480,"NAMED","MYSWGUAQZAJSOK-UHFFFAOYSA-N","OC(C1=CN(C2CC2)C3=CC(N4CCNCC4)=C(F)C=C3C1=O)=O","ciprofloxacin","ciprofloxacin",NA,"hmdb:HMDB0014677","pubchem:2764","chemspider:2662","kegg:C05349","CAS:85721-33-1","hmdb:HMDB0014677",NA,NA,NA,NA,"","Ciprofloxacin"
100000706,209,22132,124683,"Amino Acid","Leucine, Isoleucine and Valine Metabolism",347,"NAMED","LVRFTAZAXQPQHI-UHFFFAOYSA-N","OC(C(CC(C)C)O)=O","alpha-hydroxyisocaproate","alpha-hydroxyisocaproate",NA,"hmdb:HMDB0000665,HMDB00746,HMDB0000624","pubchem:83697,92779,439960","chemspider:75520","kegg:C03264","CAS:10303-64-7","hmdb:HMDB0000665",NA,NA,NA,NA,"","2-Hydroxyisocaproic acid"
100000707,305,20676,147767,"Lipid","Fatty Acid, Dicarboxylate",1672,"NAMED","VZCYOOQTPOCHFL-UHFFFAOYSA-N","O=C(C=CC(O)=O)O","maleate","maleate",NA,"hmdb:HMDB0000176","pubchem:444266","chemspider:392248","kegg:C01384","CAS:110-16-7","hmdb:HMDB0000176",NA,NA,NA,NA,"","Maleic acid"
100000708,209,44656,126996,"Amino Acid","Leucine, Isoleucine and Valine Metabolism",351,"NAMED","GWYFCOCPABKNJV-UHFFFAOYSA-N","CC(C)CC(O)=O","isovalerate (i5:0)","isovalerate (C5)",NA,"hmdb:HMDB0000718","pubchem:10430","chemspider:10001","kegg:C08262","CAS:503-74-2","hmdb:HMDB0000718",NA,NA,NA,NA,"","Isovaleric acid"
100000711,209,44620,126992,"Xenobiotics","Benzoate Metabolism",4518,"NAMED","HOFGLAYWQRGTKC-UHFFFAOYSA-N","O=S(OC1=CC=C(C(C)=O)C=C1)(O)=O","4-acetylphenol sulfate","4-acetylphenyl sulfate",NA,"","pubchem:4684006","chemspider:3872009","","","pubchem:4684006",NA,NA,NA,NA,"","4-Acetylphenyl sulfate"
100000715,400,48114,157704,"Amino Acid","Guanidino and Acetamido Metabolism",562,"NAMED","CHJJGSNFBQVOTG-UHFFFAOYSA-N","N=C(N)NC","1-methylguanidine","1-methylguanidine",NA,"hmdb:HMDB0001522","pubchem:10111","chemspider:28576","kegg:C02294","CAS:22661-87-6","hmdb:HMDB0001522",NA,NA,NA,NA,"","Methylguanidine"
100000726,402,21078,238607,"Xenobiotics","Drug - Psychoactive",5911,"NAMED","CXOXHMZGEKVPMT-UHFFFAOYSA-N","O=C(N1C)CC(N(C2=CC=CC=C2)C3=C1C=CC(Cl)=C3)=O","Clobazam","Clobazam",NA,"hmdb:HMDB14493","pubchem:2789","chemspider:2687","kegg:D01253","CAS:22316-47-8","hmdb:HMDB14493",NA,NA,NA,NA,"",NA
100000732,402,64535,238653,"Xenobiotics","Drug - Psychoactive",5921,"NAMED","DIWRORZWFLOCLC-UHFFFAOYSA-N","O=C(N1)C(O)N=C(C2=CC=CC=C2Cl)C3=C1C=CC(Cl)=C3","lorazepam","lorazepam",NA,"hmdb:HMDB0014332","pubchem:3958","chemspider:3821","kegg:D00365","CAS:846-49-1","hmdb:HMDB0014332",NA,NA,NA,NA,"","Lorazepam"
100000733,305,64385,237460,"Xenobiotics","Drug - Analgesics, Anesthetics",5419,"NAMED","VYMDGNCVAMGZFE-UHFFFAOYSA-N","O=C1N(C2=CC=CC=C2)N(C3=CC=CC=C3)C(C1CCCC)=O","phenylbutazone","phenylbutazone",NA,"hmdb:HMDB14950","pubchem:4781","chemspider:4617","kegg:C07440","CAS:50-33-9","hmdb:HMDB14950",NA,NA,NA,NA,"","Phenylbutazone"
100000740,402,38301,159035,"Xenobiotics","Drug - Respiratory",5948,"NAMED","MKXZASYAUGDDCJ-CGTJXYLNSA-N","[H][C@]1([C@H]2C3)[C@@](CCCC1)(CCN2C)C4=C3C=CC(OC)=C4","dextromethorphan","dextromethorphan",NA,"hmdb:HMDB0001920","pubchem:5360696","chemspider:13109865","kegg:D03744,DG01078,C06947","CAS:18046-32-7","hmdb:HMDB0001920",NA,NA,NA,NA,"","Dextromethorphan"
100000743,209,22036,126061,"Lipid","Fatty Acid, Monohydroxy",1961,"NAMED","JKRDADVRIYVCCY-UHFFFAOYSA-N","O=C(C(CCCCCC)O)O","2-hydroxyoctanoate","2-hydroxyoctanoate",NA,"hmdb:HMDB0002264","pubchem:94180,6995013,5312860","chemspider:84994","","CAS:617-73-2","hmdb:HMDB0002264",NA,NA,NA,NA,"","2-Hydroxyoctanoic acid"
100000765,209,22177,128187,"Xenobiotics","Food Component/Plant",4748,"NAMED","JOOXCMJARBKPKM-UHFFFAOYSA-N","CC(CCC(O)=O)=O","levulinate (4-oxovalerate)","levulinate (4-oxovalerate)",NA,"hmdb:HMDB0000720","pubchem:11579","chemspider:11091","","CAS:123-76-2","hmdb:HMDB0000720",NA,NA,NA,NA,"","Levulinic acid"
100000773,209,22001,126860,"Lipid","Fatty Acid, Monohydroxy",1981,"NAMED","NDPLAKGOSZHTPH-UHFFFAOYSA-N","OC(CC(O)=O)CCCCC","3-hydroxyoctanoate","3-hydroxyoctanoate",NA,"hmdb:HMDB0001954","pubchem:26613","chemspider:24791","kegg:C20793","CAS:88930-08-9","hmdb:HMDB0001954",NA,NA,NA,NA,"","3-Hydroxyoctanoic acid"
100000774,209,22130,124681,"Amino Acid","Phenylalanine Metabolism",151,"NAMED","VOXXWSYKYCBWHO-UHFFFAOYSA-N","OC(C(O)=O)CC1=CC=CC=C1","phenyllactate (PLA)","phenyllactate (PLA)",NA,"hmdb:HMDB0000779,HMDB0000563","pubchem:3848","chemspider:3715","kegg:C05607","CAS:828-01-3","hmdb:HMDB0000779",NA,NA,NA,NA,"","Phenyllactic acid"
100000776,402,44681,159624,"Lipid","Fatty Acid Metabolism (Acyl Carnitine, Long Chain Saturated)",1865,"NAMED","XOMRRQXKHMYMOC-UHFFFAOYSA-N","[O-]C(CC(OC(CCCCCCCCCCCCCCC)=O)C[N+](C)(C)C)=O","palmitoylcarnitine (C16)","palmitoylcarnitine (C16)",NA,"hmdb:HMDB0000222","pubchem:461","chemspider:448","kegg:C02990","CAS:6865-14-1","hmdb:HMDB0000222",NA,NA,NA,NA,"","CAR 16:0"
100000779,209,22290,128191,"Xenobiotics","Drug - Neurological",5813,"NAMED","NIJJYAXOARWZEE-UHFFFAOYSA-N","O=C(O)C(CCC)CCC","valproate","valproate (2-propylpentanoate)",NA,"hmdb:HMDB0001877","pubchem:3121","chemspider:3009","kegg:C07185","CAS:99-66-1","hmdb:HMDB0001877",NA,NA,NA,NA,"","Valproic acid"
100000781,400,32328,155906,"Lipid","Fatty Acid Metabolism (Acyl Carnitine, Medium Chain)",1845,"NAMED","VVPRQWTYSNDTEA-UHFFFAOYSA-N","O=C(CCCCC)OC(CC([O-])=O)C[N+](C)(C)C","hexanoylcarnitine (C6)","hexanoylcarnitine (C6)",NA,"hmdb:HMDB0000756","pubchem:6426853","chemspider:4932273","","CAS:6920-35-0","hmdb:HMDB0000756",NA,NA,NA,NA,"","CAR 6:0"
100000784,400,22206,155811,"Xenobiotics","Food Component/Plant",5075,"NAMED","DATAGRPVKZEWHA-YFKPBYRVSA-N","N[C@@H](CCC(NCC)=O)C(O)=O","theanine","theanine",NA,"hmdb:HMDB0034365","pubchem:439378","chemspider:388498","kegg:C01047","CAS:3081-61-6","hmdb:HMDB0034365",NA,NA,NA,NA,"","N(5)-Ethyl-glutamine"
100000787,305,22185,147184,"Amino Acid","Alanine and Aspartate Metabolism",37,"NAMED","OTCCIMWXFLJLIA-BYPYZUCNSA-N","OC([C@@H](NC(C)=O)CC(O)=O)=O","N-acetylaspartate (NAA)","N-acetylaspartate (NAA)",NA,"hmdb:HMDB0000812","pubchem:65065","chemspider:58576","kegg:C01042","CAS:997-55-7,997-55-7","hmdb:HMDB0000812",NA,NA,NA,NA,"","N-Acetylaspartic acid"
100000790,400,22174,238367,"Xenobiotics","Drug - Antibiotic",5545,"NAMED","QRXWMOHMRWLFEY-UHFFFAOYSA-N","O=C(C1=CC=NC=C1)NN","isoniazid","isoniazid",NA,"hmdb:HMDB15086","pubchem:3767","chemspider:3635","kegg:C07054","CAS:54-85-3","hmdb:HMDB15086",NA,NA,NA,NA,"","Isoniazid"
100000792,209,32425,124935,"Lipid","Androgenic Steroids",3338,"NAMED","CZWCKYRVOZZJNM-DYIPZHMLSA-N","[H][C@@]1(CC[C@]2(C)[C@]3(CCC2=O)[H])[C@@]4(C)C(C[C@H](OS(=O)(O)=O)CC4)=CC[C@]13[H]","dehydroepiandrosterone sulfate (DHEA-S)","dehydroepiandrosterone sulfate (DHEA-S)",NA,"hmdb:HMDB0001032","pubchem:12594","chemspider:12074","kegg:C04555","CAS:651-48-9","hmdb:HMDB0001032",NA,NA,NA,NA,"","Dehydroepiandrosterone sulfate"
100000802,400,32198,155890,"Lipid","Fatty Acid Metabolism (Acyl Carnitine, Short Chain)",1841,"NAMED","RDHQFKQIGNGIED-MRVPVSSYSA-N","C[N+](C)(C)C[C@H](OC(C)=O)CC([O-])=O","acetylcarnitine (C2)","acetylcarnitine (C2)",NA,"hmdb:HMDB0000201","pubchem:7045767","chemspider:5406074","kegg:C02571","CAS:5080-50-2","hmdb:HMDB0000201",NA,NA,NA,NA,"","CAR 2:0"
100000808,400,22176,155804,"Amino Acid","Methionine, Cysteine, SAM and Taurine Metabolism",461,"NAMED","NOKPBJYHPHHWAN-REOHCLBHSA-N","N[C@H](C(O)=O)CSS(O)(=O)=O","cysteine s-sulfate","cysteine s-sulfate",NA,"hmdb:HMDB0000731","pubchem:115015","chemspider:102939","kegg:C05824","CAS:1637-71-4","hmdb:HMDB0000731",NA,NA,NA,NA,"","Cysteine-S-sulfate"
100000825,209,21126,166572,"Xenobiotics","Chemical",6083,"NAMED","GCNTZFIIOFTKIY-UHFFFAOYSA-N","OC1=CC=NC=C1","4-hydroxypyridine","4-hydroxypyridine",NA,"","pubchem:12290","chemspider:11787","","CAS:626-64-2","pubchem:12290",NA,NA,NA,NA,"","4-Pyridone"
100000840,209,20693,143841,"Xenobiotics","Food Component/Plant",5207,"NAMED","ROBFUDYVXSDBQM-UHFFFAOYSA-N","O=C(C(O)C(O)=O)O","tartronate (hydroxymalonate)","tartronate (hydroxymalonate)",NA,"hmdb:HMDB0035227","pubchem:45","chemspider:44","kegg:C02287","CAS:80-69-3","hmdb:HMDB0035227",NA,NA,NA,NA,"","Hydroxypropanedioic acid"
100000841,209,20694,143843,"Cofactors and Vitamins","Ascorbate and Aldarate Metabolism",4357,"NAMED","MUBZPKHOEPUJKR-UHFFFAOYSA-N","O=C(O)C(O)=O","oxalate (ethanedioate)","oxalate (ethanedioate)",NA,"hmdb:HMDB0002329","pubchem:971","chemspider:946","kegg:C00209","CAS:144-62-7","hmdb:HMDB0002329",NA,NA,NA,NA,"","Oxalic acid"
100000846,305,20699,146508,"Xenobiotics","Food Component/Plant",4896,"NAMED","UNXHWFMMPAWVPI-UHFFFAOYSA-N","OCC(O)C(CO)O","erythritol","erythritol",NA,"hmdb:HMDB0002994","pubchem:222285","chemspider:13835932","kegg:C00503","CAS:149-32-6","hmdb:HMDB0002994",NA,NA,NA,NA,"","Erythritol"
100000856,209,20710,124893,"Xenobiotics","Chemical",6206,"NAMED","LENZDBCJOHFCAS-UHFFFAOYSA-N","NC(CO)(CO)CO","trizma acetate","trizma acetate",NA,"","pubchem:16218782","chemspider:73346","kegg:C07182","CAS:6850-28-8","pubchem:16218782",NA,NA,NA,NA,"","2-Amino-2-methylol-propane-1,3-diol"
100000861,400,21132,155745,"Xenobiotics","Food Component/Plant",4774,"NAMED","GGOZGYRTNQBSSA-UHFFFAOYSA-N","OC1=NC=CC=C1O","2,3-dihydroxypyridine","2,3-dihydroxypyridine",NA,"","pubchem:28115","chemspider:26153","","CAS:16867-04-2","pubchem:28115",NA,NA,NA,NA,"","2,3-Dihydroxypyridine"
100000862,209,21133,126055,"Xenobiotics","Benzoate Metabolism",4487,"NAMED","FJKROLUGYXJWQN-UHFFFAOYSA-N","OC1=CC=C(C(O)=O)C=C1","4-hydroxybenzoate","4-hydroxybenzoate",NA,"hmdb:HMDB0000500","pubchem:135","chemspider:132","kegg:C00156","CAS:99-96-7","hmdb:HMDB0000500",NA,NA,NA,NA,"","4-Hydroxybenzoic acid"
100000870,209,21151,124899,"Xenobiotics","Food Component/Plant",5042,"NAMED","CVHZOJJKTDOEJC-UHFFFAOYSA-N","O=S(C1=CC=CC=C1C2=O)(N2)=O","saccharin","saccharin",NA,"hmdb:HMDB0029723","pubchem:5143","chemspider:4959","kegg:C12283","CAS:81-07-2","hmdb:HMDB0029723",NA,NA,NA,NA,"","Saccharin"
100000900,400,21025,155725,"Xenobiotics","Chemical",6165,"NAMED","NBZBKCUXIYYUSX-UHFFFAOYSA-N","O=C(O)CNCC(O)=O","iminodiacetate (IDA)","iminodiacetate (IDA)",NA,"hmdb:HMDB0011753","pubchem:8897","chemspider:8557","kegg:C19911","CAS:142-73-4","hmdb:HMDB0011753",NA,NA,NA,NA,"","Iminodiacetic acid"
100000924,209,21184,126057,"Lipid","Monoacylglycerol",2856,"NAMED","RZRNAYUHWVFMIP-KTKRTIGZSA-N","O=C(OCC(O)CO)CCCCCCC/C=C\CCCCCCCC","1-oleoylglycerol (18:1)","1-oleoylglycerol (18:1)",NA,"hmdb:HMDB0011567","pubchem:5283468","chemspider:4446588","","CAS:111-03-5","hmdb:HMDB0011567",NA,NA,NA,NA,"","MG 18:1/0:0/0:0"
100000936,209,44526,124713,"Amino Acid","Leucine, Isoleucine and Valine Metabolism",423,"NAMED","QHKABHOOEWYVLI-UHFFFAOYSA-N","OC(C(C(C)C)=O)=O","3-methyl-2-oxobutyrate","3-methyl-2-oxobutyrate",NA,"hmdb:HMDB0000019","pubchem:49","chemspider:48","kegg:C00141","CAS:3715-29-5","hmdb:HMDB0000019",NA,NA,NA,NA,"","Ketoisovaleric acid"
100000943,209,21232,126858,"Lipid","Monoacylglycerol",2872,"NAMED","UPWGQKDVAURUGE-KTKRTIGZSA-N","O=C(OC(CO)CO)CCCCCCC/C=C\CCCCCCCC","2-oleoylglycerol (18:1)","2-oleoylglycerol (18:1)",NA,"hmdb:HMDB0011537","pubchem:5319879","chemspider:4478086","","CAS:3443-84-3","hmdb:HMDB0011537",NA,NA,NA,NA,"","MG 0:0/18:1(9Z)/0:0"
100000961,400,22137,155792,"Amino Acid","Urea cycle; Arginine and Proline Metabolism",493,"NAMED","QUOGESRFPZDMMT-YFKPBYRVSA-N","N[C@H](C(O)=O)CCCCNC(N)=N","homoarginine","homoarginine",NA,"hmdb:HMDB0000670","pubchem:9085","chemspider:8732","kegg:C01924","CAS:156-86-5","hmdb:HMDB0000670",NA,NA,NA,NA,"","Homoarginine"
100000963,400,22138,155793,"Amino Acid","Urea cycle; Arginine and Proline Metabolism",494,"NAMED","XIGSAGMEBXLVJJ-YFKPBYRVSA-N","N[C@H](C(O)=O)CCCCNC(N)=O","homocitrulline","homocitrulline",NA,"hmdb:HMDB0000679","pubchem:65072","chemspider:58582","kegg:C02427","CAS:1190-49-4","hmdb:HMDB0000679",NA,NA,NA,NA,"","Homocitrulline"
100000967,402,22154,158341,"Peptide","Polypeptide",1065,"NAMED","QXZGBUJJYSLZLT-FDISYFBBSA-N","O=C(N[C@H](C(N[C@H](C(N1[C@H](C(N[C@H](C(N[C@@H](CCCNC(N)=N)C(O)=O)=O)CC2=CC=CC=C2)=O)CCC1)=O)CO)=O)CC3=CC=CC=C3)CNC([C@H]4N(C([C@H]5N(C([C@H](CCCNC(N)=N)N)=O)CCC5)=O)CCC4)=O","bradykinin","bradykinin",NA,"hmdb:HMDB0004246","pubchem:439201","chemspider:388341","kegg:C00306","CAS:58-82-2","hmdb:HMDB0004246",NA,NA,NA,NA,"","Bradykinin"
100000979,209,22112,164719,"Xenobiotics","Benzoate Metabolism",4474,"NAMED","OLSDAJRAVOVKLG-UHFFFAOYSA-N","OC(C(O)C1=CC=CC(O)=C1)=O","3-hydroxymandelate","3-hydroxymandelate",NA,"hmdb:HMDB0000750","pubchem:86957","chemspider:78444","","CAS:17119-15-2","hmdb:HMDB0000750",NA,NA,NA,NA,"","3-Hydroxymandelic acid"
100000984,400,27605,235039,"Xenobiotics","Drug - Antibiotic",5528,"NAMED","MQJKPEGWNLWLTK-UHFFFAOYSA-N","O=S(C1=CC=C(N)C=C1)(C2=CC=C(N)C=C2)=O","dapson","dapson",NA,"hmdb:HMDB0014395","pubchem:2955","chemspider:2849","kegg:C07666,D00592","CAS:80-08-0","hmdb:HMDB0014395",NA,NA,NA,NA,"",NA
100000987,209,32506,125864,"Lipid","Monoacylglycerol",2873,"NAMED","IEPGNWMPIFDNSD-HZJYTTRNSA-N","O=C(OC(CO)CO)CCCCCCC/C=C\C/C=C\CCCCC","2-linoleoylglycerol (18:2)","2-linoleoylglycerol (18:2)",NA,"hmdb:HMDB0011538","pubchem:5365676","chemspider:4517636","","CAS:3443-82-1","hmdb:HMDB0011538",NA,NA,NA,NA,"","MG 18:2"
100000997,209,22053,123301,"Lipid","Fatty Acid, Monohydroxy",1983,"NAMED","FYSSBMZUBSBFJL-UHFFFAOYSA-N","OC(CC(O)=O)CCCCCCC","3-hydroxydecanoate","3-hydroxydecanoate",NA,"hmdb:HMDB0002203","pubchem:26612","chemspider:24790","","CAS:5561-87-5","hmdb:HMDB0002203",NA,NA,NA,NA,"","3-Hydroxydecanoic acid"
100000998,400,22158,155797,"Amino Acid","Glutamate Metabolism",63,"NAMED","XFTRTWQBIOMVPK-UHFFFAOYSA-N","OC(CC(O)(C)C(O)=O)=O","citramalate","citramalate",NA,"hmdb:HMDB0000426","pubchem:1081","chemspider:1051","kegg:C00815","CAS:6236-10-8","hmdb:HMDB0000426",NA,NA,NA,NA,"","Citramalic acid"
100001002,209,22163,124685,"Xenobiotics","Chemical",6156,"NAMED","KCXVZYZYPLLWCC-UHFFFAOYSA-N","O=C(CN(CCN(CC(O)=O)CC(O)=O)CC(O)=O)O","EDTA","EDTA",NA,"hmdb:HMDB0015109","pubchem:6049","chemspider:5826","kegg:C00284","CAS:60-00-4","hmdb:HMDB0015109",NA,NA,NA,NA,"","EDTA"
100001006,400,27710,155837,"Amino Acid","Glycine, Serine and Threonine Metabolism",2,"NAMED","OKJIRPAQVSHGFK-UHFFFAOYSA-N","O=C(O)C(NC(C)=O)[H]","N-acetylglycine","N-acetylglycine",NA,"hmdb:HMDB0000532","pubchem:10972","chemspider:10507","","CAS:543-24-8","hmdb:HMDB0000532",NA,NA,NA,NA,"","N-Acetylglycine"
100001007,305,27731,147186,"Carbohydrate","Pentose Metabolism",1263,"NAMED","QXKAIJAYHKCRRA-BXXZVTAOSA-N","OC([C@H](O)[C@H](O)[C@H](O)CO)=O","ribonate","ribonate",NA,"hmdb:HMDB0000867","pubchem:5460677","chemspider:4574162","kegg:C01685","CAS:5336-08-3","hmdb:HMDB0000867",NA,NA,NA,NA,"","Ribonic acid"
100001010,402,27507,234929,"Xenobiotics","Drug - Psychoactive",5923,"NAMED","QHSMEGADRFZVNE-UHFFFAOYSA-N","FC1=CC=CC=C1C2=NCC3=CN=C(CO)N3C4=C2C=C(Cl)C=C4","1'-hydroxymidazolam","1'-hydroxymidazolam",NA,"hmdb:HMDB0061089","pubchem:107917","chemspider:97043","","CAS:59468-90-5","hmdb:HMDB0061089",NA,NA,NA,NA,"",NA
100001022,305,27738,146524,"Cofactors and Vitamins","Ascorbate and Aldarate Metabolism",4354,"NAMED","JPIJQSOTBSSVTP-UHFFFAOYSA-N","O=C(O)C(O)([H])C([H])(O)CO","threonate","threonate",NA,"hmdb:HMDB0062620,HMDB0000943","pubchem:151152,5460407","chemspider:133224","kegg:C01620","CAS:70753-61-6","hmdb:HMDB0062620",NA,NA,NA,NA,"","Threonic acid"
100001026,305,27719,152158,"Carbohydrate","Fructose, Mannose and Galactose Metabolism",1373,"NAMED","RGHNJXZEOKUKBD-MGCNEYSASA-N","O[C@H]([C@H]([C@H]([C@@H](CO)O)O)O)C(O)=O","galactonate","galactonate",NA,"hmdb:HMDB0000565","pubchem:12310779,128869","chemspider:114198","kegg:C00880,C15930","CAS:299-28-5","hmdb:HMDB0000565",NA,NA,NA,NA,"","Galactonic acid"
100001033,402,27414,164190,"Lipid","Sterol",3222,"NAMED","KZJWDPNRJALLNS-XGEQACPASA-N","C[C@@]1([C@]([C@@H](CC[C@@H]([C@H](C)C)CC)C)([H])CC2)[C@@]2([H])[C@@](CC=C3[C@@]4(CC[C@H](O)C3)C)([H])[C@@]4([H])CC1","beta-sitosterol","beta-sitosterol",NA,"hmdb:HMDB0000852","pubchem:222284","chemspider:192962","kegg:C01753","CAS:83-46-5","hmdb:HMDB0000852",NA,NA,NA,NA,"","Sitosterol"
100001034,209,27513,126866,"Amino Acid","Tryptophan Metabolism",299,"NAMED","SEOVTRFCIGRIMH-UHFFFAOYSA-N","OC(CC1=CNC2=C1C=CC=C2)=O","indoleacetate","indoleacetate",NA,"hmdb:HMDB0000197","pubchem:802","chemspider:780","kegg:C00954","CAS:6505-45-9","hmdb:HMDB0000197",NA,NA,NA,NA,"","Indoleacetic acid"
100001040,209,27447,126071,"Lipid","Monoacylglycerol",2857,"NAMED","WECGLUPZRHILCT-HZJYTTRNSA-N","CCCCC/C=C\C/C=C\CCCCCCCC(OCC(O)CO)=O","1-linoleoylglycerol (18:2)","1-linoleoylglycerol (18:2)",NA,"hmdb:HMDB0011568","pubchem:5283469","chemspider:4446589","","CAS:2277-28-3","hmdb:HMDB0011568",NA,NA,NA,NA,"","MG 18:2"
100001051,209,30460,124693,"Amino Acid","Histidine Metabolism",71,"NAMED","BRMWTNUJHUMWMS-LURJTMIESA-N","N[C@H](C(O)=O)CC1=CN(C)C=N1","1-methylhistidine","1-methylhistidine",NA,"hmdb:HMDB0000001","pubchem:92105","chemspider:83153","kegg:C01152","CAS:332-80-9","hmdb:HMDB0000001",NA,NA,NA,NA,"","1-Methylhistidine"
100001054,400,32412,155935,"Lipid","Fatty Acid Metabolism (also BCAA Metabolism)",1769,"NAMED","QWYFHHGCZUCMBN-SECBINFHSA-N","CCCC(O[C@H](CC([O-])=O)C[N+](C)(C)C)=O","butyrylcarnitine (C4)","butyrylcarnitine (C4)",NA,"hmdb:HMDB0002013","pubchem:439829","chemspider:184820","kegg:C02862","CAS:25576-40-3","hmdb:HMDB0002013",NA,NA,NA,NA,"","CAR 4:0"
100001055,400,33441,156017,"Amino Acid","Leucine, Isoleucine and Valine Metabolism",426,"NAMED","LRCNOZRCYBNMEP-VIFPVBQESA-N","CC(C)C(O[C@@H](CC([O-])=O)C[N+](C)(C)C)=O","isobutyrylcarnitine (C4)","isobutyrylcarnitine (C4)",NA,"hmdb:HMDB0000736","pubchem:168379","","","CAS:25518-49-4","hmdb:HMDB0000736",NA,NA,NA,NA,"","CAR 3:0;2Me"
100001064,209,31912,151471,"Lipid","Secondary Bile Acid Metabolism",3500,"NAMED","XBSQTYHEGZTYJE-PGVYWSLXSA-N","O[C@@H](C[C@]1(CC[C@]([C@@]([H])2CC3)([H])[C@](CC[C@@]2(C)[C@]3([H])[C@@H](CCC(NCC(O)=O)=O)C)4[H])[H])CC[C@@]14C","glycolithocholate","glycolithocholate",NA,"hmdb:HMDB0000698","pubchem:115245","chemspider:103116","kegg:C15557","CAS:474-74-8","hmdb:HMDB0000698",NA,NA,NA,NA,"","Glycolithocholic acid"
100001073,209,31591,126075,"Lipid","Androgenic Steroids",3351,"NAMED","ZMITXKRGXGRMKS-HLUDHZFRSA-N","C[C@]1([C@](CC2)([H])[C@]3([H])CC[C@@]4([H])C[C@H](OS(=O)(O)=O)CC[C@]4(C)[C@@]3([H])CC1)C2=O","androsterone sulfate","androsterone sulfate",NA,"hmdb:HMDB0002759","pubchem:159663","chemspider:19988780","","CAS:2479-86-9","hmdb:HMDB0002759",NA,NA,NA,NA,"","5alpha-Androstane-3alpha-ol-17-one sulfate"
100001083,209,32405,125818,"Amino Acid","Tryptophan Metabolism",305,"NAMED","GOLXRNDWAUTYKT-UHFFFAOYSA-N","OC(CCC1=CNC2=C1C=CC=C2)=O","indolepropionate","indolepropionate",NA,"hmdb:HMDB0002302","pubchem:3744","chemspider:3613","","CAS:830-96-6","hmdb:HMDB0002302",NA,NA,NA,NA,"","3-Indolepropionic acid"
100001086,209,31536,125774,"Xenobiotics","Food Component/Plant",4968,"NAMED","KSPQDMRTZZYQLM-UHFFFAOYSA-N","O=C(NCC(O)=O)C1=CC=CO1","N-(2-furoyl)glycine","N-(2-furoyl)glycine",NA,"hmdb:HMDB0000439","pubchem:21863","chemspider:20549","","CAS:5657-19-2,5657-19-2","hmdb:HMDB0000439",NA,NA,NA,NA,"","2-Furoylglycine"
100001092,400,32401,155930,"Cofactors and Vitamins","Nicotinate and Nicotinamide Metabolism",4323,"NAMED","WWNNZCOKKKDOPX-UHFFFAOYSA-N","C[N+]1=CC(C([O-])=O)=CC=C1","trigonelline (N'-methylnicotinate)","trigonelline (N'-methylnicotinate)",NA,"hmdb:HMDB0000875","pubchem:5570","chemspider:5369","kegg:C01004","CAS:535-83-1","hmdb:HMDB0000875",NA,NA,NA,NA,"","Trigonelline"
100001102,209,32388,125800,"Lipid","Fatty Acid, Dicarboxylate",1687,"NAMED","TVIDDXQYHWJXFK-UHFFFAOYSA-N","OC(CCCCCCCCCCC(O)=O)=O","dodecanedioate (C12-DC)","dodecanedioate (C12)",NA,"hmdb:HMDB0000623","pubchem:12736","chemspider:12213","kegg:C02678","CAS:693-23-2","hmdb:HMDB0000623",NA,NA,NA,NA,"","Dodecanedioic acid"
100001104,209,32390,125802,"Amino Acid","Tyrosine Metabolism",163,"NAMED","CAHKINHBCWCHCF-JTQLQIEISA-N","OC1=CC=C(C[C@@H](C(O)=O)NC(C)=O)C=C1","N-acetyltyrosine","N-acetyltyrosine",NA,"hmdb:HMDB0000866","pubchem:68310","chemspider:61606","","CAS:537-55-3","hmdb:HMDB0000866",NA,NA,NA,NA,"","N-Acetyltyrosine"
100001106,209,32391,125804,"Xenobiotics","Xanthine Metabolism",4597,"NAMED","OTSBKHHWSQYEHK-UHFFFAOYSA-N","CN1C(N(C(N2)=C(C1=O)NC2=O)C)=O","1,3-dimethylurate","1,3-dimethylurate",NA,"hmdb:HMDB0001857","pubchem:70346","chemspider:63527","","CAS:944-73-0","hmdb:HMDB0001857",NA,NA,NA,NA,"","1,3-Dimethyluric acid"
100001108,209,32445,125834,"Xenobiotics","Xanthine Metabolism",4602,"NAMED","GMSNIKWWOQHZGF-UHFFFAOYSA-N","O=C1N(C)C2=C(N=CN2)C(N1)=O","3-methylxanthine","3-methylxanthine",NA,"hmdb:HMDB0001886","pubchem:70639","chemspider:63805","kegg:C16357","CAS:1076-22-8","hmdb:HMDB0001886",NA,NA,NA,NA,"","3-Methylxanthine"
100001112,209,32457,151499,"Lipid","Fatty Acid, Monohydroxy",1986,"NAMED","MUCMKTPAZLSKTL-UHFFFAOYSA-N","OC(CC(CCCCCCCCC)O)=O","3-hydroxylaurate","3-hydroxylaurate",NA,"hmdb:HMDB0000387","pubchem:94216","chemspider:85026","","CAS:53941-38-1","hmdb:HMDB0000387",NA,NA,NA,NA,"","3-Hydroxydodecanoic acid"
100001121,209,31555,124697,"Cofactors and Vitamins","Vitamin B6 Metabolism",4452,"NAMED","HXACOUQIXZGNBF-UHFFFAOYSA-N","OC1=C(C(O)=O)C(CO)=CN=C1C","pyridoxate","pyridoxate",NA,"hmdb:HMDB0000017","pubchem:6723","chemspider:6467","kegg:C00847","CAS:82-82-6","hmdb:HMDB0000017",NA,NA,NA,NA,"","4-Pyridoxic acid"
100001126,209,43829,125876,"Peptide","Gamma-glutamyl Amino Acid",647,"NAMED","AQAKHZVPOOGUCK-XPUUQOCRSA-N","O=C(N[C@H]([C@@](O)=O)C(C)C)CC[C@@H]([C@](O)=O)N","gamma-glutamylvaline","gamma-glutamylvaline",NA,"hmdb:HMDB0011172","pubchem:7015683","","","CAS:2746-34-1","hmdb:HMDB0011172",NA,NA,NA,NA,"","gamma-Glutamylvaline"
100001145,209,31943,125798,"Lipid","Fatty Acid, Monohydroxy",1985,"NAMED","OQYZCCKCJQWHIE-UHFFFAOYSA-N","OC(CC(O)CCCCCCC(O)=O)=O","3-hydroxysebacate","3-hydroxysebacate",NA,"hmdb:HMDB0000350","pubchem:3017884","chemspider:2285525","","CAS:73141-46-5","hmdb:HMDB0000350",NA,NA,NA,NA,"","3-Hydroxysebacic acid"
100001148,209,31938,125792,"Lipid","Fatty Acid, Monohydroxy",1996,"NAMED","YDCRNMJQROAWFT-UHFFFAOYSA-N","CC(O)CCCC(O)=O","5-hydroxyhexanoate","5-hydroxyhexanoate",NA,"hmdb:HMDB0000409,HMDB0000525","pubchem:170748","chemspider:149280","","CAS:44843-89-2","hmdb:HMDB0000409",NA,NA,NA,NA,"","5-Hydroxycaproic acid"
100001150,209,31932,143851,"Lipid","Fatty Acid Metabolism (also BCAA Metabolism)",1773,"NAMED","WOMAZEJKVZLLFE-UHFFFAOYSA-N","O=C(CC)NCC(O)=O","propionylglycine","propionylglycine (C3)",NA,"hmdb:HMDB0000783","pubchem:98681","chemspider:89122","","CAS:21709-90-0","hmdb:HMDB0000783",NA,NA,NA,NA,"","N-Propionylglycine"
100001151,209,31850,125782,"Lipid","Fatty Acid Metabolism (also BCAA Metabolism)",1770,"NAMED","WPSSBBPLVMTKRN-UHFFFAOYSA-N","O=C(CNC(CCC)=O)O","butyrylglycine","butyrylglycine (C4)",NA,"hmdb:HMDB0000808","pubchem:88412","chemspider:79766","","CAS:20208-73-5","hmdb:HMDB0000808",NA,NA,NA,NA,"","NA-Gly 4:0"
100001155,209,31928,125790,"Amino Acid","Leucine, Isoleucine and Valine Metabolism",399,"NAMED","HOACIBQKYRHBOW-UHFFFAOYSA-N","O=C(O)CNC(C(C)CC)=O","2-methylbutyrylglycine","2-methylbutyrylglycine (C5)",NA,"hmdb:HMDB0000339","pubchem:193872","chemspider:168243","","CAS:52320-67-9","hmdb:HMDB0000339",NA,NA,NA,NA,"","2-Methylbutyrylglycine"
100001162,400,32452,155955,"Lipid","Fatty Acid Metabolism (also BCAA Metabolism)",1772,"NAMED","UFAHZIUFPNSHSL-UHFFFAOYSA-N","[O-]C(CC(OC(CC)=O)C[N+](C)(C)C)=O","propionylcarnitine (C3)","propionylcarnitine (C3)",NA,"hmdb:HMDB0000824","pubchem:107738","chemspider:96904","kegg:C03017","CAS:17298-37-2","hmdb:HMDB0000824",NA,NA,NA,NA,"","CAR 3:0"
100001167,400,35127,156146,"Amino Acid","Urea cycle; Arginine and Proline Metabolism",515,"NAMED","ONPXCLZMBSJLSP-ALKRTJFJSA-N","OC([C@H]1N(C([C@H]2NCCC2)=O)CC(O)C1)=O","pro-hydroxy-pro","prolylhydroxyproline",NA,"hmdb:HMDB0006695","pubchem:11902893","chemspider:9847785","","CAS:18684-24-7","hmdb:HMDB0006695",NA,NA,NA,NA,"","Pro-hydroxyPro"
100001170,209,32397,125810,"Amino Acid","Leucine, Isoleucine and Valine Metabolism",405,"NAMED","ZMZQVAUJTDKQGE-UHFFFAOYSA-N","O=C(O)C(CC)CO","3-hydroxy-2-ethylpropionate","3-hydroxy-2-ethylpropionate",NA,"hmdb:HMDB0000396","pubchem:188979","chemspider:164207","","CAS:4374-62-3","hmdb:HMDB0000396",NA,NA,NA,NA,"","2-Ethyl-hydracrylic acid"
100001178,209,31787,142911,"Lipid","Fatty Acid, Dicarboxylate",1706,"NAMED","WMCQWXZMVIETAO-UHFFFAOYSA-N","CCCC1=C(C)C(C(O)=O)=C(CCC(O)=O)O1","3-carboxy-4-methyl-5-propyl-2-furanpropanoate (CMPF)","3-carboxy-4-methyl-5-propyl-2-furanpropanoate (CMPF)",NA,"hmdb:HMDB0061112","pubchem:123979","chemspider:110498","","CAS:86879-39-2","hmdb:HMDB0061112",NA,NA,NA,NA,"","3-Carboxy-4-methyl-5-propyl-2-furanpropanoic acid"
100001180,209,32413,125822,"Lipid","Fatty Acid, Monohydroxy",1968,"NAMED","JYZJYKOZGGEXSX-UHFFFAOYSA-N","OC(C(O)=O)CCCCCCCCCCCC","2-hydroxymyristate","2-hydroxymyristate",NA,"hmdb:HMDB0002261","pubchem:1563","chemspider:1508","kegg:C13790","CAS:2507-55-3","hmdb:HMDB0002261",NA,NA,NA,NA,"","2-Hydroxymyristic acid"
100001181,209,32504,125862,"Lipid","Long Chain Polyunsaturated Fatty Acid (n3 and n6)",1563,"NAMED","YUFFSWGQGVEMMI-JLNKQSITSA-N","O=C(O)CCCCC/C=C\C/C=C\C/C=C\C/C=C\C/C=C\CC","docosapentaenoate (n3 DPA; 22:5n3)","docosapentaenoate (DPA; 22:5n3)",NA,"hmdb:HMDB0006528,HMDB0001976","pubchem:6441454","","kegg:C16513","CAS:2234-74-4","hmdb:HMDB0006528",NA,NA,NA,NA,"","Docosapentaenoic acid (22n-6)"
100001182,209,32415,125824,"Lipid","Long Chain Polyunsaturated Fatty Acid (n3 and n6)",1578,"NAMED","HVGRZDASOHMCSK-AVQMFFATSA-N","CCCCC/C=C/C/C=C/CCCCCCCCCCCC(O)=O","docosadienoate (22:2n6)","docosadienoate (22:2n6)",NA,"hmdb:HMDB0061714","pubchem:5282807","chemspider:4445934","kegg:C16533","CAS:7370-49-2","hmdb:HMDB0061714",NA,NA,NA,NA,"","13Z,16Z-Docosadienoic acid"
100001193,209,32980,125866,"Lipid","Long Chain Polyunsaturated Fatty Acid (n3 and n6)",1576,"NAMED","TWSWSIQAPQLDBP-CGRWFSSPSA-N","O=C(CCCCC/C=C/C/C=C/C/C=C/C/C=C/CCCCC)O","adrenate (22:4n6)","adrenate (22:4n6)",NA,"hmdb:HMDB0002226","pubchem:5282844,5497181","chemspider:4445971","kegg:C16527","CAS:2091-25-0","hmdb:HMDB0002226",NA,NA,NA,NA,"","Adrenic acid"
100001195,209,32417,125826,"Lipid","Long Chain Polyunsaturated Fatty Acid (n3 and n6)",1565,"NAMED","WBBQTNCISCKUMU-IUQGRGSQSA-N","CC/C=C/C/C=C/C/C=C/CCCCCCCCCCCC(O)=O","docosatrienoate (22:3n3)","docosatrienoate (22:3n3)",NA,"hmdb:HMDB0002823","pubchem:5312556","chemspider:4471981","kegg:C16534","CAS:59708-86-0","hmdb:HMDB0002823",NA,NA,NA,NA,"","13,16,19-Docosatrienoic acid"
100001197,209,32497,125854,"Lipid","Medium Chain Fatty Acid",1501,"NAMED","FRPZMMHWLSIFAZ-UHFFFAOYSA-N","O=C(CCCCCCCCC=C)O[H]","10-undecenoate (11:1n1)","10-undecenoate (11:1n1)",NA,"hmdb:HMDB0033724","pubchem:14891","chemspider:10771160","kegg:C13910","CAS:1333-28-4","hmdb:HMDB0033724",NA,NA,NA,NA,"","10-Hendecenoic acid"
100001208,400,32350,155911,"Amino Acid","Histidine Metabolism",91,"NAMED","ZHCKPJGJQOPTLB-UHFFFAOYSA-N","O=C(O)CC1=CN(C)C=N1","1-methyl-4-imidazoleacetate","1-methyl-4-imidazoleacetate",NA,"hmdb:HMDB0002820","pubchem:75810","chemspider:68319","kegg:C05828","CAS:2625-49-2","hmdb:HMDB0002820",NA,NA,NA,NA,"","Methylimidazoleacetic acid"
100001211,209,32398,125812,"Lipid","Fatty Acid, Dicarboxylate",1682,"NAMED","CXMXRPHRNRROMY-UHFFFAOYSA-N","OC(CCCCCCCCC(O)=O)=O","sebacate (C10-DC)","sebacate (C10-DC)",NA,"hmdb:HMDB0000792","pubchem:5192","chemspider:5004","kegg:C08277","CAS:111-20-6","hmdb:HMDB0000792",NA,NA,NA,NA,"","Sebacic acid"
100001212,400,32446,155951,"Amino Acid","Guanidino and Acetamido Metabolism",564,"NAMED","VVHOUVWJCQOYGG-UHFFFAOYSA-N","N=C(N)NC(C(O)=O)CC(O)=O","guanidinosuccinate","guanidinosuccinate",NA,"hmdb:HMDB0003157","pubchem:439918","chemspider:88329","kegg:C03139","CAS:6133-30-8","hmdb:HMDB0003157",NA,NA,NA,NA,"","Guanidinosuccinic acid"
100001216,402,33418,164181,"Cofactors and Vitamins","Tocopherol Metabolism",4365,"NAMED","GZIFEOYASATJEH-VHFRWLAGSA-N","OC1=CC(C)=C2O[C@@](CCC[C@H](C)CCC[C@H](C)CCCC(C)C)(C)CCC2=C1","delta-tocopherol","delta-tocopherol",NA,"hmdb:HMDB0002902","pubchem:92094","chemspider:83144","kegg:C14151","CAS:119-13-1","hmdb:HMDB0002902",NA,NA,NA,NA,"","delta-Tocopherol"
100001226,209,32426,144353,"Cofactors and Vitamins","Hemoglobin and Porphyrin Metabolism",4413,"NAMED","OBHRVMZSZIDDEK-UHFFFAOYSA-N","CC1=C(CC(NC2=O)C(CC)=C2C)NC(CC3=C(CCC(O)=O)C(C)=C(CC(NC4=O)C(C)=C4CC)N3)=C1CCC(O)=O","I-urobilinogen","I-urobilinogen",NA,"hmdb:HMDB0004157","pubchem:9548718","chemspider:24980","kegg:C05789","CAS:14684-37-8","hmdb:HMDB0004157",NA,NA,NA,NA,"","Mesobilirubinogen"
100001229,209,33969,126890,"Lipid","Long Chain Polyunsaturated Fatty Acid (n3 and n6)",1558,"NAMED","JIWBIWFOSCKQMA-LTKCOYKYSA-N","CC\C=C/C\C=C/C\C=C/C\C=C/CCCCC(O)=O","stearidonate (18:4n3)","stearidonate (18:4n3)",NA,"hmdb:HMDB0006547","pubchem:5312508","chemspider:4471933","kegg:C16300","CAS:111174-40-4","hmdb:HMDB0006547",NA,NA,NA,NA,"","Stearidonic acid"
100001232,209,33968,126127,"Lipid","Medium Chain Fatty Acid",1505,"NAMED","IJBFSOLHRKELLR-FPLPWBNLSA-N","CCCCCC\C=C/CCCC(O)=O","5-dodecenoate (12:1n7)","5-dodecenoate (12:1n7)",NA,"hmdb:HMDB0000529","pubchem:5312378","chemspider:4471803","","CAS:2430-94-6","hmdb:HMDB0000529",NA,NA,NA,NA,"","5-Dodecenoic acid"
100001247,402,33936,158581,"Lipid","Fatty Acid Metabolism (Acyl Carnitine, Medium Chain)",1853,"NAMED","CXTATJFJDMJMIY-UHFFFAOYSA-N","[O-]C(CC(C[N+](C)(C)C)OC(CCCCCCC)=O)=O","octanoylcarnitine (C8)","octanoylcarnitine (C8)",NA,"hmdb:HMDB0000791","pubchem:123701,11953814","chemspider:110274","kegg:C02838","CAS:3671-77-0","hmdb:HMDB0000791",NA,NA,NA,NA,"","CAR 8:0"
100001250,209,33983,126892,"Lipid","Primary Bile Acid Metabolism",3467,"NAMED","XSOLDPYUICCHJX-OEYGYFRSSA-N","O=S(CCNC(CC[C@@H](C)[C@@]1([H])CCC2C3[C@@H](O)[C@@H](O)[C@]4([H])C[C@H](O)CC[C@]4(C)C3CC[C@]12C)=O)(O)=O","tauro-beta-muricholate","tauro-beta-muricholate",NA,"hmdb:HMDB0000932","pubchem:121596216,21124703,168408","chemspider:147312","","CAS:25696-60-0","hmdb:HMDB0000932",NA,NA,NA,NA,"","Tauro-beta-muricholic acid"
100001251,402,33941,158585,"Lipid","Fatty Acid Metabolism (Acyl Carnitine, Medium Chain)",1861,"NAMED","LZOSYCMHQXPBFU-UHFFFAOYSA-N","[O-]C(CC(C[N+](C)(C)C)OC(CCCCCCCCC)=O)=O","decanoylcarnitine (C10)","decanoylcarnitine (C10)",NA,"hmdb:HMDB0000651","pubchem:10245190","chemspider:8420677","","CAS:1492-27-9","hmdb:HMDB0000651",NA,NA,NA,NA,"","CAR 10:0"
100001253,305,33943,146952,"Amino Acid","Glutamate Metabolism",48,"NAMED","KSMRODHGGIIXDV-YFKPBYRVSA-N","OC([C@H](CCC(N)=O)NC(C)=O)=O","N-acetylglutamine","N-acetylglutamine",NA,"hmdb:HMDB0006029","pubchem:182230","chemspider:158492","kegg:C02716","CAS:2490-97-3","hmdb:HMDB0006029",NA,NA,NA,NA,"","N-Acetylglutamine"
100001254,209,33959,126119,"Amino Acid","Tryptophan Metabolism",255,"NAMED","DZTHIGRZJZPRDV-LBPRGKRZSA-N","O=C(O)[C@@H](NC(C)=O)CC1=CNC2=C1C=CC=C2","N-acetyltryptophan","N-acetyltryptophan",NA,"hmdb:HMDB0013713","pubchem:439917,700653","chemspider:610602","kegg:C03137","CAS:1218-34-4","hmdb:HMDB0013713",NA,NA,NA,NA,"","N-Acetyltryptophan"
100001256,209,33950,126109,"Amino Acid","Phenylalanine Metabolism",141,"NAMED","CBQJSKKFNMDLON-JTQLQIEISA-N","O=C(O)[C@@H](NC(C)=O)CC1=CC=CC=C1","N-acetylphenylalanine","N-acetylphenylalanine",NA,"hmdb:HMDB0000512","pubchem:74839","chemspider:67404","kegg:C03519","CAS:2018-61-3","hmdb:HMDB0000512",NA,NA,NA,NA,"","N-Acetylphenylalanine"
100001257,305,33942,147568,"Amino Acid","Alanine and Aspartate Metabolism",42,"NAMED","HXFOXFJUNFFYMO-BYPYZUCNSA-N","OC([C@@H](NC(C)=O)CC(N)=O)=O","N-acetylasparagine","N-acetylasparagine",NA,"hmdb:HMDB0006028","pubchem:99715","chemspider:90090","","CAS:4033-40-3","hmdb:HMDB0006028",NA,NA,NA,NA,"","N-Acetylasparagine"
100001263,402,33955,158599,"Lipid","Lysophospholipid",2601,"NAMED","ASWBNKHCZGQVJV-UHFFFAOYSA-N","O=P(OCC[N+](C)(C)C)([O-])OCC(O)COC(CCCCCCCCCCCCCCC)=O","1-palmitoyl-GPC (16:0)","1-palmitoyl-GPC (16:0)",NA,"hmdb:HMDB0010382","pubchem:86554","chemspider:78064","kegg:C04102","CAS:17364-16-8","hmdb:HMDB0010382",NA,NA,NA,NA,"","LPC 16:0/0:0"
100001266,400,33953,156051,"Amino Acid","Urea cycle; Arginine and Proline Metabolism",499,"NAMED","SNEIUMQYRCDYCH-LURJTMIESA-N","O=C(O)[C@@H](NC(C)=O)CCCNC(N)=N","N-acetylarginine","N-acetylarginine",NA,"hmdb:HMDB0004620","pubchem:67427","chemspider:60752","kegg:C02562","CAS:155-84-0","hmdb:HMDB0004620",NA,NA,NA,NA,"","N-Acetylarginine"
100001267,402,33935,158580,"Xenobiotics","Food Component/Plant",5006,"NAMED","MXXWOMGUGJBKIW-YPCIICBESA-N","O=C(N1CCCCC1)/C=C/C=C/C2=CC(OCO3)=C3C=C2","piperine","piperine",NA,"hmdb:HMDB0029377","pubchem:638024","chemspider:553590","kegg:C03882","CAS:94-62-2","hmdb:HMDB0029377",NA,NA,NA,NA,"","Piperine"
100001269,402,33997,164179,"Lipid","Sterol",3225,"NAMED","SGNBVLSWZMBQTH-PODYLUTMSA-N","C[C@H](CC[C@@H](C)C(C)C)[C@@]1([H])CC[C@@]2([H])[C@]3([H])CC=C4C[C@@H](O)CC[C@]4(C)[C@@]3([H])CC[C@@]21C","campesterol","campesterol",NA,"hmdb:HMDB0002869","pubchem:173183","chemspider:151215","kegg:C01789","CAS:474-62-4","hmdb:HMDB0002869",NA,NA,NA,NA,"","Campesterol"
100001270,402,33952,158596,"Lipid","Fatty Acid Metabolism (Acyl Carnitine, Long Chain Saturated)",1863,"NAMED","PSHXNVGSVNEJBD-UHFFFAOYSA-N","O=C(CCCCCCCCCCCCC)OC(CC([O-])=O)C[N+](C)(C)C","myristoylcarnitine (C14)","myristoylcarnitine (C14)",NA,"hmdb:HMDB000506","pubchem:6426854","chemspider:4932274","","CAS:18822-89-4","hmdb:HMDB000506",NA,NA,NA,NA,"","CAR 14:0"
100001271,402,33961,158603,"Lipid","Lysophospholipid",2612,"NAMED","IHNKQIMGVNPMTC-RUZDIDTESA-N","O[C@H](COC(CCCCCCCCCCCCCCCCC)=O)COP(OCC[N+](C)(C)C)([O-])=O","1-stearoyl-GPC (18:0)","1-stearoyl-GPC (18:0)",NA,"hmdb:HMDB0010384","pubchem:497300","chemspider:435389","","CAS:19420-57-6","hmdb:HMDB0010384",NA,NA,NA,NA,"","LPC 18:0/0:0"
100001272,402,48258,160285,"Lipid","Lysophospholipid",2614,"NAMED","YAMUFBLWGFFICM-PTGWMXDISA-N","O[C@H](COC(CCCCCCC/C=C\CCCCCCCC)=O)COP(OCC[N+](C)(C)C)([O-])=O","1-oleoyl-GPC (18:1)","1-oleoyl-GPC (18:1)",NA,"hmdb:HMDB0002815","pubchem:16081932","chemspider:17240641","kegg:C03916","CAS:19420-56-5","hmdb:HMDB0002815",NA,NA,NA,NA,"","LPC 18:1/0:0"
100001274,305,33939,147566,"Amino Acid","Glycine, Serine and Threonine Metabolism",18,"NAMED","PEDXUVCGOLSNLQ-UHFFFAOYSA-N","CC(O)C(C(O)=O)NC(C)=O","N-acetylthreonine","N-acetylthreonine",NA,"hmdb:HMDB0062557","pubchem:152204","chemspider:3841173","","CAS:17093-74-2","hmdb:HMDB0062557",NA,NA,NA,NA,"","N-Acetylthreonine"
100001275,209,33945,126103,"Peptide","Acetylated Peptides",1190,"NAMED","UTYVDVLMYQPLQB-UHFFFAOYSA-N","OC(CNC(CC1=CC=CC=C1)=O)=O","phenylacetylglycine","phenylacetylglycine",NA,"hmdb:HMDB0000821","pubchem:68144","chemspider:61452","kegg:C05598","CAS:500-98-1","hmdb:HMDB0000821",NA,NA,NA,NA,"","Phenylacetylglycine"
100001276,209,33967,126125,"Amino Acid","Leucine, Isoleucine and Valine Metabolism",387,"NAMED","JDTWZSUNGHMMJM-MSZQBOFLSA-N","CC(N[C@H](C(O)=O)C(C)CC)=O","N-acetylisoleucine","N-acetylisoleucine",NA,"hmdb:HMDB0061684","pubchem:306109","chemspider:2081100","","CAS:3077-46-1","hmdb:HMDB0061684",NA,NA,NA,NA,"","N-Acetylisoleucine"
100001277,209,33972,126131,"Lipid","Long Chain Monounsaturated Fatty Acid",1541,"NAMED","BBOWBNGUEWHNQZ-KTKRTIGZSA-N","O=C(O)CCCCCCCC/C=C\CCCCCCCC","10-nonadecenoate (19:1n9)","10-nonadecenoate (19:1n9)",NA,"hmdb:HMDB0013622","pubchem:5312513","chemspider:4471938","","CAS:73033-09-7","hmdb:HMDB0013622",NA,NA,NA,NA,"","Nonadeca-10Z-enoic acid"
100001278,209,33971,126129,"Lipid","Long Chain Monounsaturated Fatty Acid",1532,"NAMED","GDTXICBNEOEPAZ-FPLPWBNLSA-N","O=C(O)CCCCCCCC/C=C\CCCCCC","10-heptadecenoate (17:1n7)","10-heptadecenoate (17:1n7)",NA,"hmdb:HMDB0060038","pubchem:5312435","chemspider:4471860","","CAS:29743-97-3","hmdb:HMDB0060038",NA,NA,NA,NA,"","10Z-Heptadecenoic acid"
100001279,209,34093,126896,"Lipid","Secondary Bile Acid Metabolism",3526,"NAMED","DKPMWHFRUGMUKF-OAEKOJLISA-N","C[C@]12CC[C@@H](O)C[C@@]1([H])[C@@H](O)[C@@H](O)C3C2CC[C@@]4(C)C3CCC4C(CCC(O)=O)C","hyocholate","hyocholate",NA,"hmdb:HMDB0000760","pubchem:92805","chemspider:21403098","kegg:C17649","CAS:547-75-1","hmdb:HMDB0000760",NA,NA,NA,NA,"","Hyocholic acid"
100001287,209,33973,126133,"Lipid","Androgenic Steroids",3343,"NAMED","ZMITXKRGXGRMKS-FMLJXKFRSA-N","O=C1CCC2C3CC[C@@]4([H])C[C@@H](OS(=O)(O)=O)CC[C@]4(C)C3CC[C@@]21C","epiandrosterone sulfate","epiandrosterone sulfate",NA,"hmdb:HMDB0062657","pubchem:9929317","chemspider:21403101","kegg:C04555","CAS:22229-22-7","hmdb:HMDB0062657",NA,NA,NA,NA,"","Epiandrosterone"
100001292,209,34420,126946,"Peptide","Polypeptide",1068,"NAMED","VCEHWDBVPZFHAG-POFDKVPJSA-N","O=C(N[C@H](C(N[C@H](C(N1[C@H](C(N[C@H](C(O)=O)CC2=CC=CC=C2)=O)CCC1)=O)CO)=O)CC3=CC=CC=C3)CNC([C@H]4N(C([C@H]5N(C([C@H](CCCNC(N)=N)N)=O)CCC5)=O)CCC4)=O","bradykinin, des-arg(9)","bradykinin, des-arg(9)",NA,"hmdb:HMDB04246","pubchem:105044","chemspider:94778","kegg:C00306","CAS:15958-92-6","hmdb:HMDB04246",NA,NA,NA,NA,"",NA
100001293,305,33946,147200,"Amino Acid","Histidine Metabolism",73,"NAMED","KBOJOGQFRVVWBH-ZETCQYMHSA-N","OC([C@@H](NC(C)=O)CC1=CNC=N1)=O","N-acetylhistidine","N-acetylhistidine",NA,"hmdb:HMDB0032055","pubchem:75619","chemspider:68142","kegg:C02997","CAS:39145-52-3","hmdb:HMDB0032055",NA,NA,NA,NA,"","N-Acetylhistidine"
100001294,400,33949,156047,"Peptide","Gamma-glutamyl Amino Acid",636,"NAMED","ACIJGUBIMXQCMF-BYPYZUCNSA-N","O=C(O)[C@@H](N)CCC(NCC(O)=O)=O","gamma-glutamylglycine","gamma-glutamylglycine",NA,"hmdb:HMDB0011667","pubchem:100099","chemspider:145071","","CAS:1948-29-4","hmdb:HMDB0011667",NA,NA,NA,NA,"","gamma-Glutamylglycine"
100001295,209,33947,126107,"Peptide","Gamma-glutamyl Amino Acid",645,"NAMED","CATMPQFFVNKDEY-AAEUAGOBSA-N","O=C(O)[C@@H](N)CCC(N[C@@H](CC1=CNC2=C1C=CC=C2)C(O)=O)=O","gamma-glutamyltryptophan","gamma-glutamyltryptophan",NA,"hmdb:HMDB0029160","pubchem:3989307","chemspider:2302065","","CAS:66471-20-3","hmdb:HMDB0029160",NA,NA,NA,NA,"","gamma-Glutamyltryptophan"
100001296,400,34384,156088,"Xenobiotics","Food Component/Plant",5064,"NAMED","CMUNUTVVOOHQPW-LURJTMIESA-N","C[N+]1(C)[C@H]([C@@]([O-])=O)CCC1","stachydrine","stachydrine",NA,"hmdb:HMDB0004827","pubchem:115244","chemspider:103115","kegg:C10172","CAS:4136-37-2","hmdb:HMDB0004827",NA,NA,NA,NA,"","Stachydrine"
100001300,305,46537,146562,"Amino Acid","Leucine, Isoleucine and Valine Metabolism",424,"NAMED","NGEWQZIDQIYUNV-UHFFFAOYSA-N","OC(C(O)=O)C(C)C","alpha-hydroxyisovalerate","alpha-hydroxyisovalerate",NA,"hmdb:HMDB0000407","pubchem:99823","chemspider:90190","","CAS:600-37-3","hmdb:HMDB0000407",NA,NA,NA,NA,"","2-Hydroxy-3-methylbutyric acid"
100001309,400,32882,155992,"Xenobiotics","Drug - Psychoactive",5862,"NAMED","RCOBKSKAZMVBHT-NCWAPJAISA-N","CC1[C@@](OCC(C)(C)N1)(O)[C@]2=CC(Cl)=CC=C2","hydroxybupropion","hydroxybupropion",NA,"hmdb:HMDB0012235","pubchem:446","chemspider:21403106","","","hmdb:HMDB0012235",NA,NA,NA,NA,"","Hydroxybupropion"
100001310,400,33013,155997,"Cofactors and Vitamins","Nicotinate and Nicotinamide Metabolism",4308,"NAMED","BUCXGWMZJBKEMD-UHFFFAOYSA-N","NC(C1=C[N+](C2C(C(C(C[O-])O2)O)O)=CC=C1)=O","nicotinamide riboside","nicotinamide riboside",NA,"hmdb:HMDB0000855","pubchem:439924","","kegg:C03150","CAS:1341-23-7","hmdb:HMDB0000855",NA,NA,NA,NA,"","Nicotinamide riboside"
100001313,400,44872,157084,"Peptide","Gamma-glutamyl Amino Acid",642,"NAMED","RQNSKRXMANOPQY-BQBZGAKWSA-N","O=C(O)[C@H](CCSC)NC(CC[C@@H](C(O)=O)N)=O","gamma-glutamylmethionine","gamma-glutamylmethionine",NA,"hmdb:HMDB0029155","pubchem:7009567","chemspider:5373147","","CAS:17663-87-5","hmdb:HMDB0029155",NA,NA,NA,NA,"","gamma-Glutamylmethionine"
100001314,400,33364,156009,"Peptide","Gamma-glutamyl Amino Acid",644,"NAMED","GWNXFCYUJXASDX-JUZNGCLZSA-N","CC(O)[C@@H](C(O)=O)NC(CC[C@@H](C(O)=O)N)=O","gamma-glutamylthreonine","gamma-glutamylthreonine",NA,"hmdb:HMDB0029159","pubchem:76078708","chemspider:21403107","","CAS:5652-48-2","hmdb:HMDB0029159",NA,NA,NA,NA,"","gamma-Glutamylthreonine"
100001315,209,36103,143727,"Xenobiotics","Benzoate Metabolism",4553,"NAMED","WGNAKZGUSRVWRH-UHFFFAOYSA-N","O=S(OC1=CC=C(C)C=C1)(O)=O","p-cresol sulfate","p-cresol sulfate",NA,"hmdb:HMDB0011635","pubchem:4615423","chemspider:3806480","","CAS:3233-57-7","hmdb:HMDB0011635",NA,NA,NA,NA,"","p-Cresol sulfate"
100001316,400,33471,156023,"Cofactors and Vitamins","Nicotinate and Nicotinamide Metabolism",4303,"NAMED","PUEDDPCUCPRQNY-ZYUZMQFOSA-N","O[C@H]([C@@H]1O)[C@@H](O[C@@H]1CO)[N@+]2=CC(C([O-])=O)=CC=C2","nicotinate ribonucleoside","nicotinate ribonucleoside",NA,"hmdb:HMDB0006809","pubchem:161233","chemspider:141635","kegg:C05841","CAS:2625-49-2","hmdb:HMDB0006809",NA,NA,NA,NA,"","D-Ribosylnicotinate"
100001317,400,33139,156003,"Xenobiotics","Drug - Metabolic",5771,"NAMED","HYAFETHFCAUJAY-UHFFFAOYSA-N","O=C(N1)C(SC1=O)CC(C=C2)=CC=C2OCCC(N=C3)=CC=C3CC","pioglitazone","pioglitazone",NA,"hmdb:HMDB0015264","pubchem:4829","chemspider:4663","kegg:D08378,C07675,
DG00117","CAS:112529-15-4","hmdb:HMDB0015264",NA,NA,NA,NA,"","Pioglitazone"
100001320,305,42420,148204,"Carbohydrate","Aminosugar Metabolism",1432,"NAMED","JPIJQSOTBSSVTP-PWNYCUMCSA-N","OC[C@@H](O)[C@@H](O)C(O)=O","erythronate*","erythronate*",NA,"hmdb:HMDB0000613","pubchem:2781043","chemspider:2061231","","CAS:88759-55-1","hmdb:HMDB0000613",NA,NA,NA,NA,"","Erythronic acid"
100001322,209,57709,212497,"Peptide","Fibrinogen Cleavage Peptide",1157,"NAMED","JWICNZAGYSIBAR-UHFFFAOYSA-N","O=C(NC(CC(C)C)C(NC(C)C(NC(CCC(O)=O)C(NCC(NCC(NCC(NC(C(C)C)C(NC(CCCNC(N)=N)C(O)=O)=O)=O)=O)=O)=O)=O)=O)C(CC1=CC=CC=C1)NC(C(CC(O)=O)NC(CNC(C(CCC(O)=O)NC(CNC(C(CO)NC(C(CC(O)=O)NC(C(C)N)=O)=O)=O)=O)=O)=O)=O","Fibrinopeptide A*","ADSGEGDFXAEGGGVR*",NA,"","pubchem:25081464","chemspider:14654187","","CAS:25422-31-5","pubchem:25081464",NA,NA,NA,NA,"",NA
100001323,209,31548,147074,"Peptide","Fibrinogen Cleavage Peptide",1165,"NAMED","JAMFMQAPZKXSKC-UHFFFAOYSA-N","O=C(NC(CC(C)C)C(NC(C)C(NC(CCC(O)=O)C(NCC(NCC(NCC(NC(C(C)C)C(NC(CCCNC(N)=N)C(O)=O)=O)=O)=O)=O)=O)=O)=O)C(CC1=CC=CC=C1)NC(C(CC(O)=O)NC(CNC(C(CCC(O)=O)NC(CNC(C(CO)NC(C(CC(O)=O)N)=O)=O)=O)=O)=O)=O","Fibrinopeptide A, des-ala(1)*","DSGEGDFXAEGGGVR*",NA,"","pubchem:132993922","chemspider:21403111","","","pubchem:132993922",NA,NA,NA,NA,"",NA
100001324,209,57712,212501,"Peptide","Fibrinogen Cleavage Peptide",1166,"NAMED","DROFZMGQYLJNLQ-UHFFFAOYSA-N","O=C(NC(CC(C)C)C(NC(C)C(NC(CCC(O)=O)C(NCC(NCC(NCC(NC(C(C)C)C(NC(CCCNC(N)=N)C(O)=O)=O)=O)=O)=O)=O)=O)=O)C(CC1=CC=CC=C1)NC(C(CC(O)=O)NC(CNC(C(CCC(O)=O)NC(CNC(C(COP(O)(O)=O)NC(C(CC(O)=O)NC(C(C)N)=O)=O)=O)=O)=O)=O)=O","Fibrinopeptide A, phosphono-ser(3)*","ADpSGEGDFXAEGGGVR*",NA,"","pubchem:132993923","chemspider:21403112","","CAS:886023-52-5","pubchem:132993923",NA,NA,NA,NA,"",NA
100001332,209,33384,144296,"Xenobiotics","Drug - Analgesics, Anesthetics",5405,"NAMED","OEPADIDIUZTYOX-UHFFFAOYSA-N","OC1=CC=CC=C1C(NCC(OC2C(O)C(O)C(O)C(C(O)=O)O2)=O)=O","salicyluric glucuronide*","salicyluric glucuronide*",NA,"hmdb:HMDB0240252","pubchem:121596205","chemspider:21403117","","","hmdb:HMDB0240252",NA,NA,NA,NA,"","Salicyluric glucuronide"
100001335,209,33587,143715,"Lipid","Long Chain Monounsaturated Fatty Acid",1544,"NAMED","BITHHVVYSMSWAG-KTKRTIGZSA-N","O=C(O)CCCCCCCCC/C=C\CCCCCCCC","eicosenoate (20:1)","eicosenoate (20:1n9 or 1n11)",NA,"hmdb:HMDB0002231,HMDB0062436","pubchem:5282768,5282769,94159","chemspider:4445895","kegg:C16526","","hmdb:HMDB0002231",NA,NA,NA,NA,"","cis-Gondoic acid"
100001337,209,34035,143703,"Lipid","Long Chain Polyunsaturated Fatty Acid (n3 and n6)",1570,"NAMED","DTOSIQBPPRVQHS-PDBXOOCHSA-N","O=C(O)CCCCCCC/C=C\C/C=C\C/C=C\CC","linolenate [alpha or gamma; (18:3n3 or 6)]","linolenate (18:3n3 or 3n6)",NA,"hmdb:HMDB0003073,HMDB0001388","pubchem:5280933,5280934","chemspider:4444437","kegg:C06426,C06427","","hmdb:HMDB0003073",NA,NA,NA,NA,"","Octadecatrienoic acid"
100001359,209,46173,144239,"Energy","TCA Cycle",1442,"NAMED","","","aconitate [cis or trans]","aconitate [cis or trans]",NA,"hmdb:HMDB0000958,HMDB000072","pubchem:444212,643757","","kegg:C004174,C02341","","hmdb:HMDB0000958",NA,NA,NA,NA,"","cis-Aconitic acid"
100001385,400,34109,156073,"Xenobiotics","Drug - Cardiovascular",5643,"NAMED","PUQIRTNPJRFRCZ-UHFFFAOYSA-N","CC(C)NCC(O)COC1=CC=C(CC(O)=O)C=C1","metoprolol acid metabolite*","metoprolol acid metabolite*",NA,"","pubchem:62936","chemspider:56653","","CAS:56392-14-4","pubchem:62936",NA,NA,NA,NA,"",NA
100001386,402,41754,159409,"Cofactors and Vitamins","Hemoglobin and Porphyrin Metabolism",4408,"NAMED","GGIDWJQWCUJYRY-UHFFFAOYSA-K","CC1=C(CCC(O)=O)C(/C=C(C(CCC([O-])=O)=C/2C)\[N-]C2=C/C3=N/C(C(C=C)=C3C)=C\4)=N/C1=C\C(N([Fe+2])C4=C5C)=C5C=C","heme","heme",NA,"hmdb:HMDB0003178","pubchem:26945","","kegg:C00032","CAS:14875-96-8","hmdb:HMDB0003178",NA,NA,NA,NA,"","Heme"
100001391,402,34409,158657,"Lipid","Fatty Acid Metabolism (Acyl Carnitine, Long Chain Saturated)",1867,"NAMED","FNPHNLNTJNMAEE-HSZRJFAPSA-N","[O-]C(C[C@@H](OC(CCCCCCCCCCCCCCCCC)=O)C[N+](C)(C)C)=O","stearoylcarnitine (C18)","stearoylcarnitine (C18)",NA,"hmdb:HMDB0000848","pubchem:3006797","chemspider:21233653","","CAS:18822-91-8","hmdb:HMDB0000848",NA,NA,NA,NA,"","CAR 18:0"
100001392,402,34534,158670,"Lipid","Fatty Acid Metabolism (Acyl Carnitine, Medium Chain)",1862,"NAMED","FUJLYHJROOYKRA-UHFFFAOYSA-N","[O-]C(CC(C[N+](C)(C)C)OC(CCCCCCCCCCC)=O)=O","laurylcarnitine (C12)","laurylcarnitine (C12)",NA,"hmdb:HMDB000225","pubchem:168381","chemspider:8602997","","CAS:25518-54-1","hmdb:HMDB000225",NA,NA,NA,NA,"","CAR 12:0"
100001393,400,34407,156109,"Amino Acid","Leucine, Isoleucine and Valine Metabolism",354,"NAMED","IGQBPDJNUXPEMT-UHFFFAOYSA-N","[O-]C(CC(C[N+](C)(C)C)OC(CC(C)C)=O)=O","isovalerylcarnitine (C5)","isovalerylcarnitine (C5)",NA,"hmdb:HMDB0000688","pubchem:169235","chemspider:4932271","kegg:C20826","CAS:31023-24-2","hmdb:HMDB0000688",NA,NA,NA,NA,"","CAR 4:0;3Me"
100001395,402,34419,158662,"Lipid","Lysophospholipid",2617,"NAMED","SPJFYYJXNPEZDW-UTJQPWESSA-N","O=P(OCC(O)COC(CCCCCCC/C=C\C/C=C\CCCCC)=O)([O-])OCC[N+](C)(C)C","1-linoleoyl-GPC (18:2)","1-linoleoyl-GPC (18:2)",NA,"hmdb:HMDB0010386","pubchem:11988421","chemspider:10160888","kegg:C04100","","hmdb:HMDB0010386",NA,NA,NA,NA,"","LPC 18:2/0:0"
100001396,400,34390,156093,"Xenobiotics","Xanthine Metabolism",4603,"NAMED","PFWLFWPASULGAN-UHFFFAOYSA-N","OC1=C(N2C)C(N=C2)=NC(O)=N1","7-methylxanthine","7-methylxanthine",NA,"hmdb:HMDB0001991","pubchem:68374","chemspider:61660","kegg:C16353","CAS:552-62-5","hmdb:HMDB0001991",NA,NA,NA,NA,"","7-Methylxanthine"
100001397,209,34404,126930,"Xenobiotics","Xanthine Metabolism",4600,"NAMED","BYXCFUMGEBZDDI-UHFFFAOYSA-N","CN(C(N1C)=O)C(NC2=O)=C(N2C)C1=O","1,3,7-trimethylurate","1,3,7-trimethylurate",NA,"hmdb:HMDB0002123","pubchem:79437","chemspider:71754","kegg:C16361","CAS:5415-44-1","hmdb:HMDB0002123",NA,NA,NA,NA,"","1,3,7-Trimethyluric acid"
100001398,209,34399,126922,"Xenobiotics","Xanthine Metabolism",4599,"NAMED","HMLZLHKHNBLLJD-UHFFFAOYSA-N","CN1C(NC(C(N2C)=C1NC2=O)=O)=O","3,7-dimethylurate","3,7-dimethylurate",NA,"hmdb:HMDB0001982","pubchem:83126","chemspider:74994","kegg:C16360","CAS:13087-49-5","hmdb:HMDB0001982",NA,NA,NA,NA,"","3,7-Dimethyluric acid"
100001399,209,34400,126924,"Xenobiotics","Xanthine Metabolism",4598,"NAMED","NOFNCLGCUJJPKU-UHFFFAOYSA-N","CN1C(NC(N2)=C(C1=O)N(C)C2=O)=O","1,7-dimethylurate","1,7-dimethylurate",NA,"hmdb:HMDB0011103","pubchem:91611","chemspider:82720","kegg:C16356","CAS:33868-03-0","hmdb:HMDB0011103",NA,NA,NA,NA,"","1,7-Dimethyluric acid"
100001400,400,34395,156098,"Xenobiotics","Xanthine Metabolism",4595,"NAMED","QFDRTQONISXGJA-UHFFFAOYSA-N","CN1C(NC(N2)=C(C1=O)NC2=O)=O","1-methylurate","1-methylurate",NA,"hmdb:HMDB0003099","pubchem:69726","chemspider:62926","kegg:C16359","CAS:708-79-2","hmdb:HMDB0003099",NA,NA,NA,NA,"","1-Methyluric acid"
100001401,400,34378,161488,"Amino Acid","Urea cycle; Arginine and Proline Metabolism",486,"NAMED","XGEGHDBEHXKFPX-UHFFFAOYSA-N","NC(NC)=O","methylurea","methylurea",NA,"","pubchem:11719","chemspider:11227","kegg:C16363","CAS:598-50-5","pubchem:11719",NA,NA,NA,NA,"","N-Methylurea"
100001403,305,34424,165245,"Xenobiotics","Xanthine Metabolism",4604,"NAMED","POQOTWQIYYNXAT-UHFFFAOYSA-N","O=C(NC(N)=C1NC(C)=O)N(C)C1=O","5-acetylamino-6-amino-3-methyluracil","5-acetylamino-6-amino-3-methyluracil",NA,"hmdb:HMDB0004400","pubchem:88299","chemspider:79659","kegg:C16366","CAS:1196153-01-1","hmdb:HMDB0004400",NA,NA,NA,NA,"","5-Acetylamino-6-amino-3-methyluracil"
100001404,209,34402,150358,"Amino Acid","Tryptophan Metabolism",317,"NAMED","JTEDVYBZBROSJT-UHFFFAOYSA-N","OC(CCCC1=CNC2=C1C=CC=C2)=O","indolebutyrate","indolebutyrate",NA,"hmdb:HMDB0002096","pubchem:8617","chemspider:8298","kegg:C11284","CAS:133-32-4","hmdb:HMDB0002096",NA,NA,NA,NA,"","3-Indolebutyric acid"
100001405,209,34389,126906,"Xenobiotics","Xanthine Metabolism",4601,"NAMED","MVOYJPOZRLFTCP-UHFFFAOYSA-N","O=C(N1C)NC2=C(NC=N2)C1=O","1-methylxanthine","1-methylxanthine",NA,"hmdb:HMDB0010738","pubchem:80220","chemspider:72464","kegg:C16358","CAS:6136-37-4","hmdb:HMDB0010738",NA,NA,NA,NA,"","1-Methylxanthine"
100001409,400,48351,179271,"Nucleotide","Purine Metabolism, (Hypo)Xanthine/Inosine containing",4127,"NAMED","WJNGQIYEQLPJMN-UHFFFAOYSA-N","OC(C1O)C(OC1CO)N(C=N2)C(N=CN3C)=C2C3=O","N1-methylinosine","N1-methylinosine",NA,"hmdb:HMDB0002721","pubchem:650095","chemspider:513976","","CAS:20245-33-4","hmdb:HMDB0002721",NA,NA,NA,NA,"","1-Methylinosine"
100001412,400,35137,156155,"Nucleotide","Purine Metabolism, Guanine containing",4193,"NAMED","RSPURTUNRHNVGF-IOSLPCCCSA-N","O=C1C(N=CN2[C@@]3([H])[C@@](O)([H])[C@@](O)([H])[C@](CO)([H])O3)=C2N=C(N(C)C)N1","N2,N2-dimethylguanosine","N2,N2-dimethylguanosine",NA,"hmdb:HMDB0004824","pubchem:135501639","chemspider:83878","","CAS:2140-67-2","hmdb:HMDB0004824",NA,NA,NA,NA,"","N2,N2-Dimethylguanosine"
100001413,400,35130,156149,"Nucleotide","Pyrimidine Metabolism, Cytidine containing",4257,"NAMED","NIDVTARKFBZMOT-PEBGCTIMSA-N","O[C@]1([H])[C@@](O)([H])[C@](CO)([H])O[C@]1(N2C(N=C(NC(C)=O)C=C2)=O)[H]","N4-acetylcytidine","N4-acetylcytidine",NA,"hmdb:HMDB0005923","pubchem:107461","chemspider:96702","","CAS:3768-18-1","hmdb:HMDB0005923",NA,NA,NA,NA,"","N4-Acetylcytidine"
100001415,209,35157,126974,"Nucleotide","Purine Metabolism, Adenine containing",4165,"NAMED","UNUYMBPXEFMLNW-HZPYULPISA-N","OC(C)C(C(O)=O)NC(NC1=NC=NC2=C1N=CN2[C@@H]3O[C@H](CO)[C@@H](O)[C@H]3O)=O","N6-carbamoylthreonyladenosine","N6-carbamoylthreonyladenosine",NA,"hmdb:HMDB0041623","pubchem:161466","chemspider:141829","","CAS:24719-82-2","hmdb:HMDB0041623",NA,NA,NA,NA,"","N6-Carbamoyl-L-threonyladenosine"
100001416,305,35172,147813,"Nucleotide","Pyrimidine Metabolism, Orotate containing",4210,"NAMED","FKCRAVPPBFWEJD-XVFCMESISA-N","O=C(C=C(C(O)=O)N1[C@H]2[C@H](O)[C@H](O)[C@@H](CO)O2)NC1=O","orotidine","orotidine",NA,"hmdb:HMDB0000788","pubchem:92751","chemspider:83729","","CAS:314-50-1","hmdb:HMDB0000788",NA,NA,NA,NA,"","Orotidine"
100001417,209,35126,126960,"Peptide","Acetylated Peptides",1187,"NAMED","JFLIEFSWGNOPJJ-JTQLQIEISA-N","O=C(CC1=CC=CC=C1)N[C@@H](CCC(N)=O)C(O)=O","phenylacetylglutamine","phenylacetylglutamine",NA,"hmdb:HMDB0006344","pubchem:92258","chemspider:270643","kegg:C04148","CAS:28047-15-6","hmdb:HMDB0006344",NA,NA,NA,NA,"","alpha-N-Phenylacetylglutamine"
100001423,209,35527,127577,"Xenobiotics","Benzoate Metabolism",4471,"NAMED","ZMHLUFWWWPBTIU-UHFFFAOYSA-N","O=C(NCC(O)=O)C1=CC=C(O)C=C1","4-hydroxyhippurate","4-hydroxyhippurate",NA,"hmdb:HMDB0013678","pubchem:151012","chemspider:133104","","CAS:2482-25-9","hmdb:HMDB0013678",NA,NA,NA,NA,"","4-Hydroxyhippuric acid"
100001425,209,61833,218435,"Nucleotide","Pyrimidine Metabolism, Uracil containing",4223,"NAMED","ZPTBLXKRQACLCR-XVFCMESISA-N","OC[C@H]1O[C@@H](N2CCC(NC2=O)=O)[C@@H]([C@@H]1O)O","5,6-dihydrouridine","5,6-dihydrouridine",NA,"hmdb:HMDB0000497","pubchem:94312","chemspider:85115","","CAS:5627-05-4","hmdb:HMDB0000497",NA,NA,NA,NA,"","5,6-Dihydrouridine"
100001426,209,62924,220780,"Nucleotide","Pyrimidine Metabolism, Uracil containing",4245,"NAMED","YXNIEZJFCGTDKV-UHFFFAOYSA-N","OCC1C(O)C(O)C(N2C=CC(N(CCC(C(O)=O)N)C2=O)=O)O1","3-(3-amino-3-carboxypropyl)uridine*","3-(3-amino-3-carboxypropyl)uridine*",NA,"","pubchem:171198","chemspider:149669","","CAS:52745-94-5","pubchem:171198",NA,NA,NA,NA,"","3-(3-amino-3-carboxypropyl)uridine"
100001433,209,34397,126918,"Lipid","Monoacylglycerol",2863,"NAMED","DCPCOKIYJYGMDN-DOFZRALJSA-N","O=C(CCC/C=C\C/C=C\C/C=C\C/C=C\CCCCC)OCC(O)CO","1-arachidonylglycerol (20:4)","1-arachidonylglycerol (20:4)",NA,"hmdb:HMDB11578","pubchem:16019980,5282281","chemspider:4445452","kegg:C13857","CAS:35474-99-8","hmdb:HMDB11578",NA,NA,NA,NA,"","MG 20:4"
100001435,209,34393,126910,"Lipid","Monoacylglycerol",2858,"NAMED","XQBHBEXBUZDCRY-QNEBEIHSSA-N","O=C(OCC(O)CO)CCCC\C=C/C\C=C/C\C=C/CCCCC","1-linolenoylglycerol (18:3)","1-linolenoylglycerol (18:3)",NA,"hmdb:HMDB0011569","pubchem:53480978","chemspider:21403134","","CAS:124151-74-2","hmdb:HMDB0011569",NA,NA,NA,NA,"","MG 18:3"
100001437,400,35159,161190,"Amino Acid","Glutathione Metabolism",573,"NAMED","BNRXZEPOHPEEAS-UHFFFAOYSA-N","NC(C(O)=O)CCC(NC(CSSCC(N)C(O)=O)C(NCC(O)=O)=O)=O","cysteine-glutathione disulfide","cysteine-glutathione disulfide",NA,"hmdb:HMDB0000656","pubchem:3080690","chemspider:3455404","kegg:R00900","CAS:13081-14-6","hmdb:HMDB0000656",NA,NA,NA,NA,"","S-Glutathionyl-cysteine"
100001446,209,35136,128207,"Nucleotide","Pyrimidine Metabolism, Uracil containing",4225,"NAMED","DWRXFEITVBNRMK-JXOAFFINSA-N","O[C@@H]1[C@H](O)[C@@H](CO)O[C@H]1N(C=C2C)C(NC2=O)=O","5-methyluridine (ribothymidine)","5-methyluridine (ribothymidine)",NA,"hmdb:HMDB0000884","pubchem:445408","chemspider:393058","","CAS:1463-10-1","hmdb:HMDB0000884",NA,NA,NA,NA,"","Ribothymidine"
100001452,209,35107,126956,"Amino Acid","Leucine, Isoleucine and Valine Metabolism",353,"NAMED","ZRQXMKMBBMNNQC-UHFFFAOYSA-N","O=C(O)CNC(CC(C)C)=O","isovalerylglycine","isovalerylglycine",NA,"hmdb:HMDB00678","pubchem:546304","chemspider:475516","","CAS:16284-60-9","hmdb:HMDB00678",NA,NA,NA,NA,"","Isovalerylglycine"
100001454,209,62915,220767,"Lipid","Fatty Acid, Dicarboxylate",1688,"NAMED","FYVQCLGZFXHEGL-UHFFFAOYSA-N","O=C(O)CC(O)CCCCCCCCC(O)=O","3-hydroxydodecanedioate*","3-hydroxydodecanedioate*",NA,"hmdb:HMDB0000413","pubchem:16663321","chemspider:13628081","","CAS:34574-69-1","hmdb:HMDB0000413",NA,NA,NA,NA,"","3-Hydroxy-dodecanedioic acid"
100001455,305,35121,147210,"Cofactors and Vitamins","Nicotinate and Nicotinamide Metabolism",4324,"NAMED","ZBSGKPYXQINNGF-UHFFFAOYSA-N","O=C(C1=CC=CN=C1)NCC(O)=O","nicotinurate (nicotinoylglycine)","nicotinurate",NA,"hmdb:HMDB0003269","pubchem:68499","chemspider:61774","kegg:C05380","CAS:583-08-4","hmdb:HMDB0003269",NA,NA,NA,NA,"","Nicotinuric acid"
100001456,400,35114,156140,"Nucleotide","Purine Metabolism, Guanine containing",4187,"NAMED","FZWGECJQACGGTI-UHFFFAOYSA-N","O=C1C(N2C)=C(N=C2)N=C(N)N1","7-methylguanine","7-methylguanine",NA,"hmdb:HMDB0000897","pubchem:135398679","chemspider:10883","kegg:C02242","CAS:578-76-7","hmdb:HMDB0000897",NA,NA,NA,NA,"","7-Methylguanine"
100001461,402,42398,159466,"Lipid","Lysophospholipid",2670,"NAMED","BBYWOYAFBUOUFP-JOCHJYFZSA-N","O=P(OCC[NH3+])([O-])OC[C@H](O)COC(CCCCCCCCCCCCCCCCC)=O","1-stearoyl-GPE (18:0)","1-stearoyl-GPE (18:0)",NA,"hmdb:HMDB0011130","pubchem:9547068","chemspider:7826018","","CAS:69747-55-3","hmdb:HMDB0011130",NA,NA,NA,NA,"","LPE 18:0/0:0"
100001462,209,34437,126952,"Lipid","Lysophospholipid",2712,"NAMED","HFJVKBVEKQHVTO-OZAIVSQSSA-N","O=P(OCC(O)CO)(O)OC[C@H](O)COC(CCCCCCCCCCCCCCCCC)=O","1-stearoyl-GPG (18:0)","1-stearoyl-GPG (18:0)",NA,"","","","","","chemspider:21403138",NA,NA,NA,NA,"","LPG 18:0/0:0"
100001466,400,35132,156151,"Nucleotide","Pyrimidine Metabolism, Cytidine containing",4255,"NAMED","RDPUKVRQKWBSPK-ZOQUXTDFSA-N","O[C@]([C@@]1(O)[H])([C@](O[C@](CO)1[H])([H])N2C=CC(N(C)C2=O)=N)[H]","3-methylcytidine","3-methylcytidine",NA,"hmdb:HMDB0240577","pubchem:14237477","chemspider:9164190","","CAS:21028-20-6","hmdb:HMDB0240577",NA,NA,NA,NA,"","3-Methylcytidine"
100001468,209,40469,143005,"Cofactors and Vitamins","Nicotinate and Nicotinamide Metabolism",4325,"NAMED","JLQSXXWTCJPCBC-UHFFFAOYSA-N","O=C(C1=C([H])N(C(C([H])=C1[H])=O)C([H])([H])[H])N([H])[H]","N1-Methyl-2-pyridone-5-carboxamide","N1-Methyl-2-pyridone-5-carboxamide",NA,"hmdb:HMDB0004193","pubchem:69698","chemspider:62899","kegg:C05842","CAS:701-44-0","hmdb:HMDB0004193",NA,NA,NA,NA,"","N1-Methyl-2-pyridone-5-carboxamide"
100001472,209,35174,126980,"Lipid","Long Chain Polyunsaturated Fatty Acid (n3 and n6)",1580,"NAMED","UNSRRHDPHVZAHH-YOILPLPUSA-N","O=C(O)CCC\C=C/C/C=C\C/C=C\CCCCCCCC","mead acid (20:3n9)","mead acid (20:3n9)",NA,"hmdb:HMDB0010378","pubchem:5312531","chemspider:4471956","","CAS:20590-32-3","hmdb:HMDB0010378",NA,NA,NA,NA,"","ETrE(5Z,8Z,11Z)"
100001481,209,35153,128209,"Lipid","Monoacylglycerol",2867,"NAMED","JWPHORDRFVRZPP-KUBAVDMBSA-N","O=C(OCC(O)CO)CC/C=C\C/C=C\C/C=C\C/C=C\C/C=C\C/C=C\CC","1-docosahexaenoylglycerol (22:6)","1-docosahexaenoylglycerol (22:6)",NA,"hmdb:HMDB0011587","pubchem:53480995","chemspider:10477810","","","hmdb:HMDB0011587",NA,NA,NA,NA,"","MG 22:6"
100001485,400,34456,156123,"Peptide","Gamma-glutamyl Amino Acid",638,"NAMED","SNCKGJWJABDZHI-SIPWABPFSA-N","CCC(C)[C@@H](C(O)=O)NC(CC[C@@H](C(O)=O)N)=O","gamma-glutamylisoleucine*","gamma-glutamylisoleucine*",NA,"hmdb:HMDB0011170","pubchem:22885096","chemspider:21403145","","","hmdb:HMDB0011170",NA,NA,NA,NA,"","gamma-Glutamylisoleucine"
100001501,402,35160,158710,"Lipid","Fatty Acid Metabolism (Acyl Carnitine, Monounsaturated)",1887,"NAMED","IPOLTUVFXFHAHI-WHIOSMTNSA-N","[O-]C(C[C@@H](OC(CCCCCCC/C=C\CCCCCCCC)=O)C[N+](C)(C)C)=O","oleoylcarnitine (C18:1)","oleoylcarnitine (C18:1)",NA,"hmdb:HMDB0005065","pubchem:6441392","chemspider:21403150","","CAS:38677-66-6","hmdb:HMDB0005065",NA,NA,NA,NA,"","CAR 18:1"
100001509,400,45095,157090,"Amino Acid","Leucine, Isoleucine and Valine Metabolism",397,"NAMED","IHCPDBBYTYJYIL-UHFFFAOYSA-N","CCC(C)C(OC(CC([O-])=O)C[N+](C)(C)C)=O","2-methylbutyrylcarnitine (C5)","2-methylbutyrylcarnitine (C5)",NA,"hmdb:HMDB0000378","pubchem:6426901","chemspider:4932320","","CAS:31023-25-3","hmdb:HMDB0000378",NA,NA,NA,NA,"","CAR 4:0;2Me"
100001510,209,32553,143728,"Amino Acid","Tyrosine Metabolism",190,"NAMED","CTYRPMDGLDAWRQ-UHFFFAOYSA-N","OS(OC1=CC=CC=C1)(=O)=O","phenol sulfate","phenol sulfate",NA,"hmdb:HMDB0060015","pubchem:74426","chemspider:67018","kegg:C02180","CAS:937-34-8","hmdb:HMDB0060015",NA,NA,NA,NA,"","Phenyl hydrogen sulfate"
100001511,402,33230,158553,"Lipid","Lysophospholipid",2603,"NAMED","LFUDDCMNKWEORN-KHPPLWFESA-N","O=P(OCC[N+](C)(C)C)([O-])OCC(O)COC(CCCCCCC/C=C\CCCCCC)=O","1-palmitoleoyl-GPC (16:1)*","1-palmitoleoyl-GPC* (16:1)*",NA,"hmdb:HMDB0010383","pubchem:24779461","chemspider:21403152","","","hmdb:HMDB0010383",NA,NA,NA,NA,"","LPC 16:1/0:0"
100001527,209,35436,128227,"Lipid","Fatty Acid Metabolism (Acyl Glycine)",1806,"NAMED","UPCKIPHSXMXJOX-UHFFFAOYSA-N","O=C(O)CNC(CCCCC)=O","hexanoylglycine","hexanoylglycine (C6)",NA,"hmdb:HMDB0000701","pubchem:99463","chemspider:89859","","CAS:24003-67-6","hmdb:HMDB0000701",NA,NA,NA,NA,"","NA-Gly 6:0"
100001538,400,35661,156219,"Xenobiotics","Drug - Analgesics, Anesthetics",5422,"NAMED","NNJVILVZKWQKPM-UHFFFAOYSA-N","CC1=CC=CC(C)=C1NC(CN(CC)CC)=O","lidocaine","lidocaine",NA,"hmdb:HMDB0014426","pubchem:3676","chemspider:3548","kegg:D00358","CAS:137-58-6","hmdb:HMDB0014426",NA,NA,NA,NA,"","Lidocaine"
100001539,400,33080,156000,"Xenobiotics","Drug - Analgesics, Anesthetics",5423,"NAMED","WRMRXPASUROZGT-UHFFFAOYSA-N","CC1=CC=CC(C)=C1NC(CNCC)=O","N-ethylglycinexylidide","N-ethylglycinexylidide",NA,"hmdb:HMDB0060656","pubchem:24415","chemspider:22824","kegg:C16561","CAS:7728-40-7","hmdb:HMDB0060656",NA,NA,NA,NA,"","Monoethylglycinexylidide"
100001540,400,46225,157124,"Partially Characterized Molecules","Partially Characterized Molecules",6453,"NAMED","NPWMTBZSRRLQNJ-UHFFFAOYSA-N","O=C(CCC1N)NC1=O","glutamine_degradant*","glutamine_degradant*",NA,"","","","","","CAS:2353-44-8",NA,NA,NA,NA,"",NA
100001541,209,36746,128281,"Amino Acid","Leucine, Isoleucine and Valine Metabolism",395,"NAMED","RILPIWOPNGRASR-UHFFFAOYSA-N","O=C(C(C(CC)C)O)O","2-hydroxy-3-methylvalerate","2-hydroxy-3-methylvalerate",NA,"hmdb:HMDB0000317","pubchem:164623","chemspider:144317","","CAS:488-15-3","hmdb:HMDB0000317",NA,NA,NA,NA,"","2-Hydroxy-3-methyl-pentanoic acid"
100001550,400,33009,155996,"Xenobiotics","Food Component/Plant",4934,"NAMED","XULZWQRXYTVUTE-ZETCQYMHSA-N","C[N+]1(C)[C@@H](CCCC1)[C@]([O-])=O","homostachydrine*","homostachydrine*",NA,"hmdb:HMDB0033433","pubchem:441447","chemspider:390180","kegg:C08283","CAS:1195-94-4","hmdb:HMDB0033433",NA,NA,NA,NA,"","(S)-Homostachydrine"
100001551,402,33228,158552,"Lipid","Lysophospholipid",2636,"NAMED","LAXQYRRMGGEGOH-JXRLJXCWSA-N","C[N+](C)(C)CCOP(OC[C@@](O)([H])COC(CCC\C=C/C\C=C/C/C=C\C/C=C\CCCCC)=O)([O-])=O","1-arachidonoyl-GPC (20:4n6)*","1-arachidonoyl-GPC* (20:4)*",NA,"hmdb:HMDB0010395","pubchem:24779476","chemspider:21403155","kegg:C05208","","hmdb:HMDB0010395",NA,NA,NA,NA,"","LPC 20:4/0:0"
100001562,209,35253,126137,"Lipid","Lysophospholipid",2602,"NAMED","NEGQHKSYEYVFTD-HSZRJFAPSA-N","OC[C@](OC(CCCCCCCCCCCCCCC)=O)([H])COP(OCC[N+](C)(C)C)([O-])=O","2-palmitoyl-GPC (16:0)*","2-palmitoyl-GPC* (16:0)*",NA,"hmdb:HMDB0061702","pubchem:15061532","chemspider:21403165","","","hmdb:HMDB0061702",NA,NA,NA,NA,"","LPC 0:0/16:0"
100001567,402,35631,158748,"Lipid","Lysophospholipid",2663,"NAMED","YVYMBNSKXOXSKW-HXUWFJFHSA-N","O=P(OCC[NH3+])([O-])OC[C@H](O)COC(CCCCCCCCCCCCCCC)=O","1-palmitoyl-GPE (16:0)","1-palmitoyl-GPE (16:0)",NA,"hmdb:HMDB0011503","pubchem:9547069","chemspider:7826019","","CAS:53862-35-4","hmdb:HMDB0011503",NA,NA,NA,NA,"","LPE 16:0/0:0"
100001569,402,35628,158745,"Lipid","Lysophospholipid",2672,"NAMED","PYVRVRFVLRNJLY-MZMPXXGTSA-N","O=P(OCC[NH3+])([O-])OC[C@H](O)COC(CCCCCCC\C=C/CCCCCCCC)=O","1-oleoyl-GPE (18:1)","1-oleoyl-GPE (18:1)",NA,"hmdb:HMDB0011506","pubchem:9547071","chemspider:7826021","","CAS:89576-29-4","hmdb:HMDB0011506",NA,NA,NA,NA,"","LPE 18:1/0:0"
100001570,402,36600,158788,"Lipid","Lysophospholipid",2674,"NAMED","DBHKHNGBVGWQJE-HZJYTTRNSA-N","O=P(OCC(O)COC(CCCCCCC/C=C\C/C=C\CCCCC)=O)(O)OCCN","1-linoleoyl-GPE (18:2)*","1-linoleoyl-GPE (18:2)*",NA,"hmdb:HMDB0011507","pubchem:52925130","chemspider:21403170","","","hmdb:HMDB0011507",NA,NA,NA,NA,"","LPE 18:2/0:0"
100001571,402,35186,158719,"Lipid","Lysophospholipid",2687,"NAMED","ROPRRXYVXLDXQO-XSQXPFHXSA-N","NCCOP(OC[C@@](O)([H])COC(CCC\C=C/C\C=C/C/C=C\C/C=C\CCCCC)=O)(O)=O","1-arachidonoyl-GPE (20:4n6)*","1-arachidonoyl-GPE (20:4n6)*",NA,"hmdb:HMDB0011517","pubchem:42607465","chemspider:21403171","","","hmdb:HMDB0011517",NA,NA,NA,NA,"","LPE 20:4/0:0"
100001577,209,48434,155079,"Amino Acid","Urea cycle; Arginine and Proline Metabolism",504,"NAMED","WMQMIOYQXNRROC-LURJTMIESA-N","OC([C@@H](NC(C)=O)CCCNC(N)=O)=O","N-acetylcitrulline","N-acetylcitrulline",NA,"hmdb:HMDB0000856","pubchem:656979","chemspider:571213","kegg:C15532,C02851","CAS:33965-42-3","hmdb:HMDB0000856",NA,NA,NA,NA,"","N-Acetylcitrulline"
100001579,209,35675,128275,"Lipid","Fatty Acid, Monohydroxy",1969,"NAMED","JGHSBPIZNUXPLA-UHFFFAOYSA-N","O=C(O)C(O)CCCCCCCCCCCCCC","2-hydroxypalmitate","2-hydroxypalmitate",NA,"hmdb:HMDB0031057","pubchem:12575964,92836,11065598","chemspider:83805","","CAS:764-67-0","hmdb:HMDB0031057",NA,NA,NA,NA,"","2-Hydroxypalmitic acid"
100001580,209,37478,127695,"Lipid","Long Chain Polyunsaturated Fatty Acid (n3 and n6)",1577,"NAMED","AVKOENOBFIYBSA-WMPRHZDHSA-N","OC(CC/C=C\C/C=C\C/C=C\C/C=C\C/C=C\CCCCC)=O","docosapentaenoate (n6 DPA; 22:5n6)","docosapentaenoate (n6 DPA; 22:5n6)",NA,"hmdb:HMDB0001976","pubchem:6441454","chemspider:4945614","kegg:C16513","CAS:25182-74-5","hmdb:HMDB0001976",NA,NA,NA,NA,"","Docosapentaenoic acid (22n-6)"
100001586,305,46957,148205,"Cofactors and Vitamins","Ascorbate and Aldarate Metabolism",4358,"NAMED","RGHNJXZEOKUKBD-NRXMZTRTSA-N","OC([C@H](O)[C@H](O)[C@H](O)[C@@H](O)CO)=O","gulonate*","gulonate*",NA,"hmdb:HMDB0003290","pubchem:152304","chemspider:7969943","kegg:C00800","CAS:20246-53-1","hmdb:HMDB0003290",NA,NA,NA,NA,"","Gulonic acid"
100001590,209,35437,128229,"Amino Acid","Leucine, Isoleucine and Valine Metabolism",427,"NAMED","DCICDMMXFIELDF-UHFFFAOYSA-N","O=C(O)CNC(C(C)C)=O","isobutyrylglycine","isobutyrylglycine (C4)",NA,"hmdb:HMDB0000730","pubchem:10855600","chemspider:9030891","","CAS:15926-18-8","hmdb:HMDB0000730",NA,NA,NA,NA,"","Isobutyrylglycine"
100001593,400,44664,157075,"Amino Acid","Lysine Metabolism",127,"NAMED","NXJAXUYOQLTISD-UHFFFAOYSA-N","[O-]C(CC(C[N+](C)(C)C)OC(CCCC(O)=O)=O)=O","glutarylcarnitine (C5-DC)","glutarylcarnitine (C5-DC)",NA,"hmdb:HMDB0013130","pubchem:71317118","chemspider:21403175","","CAS:102636-82-8","hmdb:HMDB0013130",NA,NA,NA,NA,"","CAR DC5:0"
100001594,400,35433,156184,"Amino Acid","Leucine, Isoleucine and Valine Metabolism",364,"NAMED","IGLHHSKNBDXCEY-UHFFFAOYSA-N","[O-]C(CC(C[N+](C)(C)C)OC(CC(O)(C)C)=O)=O","beta-hydroxyisovaleroylcarnitine","beta-hydroxyisovaleroylcarnitine",NA,"","","","","CAS:99159-87-2","chemspider:21403176",NA,NA,NA,NA,"","CAR 4:0;OH,Me"
100001596,400,35482,156193,"Lipid","Fatty Acid Metabolism (also BCAA Metabolism)",1776,"NAMED","XROYFEWIXXCPAW-UHFFFAOYSA-N","[O-]C(CC(C[N+](C)(C)C)OC(C(C)C(O)=O)=O)=O","2-methylmalonylcarnitine (C4-DC)","2-methylmalonylcarnitine (C4-DC)",NA,"hmdb:HMDB0013133","pubchem:53481628","chemspider:21403178","","CAS:149181-64-6","hmdb:HMDB0013133",NA,NA,NA,NA,"","CAR DC3:0;2Me"
100001597,400,35428,156182,"Amino Acid","Leucine, Isoleucine and Valine Metabolism",400,"NAMED","WURBQCVBQNMUQT-RMKNXTFCSA-N","[O-]C(CC(C[N+](C)(C)C)OC(/C(C)=C/C)=O)=O","tiglylcarnitine (C5:1-DC)","tiglyl carnitine (C5)",NA,"hmdb:HMDB0002366","pubchem:22833596","chemspider:17216200","","CAS:64191-86-2","hmdb:HMDB0002366",NA,NA,NA,NA,"","CAR 4:1;2Me"
100001604,209,35322,144222,"Xenobiotics","Drug - Topical Agents",5966,"NAMED","FPXPQMOQWJZYBL-UHFFFAOYSA-N","OC1=CC=C(C=C1)OS(=O)(O)=O","hydroquinone sulfate","hydroquinone sulfate",NA,"hmdb:HMDB0240263","pubchem:161220","chemspider:141624","kegg:C00530","CAS:123-31-9","hmdb:HMDB0240263",NA,NA,NA,NA,"","Quinol sulfate"
100001605,209,35320,143730,"Xenobiotics","Benzoate Metabolism",4499,"NAMED","MZPWKJZDOCIALD-UHFFFAOYSA-N","O=S(OC1=C(O)C=CC=C1)(O)=O","catechol sulfate","catechol sulfate",NA,"hmdb:HMDB0059724","pubchem:3083879","chemspider:2341024","","CAS:4918-96-1","hmdb:HMDB0059724",NA,NA,NA,NA,"","Catechol sulfate"
100001606,305,35324,238705,"Lipid","Sterol",3194,"NAMED","BHYOQNUELFTYRT-UHFFFAOYSA-N","CC1(C2C(C)CCCC(C)C)C(CC2)C(CC=C3C4(CCC(OS(=O)(O)=O)C3)C)C4CC1","cholesterol sulfate","cholesterol sulfate",NA,"hmdb:HMDB00653","pubchem:65076","chemspider:4371550","kegg:C18043","CAS:2864-50-8","hmdb:HMDB00653",NA,NA,NA,NA,"","Cholesterol sulfate"
100001609,209,36776,128301,"Lipid","Sterol",3207,"NAMED","SATGKQGFUDXGAX-MYWFJNCASA-N","O=C(C(CCC[C@H]([C@H]1CC[C@H]2[C@H]3[C@@H]([C@]4(C)C(C[C@H]3O)=CC(CC4)=O)CC[C@@]21C)C)C)O","7-alpha-hydroxy-3-oxo-4-cholestenoate (7-Hoca)","7-HOCA",NA,"hmdb:HMDB0012458","pubchem:3081085","chemspider:2338765","kegg:C17337","CAS:115538-85-7","hmdb:HMDB0012458",NA,NA,NA,NA,"",NA
100001612,400,35665,156223,"Amino Acid","Glutamate Metabolism",55,"NAMED","OPVPGKGADVGKTG-UHFFFAOYSA-N","CC(NC(C(NC(CCC(O)=O)C(O)=O)=O)CC(O)=O)=O","N-acetyl-aspartyl-glutamate (NAAG)","N-acetyl-aspartyl-glutamate (NAAG)",NA,"hmdb:HMDB0001067","pubchem:188803","chemspider:5065","kegg:C12270","CAS:3106-85-2","hmdb:HMDB0001067",NA,NA,NA,NA,"","N-Acetyl-Asp-Glu"
100001613,209,35669,128271,"Lipid","Fatty Acid, Dicarboxylate",1692,"NAMED","HQHCYKULIHKCEB-UHFFFAOYSA-N","O=C(O)CCCCCCCCCCCCC(O)=O","tetradecanedioate (C14-DC)","tetradecanedioate (C14)",NA,"hmdb:HMDB0000872","pubchem:13185","chemspider:12630","","CAS:821-38-5","hmdb:HMDB0000872",NA,NA,NA,NA,"","Tetradecanedioic acid"
100001614,209,35678,128277,"Lipid","Fatty Acid, Dicarboxylate",1696,"NAMED","QQHJDPROMQRDLA-UHFFFAOYSA-N","O=C(O)CCCCCCCCCCCCCCC(O)=O","hexadecanedioate (C16-DC)","hexadecanedioate (C16)",NA,"hmdb:HMDB0000672","pubchem:10459","chemspider:10027","kegg:C19615","CAS:505-54-4","hmdb:HMDB0000672",NA,NA,NA,NA,"","Hexadecanedioic acid"
100001615,209,36754,128289,"Lipid","Fatty Acid, Dicarboxylate",1699,"NAMED","BNJOQKFENDDGSC-UHFFFAOYSA-N","O=C(O)CCCCCCCCCCCCCCCCC(O)=O","octadecanedioate (C18-DC)","octadecanedioate (C18)",NA,"hmdb:HMDB0000782","pubchem:70095","chemspider:63283","","CAS:871-70-5","hmdb:HMDB0000782",NA,NA,NA,NA,"","Octadecanedioic acid"
100001617,209,42395,128311,"Lipid","Fatty Acid, Dicarboxylate",1684,"NAMED","LWBHHRRTOZQPDM-UHFFFAOYSA-N","O=C(O)CCCCCCCCCC(O)=O","undecanedioate (C11-DC)","undecanedioate (C11-DC)",NA,"hmdb:HMDB0000888","pubchem:15816","chemspider:15037","","CAS:1852-04-6","hmdb:HMDB0000888",NA,NA,NA,NA,"","Undecanedioic acid"
100001620,400,37455,156380,"Lipid","Phospholipid Metabolism",2241,"NAMED","JZNWSCPGTDBMEW-UHFFFAOYSA-N","O=P(OCCN)(O)OCC(CO)O","glycerophosphoethanolamine","glycerophosphoethanolamine",NA,"hmdb:HMDB0000114","pubchem:123874","chemspider:110410","kegg:C01233","CAS:33049-08-0","hmdb:HMDB0000114",NA,NA,NA,NA,"","sn-Glycero-3-phosphoethanolamine"
100001624,209,35635,128251,"Xenobiotics","Benzoate Metabolism",4572,"NAMED","QVWAEZJXDYOKEH-UHFFFAOYSA-N","O=C(CCC1=CC(O)=CC=C1)O","3-(3-hydroxyphenyl)propionate","3-(3-hydroxyphenyl)propionate",NA,"hmdb:HMDB0000375","pubchem:91","chemspider:89","kegg:C11457","CAS:621-54-5","hmdb:HMDB0000375",NA,NA,NA,NA,"","3-(3-Hydroxyphenyl)propanoic acid"
100001635,400,35651,156211,"Xenobiotics","Chemical",6155,"NAMED","WQXNXVUDBPYKBA-YFKPBYRVSA-N","O=[C@](O)[C@H]1N=C(C)NCC1","ectoine","ectoine",NA,"hmdb:HMDB0240650","pubchem:126041","chemspider:112069","kegg:C06231","CAS:96702-03-3","hmdb:HMDB0240650",NA,NA,NA,NA,"","Ectoine"
100001654,209,34214,142524,"Lipid","Lysophospholipid",2732,"NAMED","LXUGKKVCSTYZFK-OSKOXSHBSA-N","[H]C(C(O)(C(O)([C@](O)1[H])[H])[H])([C@@](OP(O)(OC[C@@]([H])(COC(CCC/C=C\C/C=C\C/C=C\C/C=C\CCCCC)=O)O)=O)([C@]1(O)[H])[H])O","1-arachidonoyl-GPI (20:4)*","1-arachidonoyl-GPI* (20:4)*",NA,"hmdb:HMDB0061690","pubchem:121596217","","","","hmdb:HMDB0061690",NA,NA,NA,NA,"","LPI 20:4/0:0"
100001655,209,35305,146820,"Lipid","Lysophospholipid",2718,"NAMED","UOXRPRZMAROFPH-AQFLIPHUSA-N","[H]C(C(O)(C(O)([C@](O)1[H])[H])[H])([C@@](OP(O)(OC[C@@]([H])(COC(CCCCCCCCCCCCCCC)=O)O)=O)([C@]1(O)[H])[H])O","1-palmitoyl-GPI (16:0)","1-palmitoyl-GPI* (16:0)",NA,"hmdb:HMDB0061695","pubchem:71296207","","","","hmdb:HMDB0061695",NA,NA,NA,NA,"","LPI 16:0/0:0"
100001657,209,32620,142564,"Lipid","Secondary Bile Acid Metabolism",3501,"NAMED","FHXBAFXQVZOILS-OETIFKLTSA-N","C[C@]12[C@@]([C@@]([C@@](CC2)([H])[C@](CC3)(C)[C@@]4([H])C[C@@H]3OS(=O)(O)=O)(CC4)[H])([H])CC[C@]1([H])[C@H](C)CCC(NCC(O)=O)=O","glycolithocholate sulfate*","glycolithocholate sulfate*",NA,"hmdb:HMDB0002639","pubchem:72222","chemspider:65188","kegg:C11301","CAS:15324-64-8","hmdb:HMDB0002639",NA,NA,NA,NA,"","Glycolithocholic acid 3-sulfate"
100001658,209,36850,128309,"Lipid","Secondary Bile Acid Metabolism",3503,"NAMED","HSNPMXROZIQAQD-VUIPEFFGSA-N","C[C@@]([C@]([C@@](CC1)([H])[C@@]2([H])[C@](CC3)(C)[C@]1([H])C[C@@H]3OS(=O)(O)=O)(CC4)[H])(CC2)[C@]4([H])[C@H](C)CCC(NCCS(O)(=O)=O)=O","taurolithocholate 3-sulfate","taurolithocholate 3-sulfate",NA,"hmdb:HMDB0002580","pubchem:440071","chemspider:389078","kegg:C03642","CAS:64936-83-0","hmdb:HMDB0002580",NA,NA,NA,NA,"","Taurolithocholic acid 3-sulfate"
100001662,400,36747,156251,"Lipid","Carnitine Metabolism",1932,"NAMED","JHPNVNIEXXLNTR-UHFFFAOYSA-N","C[N+](C)(C)CCCC([O-])=O","deoxycarnitine","deoxycarnitine",NA,"hmdb:HMDB0001161","pubchem:22620","chemspider:705","kegg:C01181","CAS:6249-56-5","hmdb:HMDB0001161",NA,NA,NA,NA,"","3-Dehydroxycarnitine"
100001664,209,48130,151119,"Nucleotide","Purine Metabolism, Adenine containing",4175,"NAMED","VKGZCEJTCKHMRL-UHFFFAOYSA-N","OCC(O1)C(O)C(O)C1N2C=NC3=C(NC(CC(O)=O)C(O)=O)N=CN=C32","N6-succinyladenosine","N6-succinyladenosine",NA,"hmdb:HMDB0000912","pubchem:165243","","","CAS:4542-23-8","hmdb:HMDB0000912",NA,NA,NA,NA,"","Succinyladenosine"
100001668,400,61868,218616,"Amino Acid","Histidine Metabolism",96,"NAMED","AHPWEWASPTZMEK-UHFFFAOYSA-N","OCC(O1)C(O)C(O)C1N2C=NC(CC(O)=O)=C2","1-ribosyl-imidazoleacetate*","1-ribosyl-imidazoleacetate*",NA,"hmdb:HMDB0002331","pubchem:440569","chemspider:4292299","kegg:C05131","CAS:29605-99-0","hmdb:HMDB0002331",NA,NA,NA,NA,"","Imidazoleacetic acid riboside"
100001716,400,35971,235041,"Xenobiotics","Drug - Psychoactive",5890,"NAMED","KVWDHTXUZHCGIO-UHFFFAOYSA-N","CN(CC1)CCN1C2=NC3=CC=CC=C3NC4=C2C=C(C)S4","olanzapine","olanzapine",NA,"hmdb:HMDB0005012","pubchem:135398745","chemspider:10442212","kegg:C07322","CAS:132539-06-1","hmdb:HMDB0005012",NA,NA,NA,NA,"","Olanzapine"
100001721,305,36751,145848,"Amino Acid","Lysine Metabolism",106,"NAMED","VEYYWZRYIYDQJM-ZETCQYMHSA-N","OC([C@H](CCCCN)NC(C)=O)=O","N2-acetyllysine","N2-acetyllysine",NA,"hmdb:HMDB0000446","pubchem:92907","chemspider:83869","kegg:C12989","CAS:1946-82-3","hmdb:HMDB0000446",NA,NA,NA,NA,"","N(2)-Acetyllysine"
100001730,305,62952,220827,"Lipid","Fatty Acid, Dihydroxy",2038,"NAMED","DZAIOXUZHHTJKN-UHFFFAOYSA-N","O=C(CC(CO)O)O","3,4-dihydroxybutyrate","3,4-dihydroxybutyrate",NA,"hmdb:HMDB0000337","pubchem:150929","","","CAS:51267-44-8","hmdb:HMDB0000337",NA,NA,NA,NA,"","3,4-Dihydroxybutyric acid"
100001731,209,42087,143935,"Amino Acid","Tryptophan Metabolism",307,"NAMED","DVJIJAYHBZALOJ-UHFFFAOYSA-N","O=C(NC(CCC(N)=O)C(O)=O)CC1=CNC2=C1C=CC=C2","indoleacetylglutamine","indoleacetylglutamine",NA,"hmdb:HMDB0013240","pubchem:25200879","","","","hmdb:HMDB0013240",NA,NA,NA,NA,"","Indoleacetyl glutamine"
100001733,209,54907,208284,"Lipid","Fatty Acid Metabolism (Acyl Glutamine)",1782,"NAMED","NONGMLDQXRDGIT-UHFFFAOYSA-N","O=C(CCCCC)NC(CCC(N)=O)C(O)=O","hexanoylglutamine","hexanoylglutamine",NA,"","","","","","hmdb:HMDB0242182",NA,NA,NA,NA,"","NA-Gln 6:0"
100001734,209,36752,128287,"Amino Acid","Lysine Metabolism",107,"NAMED","DTERQYGMUDWYAZ-ZETCQYMHSA-N","N[C@@H](CCCCNC(C)=O)C(O)=O","N6-acetyllysine","N6-acetyllysine",NA,"hmdb:HMDB0000206","pubchem:92832","chemspider:83801","kegg:C02727","CAS:692-04-6","hmdb:HMDB0000206",NA,NA,NA,NA,"","N6-Acetyllysine"
100001739,209,35718,143707,"Lipid","Long Chain Polyunsaturated Fatty Acid (n3 and n6)",1573,"NAMED","AHANXAKGNAKFSK-PDBXOOCHSA-N","CC\C=C/C\C=C/C\C=C/CCCCCCCCCC(O)=O","dihomo-linolenate (20:3n3 or n6)","dihomolinolenate (20:3n3 or 3n6)",NA,"hmdb:HMDB0002925","pubchem:5280581","chemspider:4471954","kegg:C03242","CAS:17046-59-2","hmdb:HMDB0002925",NA,NA,NA,NA,"","Eicosatrienoic acid"
100001740,305,46142,146560,"Carbohydrate","Fructose, Mannose and Galactose Metabolism",1352,"NAMED","FBPFZTCFMRRESA-UHFFFAOYSA-N","OCC(O)C(O)C(O)C(O)CO","mannitol/sorbitol","mannitol/sorbitol",NA,"hmdb:HMDB0000247,HMDB0000765","pubchem:5780,6251","chemspider:440","kegg:C00392,C00794","","hmdb:HMDB0000247",NA,NA,NA,NA,"","Sorbitol"
100001743,400,37097,156317,"Amino Acid","Tryptophan Metabolism",264,"NAMED","AOHCBEAZXHZMOR-ZDUSSCGKSA-N","O=C([O-])[C@@H]([N@+](C)(C)C)CC1=CNC2=C1C=CC=C2","tryptophan betaine","tryptophan betaine",NA,"hmdb:HMDB0061115","pubchem:442106","chemspider:390633","kegg:C09213","CAS:20671-76-5","hmdb:HMDB0061115",NA,NA,NA,NA,"","Lenticin"
100001755,209,36098,144223,"Xenobiotics","Benzoate Metabolism",4526,"NAMED","IETVQHUKTKKBFF-UHFFFAOYSA-N","O=S(OC1=CC=C(C=C)C=C1)(O)=O","4-vinylphenol sulfate","4-vinylphenol sulfate",NA,"hmdb:HMDB0062775","pubchem:6426766","chemspider:4932200","kegg:C05627","CAS:2628-17-3","hmdb:HMDB0062775",NA,NA,NA,NA,"","4-Hydroxystyrene"
100001756,209,36099,144224,"Xenobiotics","Benzoate Metabolism",4524,"NAMED","DWZGLEPNCRFCEP-UHFFFAOYSA-N","O=S(OC1=CC=C(CC)C=C1)(O)=O","4-ethylphenylsulfate","4-ethylphenyl sulfate",NA,"hmdb:HMDB0062551","pubchem:20822574","","kegg:C13637","CAS:123-07-9","hmdb:HMDB0062551",NA,NA,NA,NA,"","4-Ethylphenylsulfate"
100001757,209,36095,144225,"Xenobiotics","Food Component/Plant",5078,"NAMED","NODSEPOUFZPJEQ-UHFFFAOYSA-N","CC(C)C1=CC=C(C)C=C1OS(=O)(O)=O","thymol sulfate","thymol sulfate",NA,"hmdb:HMDB0062720","pubchem:12456386","chemspider:10709958","kegg:C09908","CAS:89-83-8","hmdb:HMDB0062720",NA,NA,NA,NA,"","Thymol sulfate"
100001765,305,36749,146966,"Lipid","Fatty Acid, Dicarboxylate",1670,"NAMED","SYEOWUNSTUDKGM-UHFFFAOYSA-N","O=C(O)CC(C)CCC(O)=O","3-methyladipate","3-methyladipate",NA,"hmdb:HMDB0000555","pubchem:12292","chemspider:11789","","CAS:3058-01-3","hmdb:HMDB0000555",NA,NA,NA,NA,"","3-Methyladipic acid"
100001767,209,48428,155071,"Xenobiotics","Food Component/Plant",5118,"NAMED","VTYFITADLSVOAS-UHFFFAOYSA-N","NC(C(O)=O)CCCCN1C(C=O)=CC=C1CO","pyrraline","pyrraline",NA,"hmdb:HMDB0033143","pubchem:14274616","chemspider:19980286","kegg:C21013","CAS:74509-14-1","hmdb:HMDB0033143",NA,NA,NA,NA,"","Pyrraline"
100001777,209,36602,146821,"Lipid","Lysophospholipid",2724,"NAMED","UGDOFRYHDCDVHD-JCASDCETSA-N","[H]C(C(O)(C(O)([C@](O)1[H])[H])[H])([C@@](OP(O)(OC[C@@]([H])(COC(CCCCCCC/C=C\CCCCCCCC)=O)O)=O)([C@]1(O)[H])[H])O","1-oleoyl-GPI (18:1)","1-oleoyl-GPI (18:1)",NA,"hmdb:HMDB0061693","pubchem:86289645","","","","hmdb:HMDB0061693",NA,NA,NA,NA,"","LPI 18:1/0:0"
100001778,209,36594,146822,"Lipid","Lysophospholipid",2726,"NAMED","SAHCQBPGXQFTRA-WNOZMNFTSA-N","[H]C(C(O)(C(O)([C@](O)1[H])[H])[H])([C@@](OP(O)(OC[C@@]([H])(COC(CCCCCCC/C=C\C/C=C\CCCCC)=O)O)=O)([C@]1(O)[H])[H])O","1-linoleoyl-GPI (18:2)*","1-linoleoyl-GPI* (18:2)*",NA,"hmdb:HMDB0240597","pubchem:11124828","","","","hmdb:HMDB0240597",NA,NA,NA,NA,"","LPI 18:2/0:0"
100001787,209,46331,145275,"Xenobiotics","Drug - Analgesics, Anesthetics",5393,"NAMED","XWJUDDGELKXYNO-QMMMGPOBSA-N","OC1=CC=C2C(C=CC([C@H](C)C(O)=O)=C2)=C1","desmethylnaproxen","desmethylnaproxen",NA,"hmdb:HMDB0013989","pubchem:162920","chemspider:18640362","","CAS:52079-10-4","hmdb:HMDB0013989",NA,NA,NA,NA,"","O-Desmethylnaproxen"
100001788,209,46106,143713,"Xenobiotics","Drug - Analgesics, Anesthetics",5394,"NAMED","BNKMSCMOWGCUOF-QMMMGPOBSA-N","C[C@H](C(O)=O)C1=CC2=CC=C(OS(=O)(O)=O)C=C2C=C1","desmethylnaproxen sulfate","desmethylnaproxen sulfate",NA,"","pubchem:184679","chemspider:160559","","","pubchem:184679",NA,NA,NA,NA,"","Desmethylnaproxen sulfate"
100001791,209,33173,142539,"Xenobiotics","Drug - Analgesics, Anesthetics",5380,"NAMED","HRLQZTOIKWEZBN-UHFFFAOYSA-N","CC(NC1=C(O)C=C(OS(=O)(O)=O)C=C1)=O","2-hydroxyacetaminophen sulfate*","2-hydroxyacetaminophen sulfate*",NA,"hmdb:HMDB0062547","pubchem:86290013","chemspider:34448632","","","hmdb:HMDB0062547",NA,NA,NA,NA,"","2-Hydroxyacetaminophen sulfate"
100001793,209,47031,148286,"Xenobiotics","Drug - Analgesics, Anesthetics",5381,"NAMED","NZKKXAGORRATJB-UHFFFAOYSA-N","CC(NC1=C(OC)C=C(OS(=O)(O)=O)C=C1)=O","2-methoxyacetaminophen sulfate*","2-methoxyacetaminophen sulfate*",NA,"hmdb:HMDB0062550","pubchem:86290014","chemspider:34448633","","","hmdb:HMDB0062550",NA,NA,NA,NA,"","2-Methoxyacetaminophen sulfate"
100001795,209,33161,153167,"Xenobiotics","Drug - Analgesics, Anesthetics",5382,"NAMED","GDCCQRYSPGZVPX-UHFFFAOYSA-N","CC(NC1=C(OC)C=C(OC2OC(C(O)=O)C(O)C(O)C2O)C=C1)=O","2-methoxyacetaminophen glucuronide*","2-methoxyacetaminophen glucuronide*",NA,"hmdb:HMDB0240215","pubchem:121596203","chemspider:52083351","","","hmdb:HMDB0240215",NA,NA,NA,NA,"","2-Methoxyacetaminophen glucuronide"
100001797,400,34365,156081,"Xenobiotics","Drug - Analgesics, Anesthetics",5383,"NAMED","LLHICPSCVFRWDT-UHFFFAOYSA-N","CC(NC1=CC=C(O)C(SCC(C(O)=O)N)=C1)=O","3-(cystein-S-yl)acetaminophen*","3-(cystein-S-yl)acetaminophen*",NA,"hmdb:HMDB0240217","pubchem:171264","chemspider:4403253","","CAS:53446-10-9","hmdb:HMDB0240217",NA,NA,NA,NA,"","3-(Cystein-S-yl)acetaminophen"
100001806,209,36845,143732,"Xenobiotics","Benzoate Metabolism",4560,"NAMED","CYGSXDXRHXMAOV-UHFFFAOYSA-N","O=S(OC1=CC=CC=C1C)(O)=O","o-cresol sulfate","o-cresol sulfate",NA,"hmdb:HMDB0011635","pubchem:11615528","chemspider:9790277","","","hmdb:HMDB0011635",NA,NA,NA,NA,"","o-Cresol sulfate"
100001809,209,36847,143734,"Xenobiotics","Benzoate Metabolism",4521,"NAMED","TXENPQZYQPWRAV-UHFFFAOYSA-N","O=S(OC1=C(CC)C=CC=C1)(O)=O","2-ethylphenylsulfate","2-ethylphenylsulfate",NA,"","","","","","",NA,NA,NA,NA,"",NA
100001810,400,36808,156271,"Amino Acid","Urea cycle; Arginine and Proline Metabolism",498,"NAMED","YDGMGEXADBMOMJ-LURJTMIESA-N","N[C@@H](CCCNC(N(C)C)=N)C(O)=O","dimethylarginine (SDMA + ADMA)","dimethylarginine (ADMA + SDMA)",NA,"hmdb:HMDB0003334,HMDB0001539","pubchem:123831,169148","chemspider:110375","kegg:C21189,C03626","CAS:102783-24-4","hmdb:HMDB0003334",NA,NA,NA,NA,"","Dimethylarginine"
100001843,400,37063,156289,"Peptide","Gamma-glutamyl Amino Acid",632,"NAMED","WQXXXVRAFAKQJM-WHFBIAKZSA-N","C[C@H](NC(CC[C@H](N)C(O)=O)=O)C(O)=O","gamma-glutamylalanine","gamma-glutamylalanine",NA,"hmdb:HMDB0029142","pubchem:440103","chemspider:389104","kegg:C03738","CAS:5875-41-2","hmdb:HMDB0029142",NA,NA,NA,NA,"","gamma-Glutamylalanine"
100001851,305,37076,147598,"Amino Acid","Glycine, Serine and Threonine Metabolism",11,"NAMED","JJIHLJJYMXLCOY-BYPYZUCNSA-N","OC[C@@H](C(O)=O)NC(C)=O","N-acetylserine","N-acetylserine",NA,"hmdb:HMDB0002931","pubchem:65249","chemspider:58744","","CAS:97-14-3","hmdb:HMDB0002931",NA,NA,NA,NA,"","N-Acetylserine"
100001856,402,42448,164202,"Lipid","Phosphatidylethanolamine (PE)",2426,"NAMED","JQKOHRZNEOQNJE-AYBNWLFXSA-N","O=C(CCCCCCC/C=C/CCCCCCCC)O[C@@H](COP(OCCN)(O)=O)COC(CCCCCCCCCCCCCCCCC)=O","1-stearoyl-2-oleoyl-GPE (18:0/18:1)","1-stearoyl-2-oleoyl-GPE (18:0/18:1)",NA,"hmdb:HMDB0008993","pubchem:9546742","","","","hmdb:HMDB0008993",NA,NA,NA,NA,"","PE 18:0/18:1"
100001859,305,37112,145854,"Lipid","Inositol Metabolism",2203,"NAMED","CDAISMWEOUEBRE-LKPKBOIGSA-N","O[C@@H]1[C@@H](O)[C@H](O)[C@@H](O)[C@@H](O)[C@@H]1O","chiro-inositol","chiro-inositol",NA,"hmdb:HMDB0240209","","chemspider:10254647","kegg:C19891","CAS:643-12-9","hmdb:HMDB0240209",NA,NA,NA,NA,"","1D-chiro-Inositol"
100001868,209,37181,144354,"Xenobiotics","Food Component/Plant",5089,"NAMED","KFDHKOFCRYUXLA-UHFFFAOYSA-N","C=CCC1=CC=C(OS(=O)(O)=O)C=C1","4-allylphenol sulfate","4-allylphenol sulfate",NA,"","pubchem:66633409","","","","pubchem:66633409",NA,NA,NA,NA,"","4-Allylphenol sulfate"
100001869,402,42450,164205,"Lipid","Phosphatidylcholine (PC)",2334,"NAMED","PSVRFUPOQYJOOZ-QNPWAGBNSA-N","C[N+](C)(CCOP([O-])(OC[C@@]([H])(COC(CCCCCCCCCCCCCCCCC)=O)OC(CCC/C=C\C/C=C\C/C=C\C/C=C\CCCCC)=O)=O)C","1-stearoyl-2-arachidonoyl-GPC (18:0/20:4)","1-stearoyl-2-arachidonoyl-GPC (18:0/20:4)",NA,"hmdb:HMDB0008048","pubchem:16219824","chemspider:17347139","","CAS:35418-59-8","hmdb:HMDB0008048",NA,NA,NA,NA,"","PC 18:0/20:4"
100001870,402,42449,164197,"Lipid","Phosphatidylethanolamine (PE)",2411,"NAMED","HBZNVZIRJWODIB-NHCUFCNUSA-N","O=C(CCCCCCC/C=C\C/C=C\CCCCC)O[C@@H](COP(OCCN)(O)=O)COC(CCCCCCCCCCCCCCC)=O","1-palmitoyl-2-linoleoyl-GPE (16:0/18:2)","1-palmitoyl-2-linoleoyl-GPE (16:0/18:2)",NA,"hmdb:HMDB0005322","pubchem:9546747","chemspider:7825697","","","hmdb:HMDB0005322",NA,NA,NA,NA,"","PE 16:0/18:2"
100001872,402,52235,164206,"Lipid","Phosphatidylserine (PS)",2509,"NAMED","SVOUGFFDROZBJI-DNALCEECSA-N","O=C(CCCCCCCCCCCCCCCCC)OC[C@]([H])(COP(O)(OC[C@]([NH3+])(C([O-])=O)[H])=O)OC(CCC/C=C\C/C=C\C/C=C\C/C=C\CCCCC)=O","1-stearoyl-2-arachidonoyl-GPS (18:0/20:4)","1-stearoyl-2-arachidonoyl-GPS (18:0/20:4)",NA,"hmdb:HMDB0012383","pubchem:24779545","","","","hmdb:HMDB0012383",NA,NA,NA,NA,"","PS 18:0/20:4"
100001876,402,52605,165336,"Lipid","Sphingolipid Synthesis",3002,"NAMED","YHEDRJPUIRMZMP-UHFFFAOYSA-N","OP(O)(OCC(C(CCCCCCCCCCCCCCC)O)N)=O","sphinganine-1-phosphate","sphinganine-1-phosphate",NA,"hmdb:HMDB0001383","pubchem:520","chemspider:505","","CAS:19794-97-9","hmdb:HMDB0001383",NA,NA,NA,NA,"","Sphinganine 1-phosphate"
100001882,402,52234,164199,"Lipid","Hexosylceramides (HCER)",3059,"NAMED","YMYQEDCYNANIPI-OQRGLTFYSA-N","OC1C(CO)OC(OC[C@H](NC(CCCCCCCCCCCCCCCCC)=O)[C@H](O)/C=C/CCCCCCCCCCCCC)C(O)C1O","glycosyl-N-stearoyl-sphingosine (d18:1/18:0)","glycosyl-N-stearoyl-sphingosine (d18:1/18:0)",NA,"","","","","","",NA,NA,NA,NA,"","HexCer 18:1;O2/18:0"
100001925,400,37104,156323,"Peptide","Dipeptide",762,"NAMED","SZJNCZMRZAUNQT-IUCAKERBSA-N","O=C(N[C@H]1CC(C)C)[C@H]2N(CCC2)C1=O","cyclo(leu-pro)","cyclo(leu-pro)",NA,"hmdb:HMDB0034276","pubchem:7074739","chemspider:5428292","","CAS:2873-36-1","hmdb:HMDB0034276",NA,NA,NA,NA,"","Cyclo(Leu-Pro)"
100001933,402,37033,158830,"Xenobiotics","Drug - Neurological",5823,"NAMED","FFGPTBGBLSHEPO-UHFFFAOYSA-N","O=C(N1C2=C(C=CC3=CC=CC=C13)C=CC=C2)N","carbamazepine","carbamazepine",NA,"hmdb:HMDB0014704","pubchem:2554","chemspider:2457","kegg:C06868,D00252","CAS:298-46-4","hmdb:HMDB0014704",NA,NA,NA,NA,"","Carbamazepine"
100001946,400,37077,156299,"Peptide","Dipeptide",745,"NAMED","OWOHLURDBZHNGG-YFKPBYRVSA-N","O=C(NC1)[C@H](CCC2)N2C1=O","cyclo(gly-pro)","cyclo(gly-pro)",NA,"","pubchem:193540","chemspider:112149","","CAS:3705-27-9","pubchem:193540",NA,NA,NA,NA,"","Cyclo(Gly-Pro)"
100001948,400,37058,156287,"Energy","TCA Cycle",1448,"NAMED","HAEVNYBCYZZDFL-UHFFFAOYSA-N","[O-]C(CC(C[N+](C)(C)C)OC(CCC(O)=O)=O)=O","succinylcarnitine (C4-DC)","succinylcarnitine (C4-DC)",NA,"hmdb:HMDB0061717","pubchem:71464481","chemspider:28639166","","CAS:256928-74-2","hmdb:HMDB0061717",NA,NA,NA,NA,"","CAR DC4:0"
100001950,402,32586,158528,"Cofactors and Vitamins","Hemoglobin and Porphyrin Metabolism",4410,"NAMED","BPYKTIZUTYGOLE-VVCLLGATSA-N","CC(C(N/1)=O)=C(C=C)C1=C/C2=C(C)C(CCC(O)=O)=C(CC3=C(CCC(O)=O)C(C)=C(/C=C4NC(C(C=C)=C\4C)=O)N3)N2","bilirubin (E,E)*","bilirubin (E,E)*",NA,"hmdb:HMDB0240584","pubchem:129320511","chemspider:4474753","","","hmdb:HMDB0240584",NA,NA,NA,NA,"","Bilirubin"
100001951,402,47886,160233,"Cofactors and Vitamins","Hemoglobin and Porphyrin Metabolism",4411,"NAMED","BPYKTIZUTYGOLE-BMNRKXRESA-N","CC(C(N/1)=O)=C(C=C)C1=C/C2=C(C)C(CCC(O)=O)=C(CC3=C(CCC(O)=O)C(C)=C(/C=C4NC(C(C=C)=C/4C)=O)N3)N2","bilirubin (E,Z or Z,E)*","bilirubin (E,Z or Z,E)*",NA,"hmdb:HMDB0000488","pubchem:5799469","chemspider:4705847","kegg:C00486","","hmdb:HMDB0000488",NA,NA,NA,NA,"","Bilirubin"
100001956,400,37431,156358,"Amino Acid","Urea cycle; Arginine and Proline Metabolism",518,"NAMED","CWLQUGTUXBXTLF-UHFFFAOYSA-N","O=C(O)C1N(C)CCC1","N-methylproline","N-methylproline",NA,"hmdb:HMDB0094696","pubchem:643474","chemspider:541","","CAS:475-11-6","hmdb:HMDB0094696",NA,NA,NA,NA,"","N-Methyl-proline"
100001977,402,57591,211608,"Cofactors and Vitamins","Vitamin A Metabolism",4436,"NAMED","DMASLKHVQRHNES-QQGJMDNJSA-N","CC1=C(/C=C/C(C)=C/C=C/C(C)=C/C=C/C=C(C)/C=C/C=C(C)/C=C/C2=C(C)CCCC2(C)C)C(C)(C)CC(O)C1","beta-cryptoxanthin","beta-cryptoxanthin",NA,"hmdb:HMDB0033844","pubchem:5281235","chemspider:4904571","kegg:C08591","CAS:472-70-8","hmdb:HMDB0033844",NA,NA,NA,NA,"","Cryptoxanthin"
100001987,209,37190,144226,"Lipid","Androgenic Steroids",3387,"NAMED","JHFAETDERBWUOO-ARKAXQQOSA-N","C[C@@]12[C@](CCC3C2CC[C@@]4(C)C3CC[C@@H]4OS(=O)(O)=O)([H])C[C@@H](OS(=O)(O)=O)CC1","5alpha-androstan-3beta,17beta-diol disulfate","5alpha-androstan-3beta,17beta-diol disulfate",NA,"hmdb:HMDB00493","pubchem:90186325","","kegg:C12525","CAS:571-20-0","hmdb:HMDB00493",NA,NA,NA,NA,"","5alpha-Androstane-3beta,17beta-diol disulfate"
100001988,209,37198,144254,"Lipid","Progestin Steroids",3281,"NAMED","LSQGWMYMIHQKSA-VNCHAANSSA-N","C[C@@]12[C@](CCC3C2CC[C@@]4(C)C3CCC4C(OS(=O)(O)=O)C)([H])C[C@@H](OS(=O)(O)=O)CC1","5alpha-pregnan-3beta,20alpha-diol disulfate","5alpha-pregnan-3beta,20alpha-diol disulfate",NA,"hmdb:HMDB0094650","pubchem:118703093","","","","hmdb:HMDB0094650",NA,NA,NA,NA,"","5alpha-Pregnan-3beta,20alpha-diol disulfate"
100001989,209,57741,213336,"Lipid","Secondary Bile Acid Metabolism",3536,"NAMED","HCXZDHWUVRQLGC-UHFFFAOYSA-N","O=S(OC1CCC2(C)C(CCC3C2CCC4(C)C3CCC4C(CCC(NCC(O)=O)=O)C)=C1)(O)=O","glycocholenate sulfate*","glycocholenate sulfate*",NA,"","","","","","",NA,NA,NA,NA,"","Glycocholenate sulfate"
100001990,209,32807,142566,"Lipid","Secondary Bile Acid Metabolism",3537,"NAMED","OEDITLKCLMKBOM-UHFFFAOYSA-N","O=S(OC1CCC2(C)C(CCC3C2CCC4(C)C3CCC4C(CCC(NCCS(=O)(O)=O)=O)C)=C1)(O)=O","taurocholenate sulfate*","taurocholenate sulfate*",NA,"","","","","","",NA,NA,NA,NA,"","Taurocholenate sulfate"
100001992,209,37202,144229,"Lipid","Androgenic Steroids",3364,"NAMED","UWPTUYJASNIIJM-QJIZPQHZSA-N","C[C@@]12C(CCC3C2CC[C@@]4(C)C3CC[C@@H]4OS(=O)(O)=O)=C[C@@H](OS(=O)(O)=O)CC1","androstenediol (3beta,17beta) disulfate (1)","androstenediol (3beta,17beta) disulfate (1)",NA,"hmdb:HMDB0240313","pubchem:87120982","","kegg:C04295","","hmdb:HMDB0240313",NA,NA,NA,NA,"","Androstenediol disulfate"
100001992,209,37202,144229,"Lipid","Androgenic Steroids",3364,"NAMED","UWPTUYJASNIIJM-QJIZPQHZSA-N","C[C@@]12C(CCC3C2CC[C@@]4(C)C3CC[C@@H]4OS(=O)(O)=O)=C[C@@H](OS(=O)(O)=O)CC1","androstenediol (3beta,17beta) disulfate (1)","androstenediol (3beta,17beta) disulfate (1)",NA,"hmdb:HMDB0240313","pubchem:87120982","","kegg:C04295","","hmdb:HMDB0240313",NA,NA,NA,NA,"","Androstenediol disulfate"
100001993,209,32562,149820,"Lipid","Pregnenolone Steroids",3261,"NAMED","RKYCGXFEFAPXIP-BWUXAKENSA-N","C[C@@]12C(CCC3C2CC[C@@]4(C)C3CCC4C(OS(=O)(O)=O)C)=CC(OS(=O)(O)=O)CC1","pregnenediol disulfate (C21H34O8S2)*","pregnen-diol disulfate*",NA,"","","","","","",NA,NA,NA,NA,"",NA
100001994,209,37203,144269,"Lipid","Androgenic Steroids",3365,"NAMED","UWPTUYJASNIIJM-QJIZPQHZSA-N","C[C@]12C(CCC3C1CC[C@]4(C3CC[C@@H]4OS(=O)(O)=O)C)=C[C@H](CC2)OS(=O)(O)=O","androstenediol (3beta,17beta) disulfate (2)","androstenediol (3beta,17beta) disulfate (2)",NA,"hmdb:HMDB0240313","pubchem:87120982","","","","hmdb:HMDB0240313",NA,NA,NA,NA,"","Androstenediol disulfate"
100001994,209,37203,144269,"Lipid","Androgenic Steroids",3365,"NAMED","UWPTUYJASNIIJM-QJIZPQHZSA-N","C[C@]12C(CCC3C1CC[C@]4(C3CC[C@@H]4OS(=O)(O)=O)C)=C[C@H](CC2)OS(=O)(O)=O","androstenediol (3beta,17beta) disulfate (2)","androstenediol (3beta,17beta) disulfate (2)",NA,"hmdb:HMDB0240313","pubchem:87120982","","","","hmdb:HMDB0240313",NA,NA,NA,NA,"","Androstenediol disulfate"
100001999,209,46115,143743,"Lipid","Pregnenolone Steroids",3254,"NAMED","CBOVWLYQUCVTFA-WGKOQXAXSA-N","C[C@@]1([C@H]2[C@@](COS(=O)(O)=O)=O)[C@](CC2)([H])[C@@](CC=C3[C@@]4(CC[C@H](OS(=O)(O)=O)C3)C)([H])[C@@]4([H])CC1","21-hydroxypregnenolone disulfate","21-hydroxypregnenolone disulfate",NA,"","pubchem:134595","chemspider:118625","","CAS:1164-98-3","pubchem:134595",NA,NA,NA,NA,"","21-Hydroxypregnenolone"
100002009,209,37196,144279,"Lipid","Progestin Steroids",3272,"NAMED","NOGKXXMAHGCQBS-VNCHAANSSA-N","O[C@H]1CC[C@@]2(C)[C@](CCC3C2CC[C@@]4(C)C3CCC4C(C)OS(=O)(O)=O)([H])C1","5alpha-pregnan-3beta,20beta-diol monosulfate (1)","5alpha-pregnan-3beta,20beta-diol monosulfate (1)",NA,"hmdb:HMDB0240580","","","","","hmdb:HMDB0240580",NA,NA,NA,NA,"",NA
100002014,209,37200,144283,"Lipid","Progestin Steroids",3275,"NAMED","ZIVKBPVUJZDVBI-MHACIFFSSA-N","C[C@@]12[C@](CCC3C2CC[C@@]4(C)C3CCC4[C@](C)([H])O)([H])C[C@@H](OS(=O)(O)=O)CC1","5alpha-pregnan-3beta,20alpha-diol monosulfate (2)","5alpha-pregnan-3beta,20alpha-diol monosulfate (2)",NA,"","","","","","hmdb:HMDB0240579",NA,NA,NA,NA,"",NA
100002015,209,46172,144285,"Lipid","Progestin Steroids",3282,"NAMED","LSQGWMYMIHQKSA-UHFFFAOYSA-N","CC(OS(=O)(O)=O)C1CCC2C3CCC4CC(OS(=O)(O)=O)CCC4(C)C3CCC21C","5alpha-pregnan-diol disulfate","5alpha-pregnan-diol disulfate",NA,"hmdb:HMDB0240581,HMDB0240582","pubchem:3082277,5127902","chemspider:4302261","","","hmdb:HMDB0240581",NA,NA,NA,NA,"",NA
100002017,209,37184,144264,"Lipid","Androgenic Steroids",3381,"NAMED","JHFAETDERBWUOO-ILBJSTGGSA-N","C[C@@]12[C@](CCC3C2CC[C@@]4(C)C3CC[C@@H]4OS(=O)(O)=O)([H])C[C@H](OS(=O)(O)=O)CC1","5alpha-androstan-3alpha,17beta-diol disulfate","5alpha-androstan-3alpha,17beta-diol disulfate",NA,"hmdb:HMDB0094682","pubchem:56639109","","","","hmdb:HMDB0094682",NA,NA,NA,NA,"","5alpha-Androstan-3alpha,17beta-diol disulfate"
100002018,209,37186,144270,"Lipid","Androgenic Steroids",3379,"NAMED","LERFMBCTNMFXCT-ILBJSTGGSA-N","C[C@@]12[C@](CCC3C2CC[C@@]4(C)C3CC[C@@H]4O)([H])C[C@H](OS(=O)(O)=O)CC1","5alpha-androstan-3alpha,17beta-diol monosulfate (1)","5alpha-androstan-3alpha,17beta-diol monosulfate (1)",NA,"","pubchem:121596226,121596225","","","","pubchem:121596226",NA,NA,NA,NA,"",NA
100002021,209,37187,144291,"Lipid","Androgenic Steroids",3390,"NAMED","JHFAETDERBWUOO-ILSMVHKQSA-N","O=S(O[C@@H]1CCC2C3CC[C@@]4([H])C[C@@H](OS(=O)(O)=O)CC[C@]4(C)C3CC[C@@]21C)(O)=O","5alpha-androstan-3beta,17alpha-diol disulfate","5alpha-androstan-3beta,17alpha-diol disulfate",NA,"hmdb:HMDB0094682","pubchem:56639109","","","","hmdb:HMDB0094682",NA,NA,NA,NA,"","5alpha-Androstan-3beta,17alpha-diol disulfate"
100002024,209,37192,144276,"Lipid","Androgenic Steroids",3386,"NAMED","KWYNDVHEQWYGIL-ARKAXQQOSA-N","O[C@H]1CC[C@@]2(C)[C@](CCC3C2CC[C@@]4(C)C3CC[C@@H]4OS(=O)(O)=O)([H])C1","5alpha-androstan-3beta,17beta-diol monosulfate (2)","5alpha-androstan-3beta,17beta-diol monosulfate (2)",NA,"","","","","","",NA,NA,NA,NA,"",NA
100002026,209,37207,144213,"Lipid","Androgenic Steroids",3368,"NAMED","VPDALJSLCNNODJ-BVKUPEMCSA-N","O[C@@H]1CCC2C3CCC4=C[C@H](OS(=O)(O)=O)CC[C@]4(C)C3CC[C@@]21C","androstenediol (3alpha, 17alpha) monosulfate (2)","androstenediol (3alpha, 17alpha) monosulfate (2)",NA,"","","","","","hmdb:HMDB0000458",NA,NA,NA,NA,"",NA
100002027,209,37209,144214,"Lipid","Androgenic Steroids",3369,"NAMED","VPDALJSLCNNODJ-IUIQAQCZSA-N","O[C@@H]1CCC2C3CCC4=CC(OS(=O)(O)=O)CC[C@]4(C)C3CC[C@@]21C","androstenediol (3alpha, 17alpha) monosulfate (3)","androstenediol (3alpha, 17alpha) monosulfate (3)",NA,"","","","","","hmdb:HMDB0000458",NA,NA,NA,NA,"",NA
100002028,209,37211,144263,"Lipid","Androgenic Steroids",3361,"NAMED","VPDALJSLCNNODJ-QJIZPQHZSA-N","O[C@H]1CCC2C3CCC4=C[C@@H](OS(=O)(O)=O)CC[C@]4(C)C3CC[C@@]21C","androstenediol (3beta,17beta) monosulfate (1)","androstenediol (3beta,17beta) monosulfate (1)",NA,"hmdb:HMDB0240429","pubchem:129670631,13847309","","","CAS:521-17-5","hmdb:HMDB0240429",NA,NA,NA,NA,"",NA
100002029,209,37210,144261,"Lipid","Androgenic Steroids",3362,"NAMED","KMTOEENORMWLCF-QJIZPQHZSA-N","O[C@H]1CC[C@@]2(C)C(CCC3C2CC[C@@]4(C)C3CC[C@@H]4OS(=O)(O)=O)=C1","androstenediol (3beta,17beta) monosulfate (2)","androstenediol (3beta,17beta) monosulfate (2)",NA,"hmdb:HMDB0240429,HMDB0186954","","","","","hmdb:HMDB0240429",NA,NA,NA,NA,"",NA
100002035,209,37480,212653,"Lipid","Progestin Steroids",3271,"NAMED","MENQCIVHHONJLU-PSLKZVIBSA-N","C[C@@]12C(CCC2C(C)=O)C3CC[C@@]4([H])C[C@@H](OS(=O)(O)=O)CC[C@]4(C)C3CC1","5alpha-pregnan-3beta-ol,20-one sulfate","5alpha-pregnan-3beta-ol,20-one sulfate",NA,"","","","","CAS:7730-00-9","CAS:7730-00-9",NA,NA,NA,NA,"",NA
100002049,209,37445,151041,"Xenobiotics","Drug - Cardiovascular",5656,"NAMED","VXIXUWQIVKSKSA-UHFFFAOYSA-N","OC(C1=CC=CC=C1O2)=CC2=O","4-hydroxycoumarin","4-hydroxycoumarin",NA,"","pubchem:54682930","chemspider:10254753","kegg:C20414","CAS:1076-38-6","pubchem:54682930",NA,NA,NA,NA,"","4-Hydroxycoumarin"
100002067,209,32619,149838,"Lipid","Pregnenolone Steroids",3260,"NAMED","MENQCIVHHONJLU-UHFFFAOYSA-N","CC(C1CCC2C3CCC4CC(OS(O)(=O)=O)CCC4(C3CCC12C)C)=O","pregnenediol sulfate (C21H34O5S)*","pregnenediol sulfate (C21H34O5S)*",NA,"hmdb:HMDB0000774","pubchem:105074","chemspider:13465233","kegg:C18044","CAS:1247-64-9","hmdb:HMDB0000774",NA,NA,NA,NA,"","Pregnenolone sulfate"
100002070,400,37253,156347,"Lipid","Fatty Acid, Dicarboxylate",1664,"NAMED","HWXBTNAVRSUOJR-UHFFFAOYSA-N","O=C(O)CCC(O)C(O)=O","2-hydroxyglutarate","2-hydroxyglutarate",NA,"hmdb:HMDB0059655","pubchem:43","chemspider:42","kegg:C02630","CAS:40951-21-1","hmdb:HMDB0059655",NA,NA,NA,NA,"","2-Hydroxyglutaric acid"
100002094,209,44876,127733,"Cofactors and Vitamins","Tocopherol Metabolism",4369,"NAMED","VMJQLPNCUPGMNQ-UHFFFAOYSA-N","OC1=C(C)C(C)=C(OC(C)(CCC(O)=O)CC2)C2=C1","gamma-CEHC","gamma-CEHC",NA,"hmdb:HMDB0001931","pubchem:133098","chemspider:117455","","CAS:178167-75-4","hmdb:HMDB0001931",NA,NA,NA,NA,"","gamma-CEHC"
100002102,209,37432,127667,"Nucleotide","Pyrimidine Metabolism, Uracil containing",4242,"NAMED","LJLLAWRMBZNPMO-UHFFFAOYSA-N","CC(NCCC(O)=O)=O","N-acetyl-beta-alanine","N-acetyl-beta-alanine",NA,"hmdb:HMDB0061880","pubchem:76406","chemspider:68881","kegg:C01073","CAS:3025-95-4","hmdb:HMDB0061880",NA,NA,NA,NA,"","N-Acetyl-beta-alanine"
100002103,400,62100,218945,"Amino Acid","Methionine, Cysteine, SAM and Taurine Metabolism",447,"NAMED","OLVVOVIFTBSBBH-UHFFFAOYSA-N","OC1C(O)C(O)C(CSC)O1","5-methylthioribose**","5-methylthioribose**",NA,"hmdb:HMDB0001087","pubchem:6419710","chemspider:480","","CAS:23656-67-9","hmdb:HMDB0001087",NA,NA,NA,NA,"","5-Methylthioribose"
100002106,402,37529,164200,"Lipid","Sphingomyelins",3120,"NAMED","NBEADXWAAWCCDG-QDDWGVBQSA-N","O=C(CCCCCCC/C=C\CCCCCCCC)N[C@@](COP([O-])(OCC[N+](C)(C)C)=O)([C@](O)(/C=C/CCCCCCCCCCCCC)[H])[H]","sphingomyelin (d18:1/18:1, d18:2/18:0)","sphingomyelin (d18:1/18:1, d18:2/18:0)",NA,"hmdb:HMDB0012101","pubchem:6443882","chemspider:4947837","","CAS:108392-10-5","hmdb:HMDB0012101",NA,NA,NA,NA,"","SM 36:2;O2"
100002107,402,37506,164195,"Lipid","Sphingomyelins",3104,"NAMED","RWKUXQNLWDTSLO-GWQJGLRPSA-N","CCCCCCCCCCCCCCCC(N[C@@](COP([O-])(OCC[N+](C)(C)C)=O)([C@](O)(/C=C/CCCCCCCCCCCCC)[H])[H])=O","palmitoyl sphingomyelin (d18:1/16:0)","palmitoyl sphingomyelin (d18:1/16:0)",NA,"hmdb:HMDB0010169","pubchem:9939941","chemspider:8115562","","CAS:6254-89-3","hmdb:HMDB0010169",NA,NA,NA,NA,"","SM 18:1;O2/16:0"
100002113,400,37443,156369,"Amino Acid","Methionine, Cysteine, SAM and Taurine Metabolism",468,"NAMED","ADVPTQAUNPRNPO-UHFFFAOYSA-N","O=C(C(CS(O)=O)N)O","cysteine sulfinic acid","cysteine sulfinic acid",NA,"hmdb:HMDB0000996","pubchem:109","chemspider:107","kegg:C00606","CAS:207121-48-0","hmdb:HMDB0000996",NA,NA,NA,NA,"","3-Sulfino-alanine"
100002122,209,39600,141918,"Xenobiotics","Benzoate Metabolism",4469,"NAMED","XDOFWFNMYJRHEW-UHFFFAOYSA-N","O=C(C1=CC=CC(O)=C1)NCC(O)=O","3-hydroxyhippurate","3-hydroxyhippurate",NA,"hmdb:HMDB0006116","pubchem:450268","chemspider:396603","","CAS:1637-75-8","hmdb:HMDB0006116",NA,NA,NA,NA,"","3-Hydroxyhippuric acid"
100002126,209,38168,143871,"Lipid","Androgenic Steroids",3340,"NAMED","ALBNSVAJDFJRKQ-UAFBDMIJSA-N","O=C1[C@H](O)CC2C3CC=C4C[C@@H](OS(=O)(O)=O)CC[C@]4(C)C3CC[C@@]21C","16a-hydroxy DHEA 3-sulfate","16a-hydroxy DHEA 3-sulfate",NA,"hmdb:HMDB0062544","pubchem:20848950","","","","hmdb:HMDB0062544",NA,NA,NA,NA,"","3beta,16alpha-Dihydroxyandrostenone 3-sulfate"
100002129,209,38170,127723,"Lipid","Pregnenolone Steroids",3244,"NAMED","DIJBBUIOWGGQOP-QGVNFLHTSA-N","C[C@]12CC[C@H](OS(=O)(O)=O)CC1=CC[C@@]3([H])[C@]4([H])CC[C@H]([C@](C)=O)[C@](C)4CC[C@]23[H]","pregnenolone sulfate","pregnenolone sulfate",NA,"hmdb:HMDB0000774","pubchem:105074","chemspider:94802","kegg:C18044","CAS:1247-64-9","hmdb:HMDB0000774",NA,NA,NA,NA,"","Pregnenolone sulfate"
100002152,209,32827,149822,"Lipid","Androgenic Steroids",3394,"NAMED","UNURIUSTYBXRLV-UHFFFAOYSA-N","CC12CCC(O)CC1=CCC3C2CCC4(C)C3CC(OS(=O)(O)=O)C4=O","andro steroid monosulfate C19H28O6S (1)*","andro steroid monosulfate C19H28O6S (1)*",NA,"hmdb:HMDB0002759","pubchem:159663","","","","hmdb:HMDB0002759",NA,NA,NA,NA,"","5alpha-Androstane-3alpha-ol-17-one sulfate"
100002153,400,38100,156425,"Xenobiotics","Food Component/Plant",4800,"NAMED","MUNWAHDYFVYIKH-RITPCOANSA-N","O[C@H]1C[N+](C)(C)[C@H]([C@@]([O-])=O)C1","betonicine","betonicine",NA,"hmdb:HMDB0029412","pubchem:164642","chemspider:144333","kegg:C08269","CAS:515-25-3","hmdb:HMDB0029412",NA,NA,NA,NA,"","Betonicine"
100002154,400,37459,156384,"Xenobiotics","Food Component/Plant",4894,"NAMED","SSISHJJTAXXQAX-UHFFFAOYSA-N","S=C1NC(CC(C([O-])=O)[N+](C)(C)C)=CN1","ergothioneine","ergothioneine",NA,"hmdb:HMDB0003045","pubchem:5351619","chemspider:2297320","kegg:C05570","CAS:58511-63-0","hmdb:HMDB0003045",NA,NA,NA,NA,"","Ergothioneine"
100002183,400,38127,156445,"Amino Acid","Methionine, Cysteine, SAM and Taurine Metabolism",438,"NAMED","YDBYJHTYSHBBAU-UHFFFAOYSA-N","NC(CC[S+](C)C)C([O-])=O","S-methylmethionine","S-methylmethionine",NA,"hmdb:HMDB0038670","pubchem:458","chemspider:8351775","kegg:C05319","CAS:3493-12-7","hmdb:HMDB0038670",NA,NA,NA,NA,"","S-Methylmethionine"
100002185,209,38116,127709,"Amino Acid","Tryptophan Metabolism",316,"NAMED","KMAKOBLIOCQGJP-UHFFFAOYSA-N","O=C(C1=CNC2=C1C=CC=C2)O","indole-3-carboxylate","indole-3-carboxylate",NA,"hmdb:HMDB0003320","pubchem:69867","","kegg:C19837","CAS:771-50-6","hmdb:HMDB0003320",NA,NA,NA,NA,"","Indole-3-carboxylic acid"
100002196,209,37752,145686,"Lipid","Fatty Acid, Monohydroxy",2015,"NAMED","HNICUWMFWZBIFP-IRQZEAMPSA-N","OC(CCCCCCC/C=C\C=C\[C@H](CCCCC)O)=O","13-HODE + 9-HODE","13-HODE + 9-HODE",NA,"hmdb:HMDB0004670,HMDB0004667","pubchem:5312830,5282945,1424,5282947,5282944","","kegg:C14767,C14762","","hmdb:HMDB0004670",NA,NA,NA,NA,"","HODE"
100002199,209,62919,220775,"Lipid","Fatty Acid, Dicarboxylate",1691,"NAMED","LGDMAFABHAIORE-DUXPYHPUSA-N","O=C(O)CCCCCC/C=C/CCCC(O)=O","tridecenedioate (C13:1-DC)*","tridecenedioate (C13:1-DC)*",NA,"","","","","","",NA,NA,NA,NA,"",NA
100002204,400,43256,156988,"Amino Acid","Histidine Metabolism",75,"NAMED","FKTXRTPBUWLETL-UHFFFAOYSA-N","O=C(O)C(NC(C)=O)CC1=CN=CN1C","N-acetyl-3-methylhistidine*","N-acetyl-3-methylhistidine*",NA,"hmdb:HMDB0240341","pubchem:193270","chemspider:19993498","","CAS:37841-04-6","hmdb:HMDB0240341",NA,NA,NA,NA,"","N-Acetyl-3-methylhistidine"
100002224,400,38122,156442,"Xenobiotics","Tobacco Metabolite",4621,"NAMED","MYKUKUCHPMASKF-UHFFFAOYSA-N","C1(C2CCCN2)=CC=CN=C1","nornicotine","nornicotine",NA,"hmdb:HMDB0001126","pubchem:412","chemspider:21108497","","CAS:5746-86-1","hmdb:HMDB0001126",NA,NA,NA,NA,"","Nornicotine"
100002227,402,38125,164218,"Lipid","Sterol",3220,"NAMED","NYOXRYYXRWJDKP-UHFFFAOYSA-N","CC12C(CCC3C2CCC4(C)C3CCC4C(CCCC(C)C)C)=CC(CC1)=O","4-cholesten-3-one","4-cholesten-3-one",NA,"hmdb:HMDB0000921","pubchem:91477","chemspider:427","kegg:C00599","CAS:601-57-0","hmdb:HMDB0000921",NA,NA,NA,NA,"","Cholestenone"
100002249,400,43530,157031,"Amino Acid","Lysine Metabolism",135,"NAMED","RMOIHHAKNOFHOE-UHFFFAOYSA-N","O=C(C)NCCCCCN","N-acetyl-cadaverine","N-acetyl-cadaverine",NA,"hmdb:HMDB0002284","pubchem:10374713","","","CAS:32343-73-0","hmdb:HMDB0002284",NA,NA,NA,NA,"","N-Acetylcadaverine"
100002253,209,38637,141886,"Xenobiotics","Food Component/Plant",4854,"NAMED","YAADMLWHGMUGQL-VOTSOKGWSA-N","O=C(NCC(O)=O)/C=C/C1=CC=CC=C1","cinnamoylglycine","cinnamoylglycine",NA,"hmdb:HMDB0011621","pubchem:709625","chemspider:618829","","CAS:16534-24-0","hmdb:HMDB0011621",NA,NA,NA,NA,"","Cinnamoylglycine"
100002254,402,38625,159084,"Lipid","Endocannabinoid",2164,"NAMED","OTGQIQQTPXJQRG-UHFFFAOYSA-N","OCCNC(CCCCCCCCCCCCCCCCC)=O","stearoyl ethanolamide","stearoyl ethanolamide",NA,"hmdb:HMDB0013078","pubchem:27902","chemspider:25958","","CAS:111-57-9","hmdb:HMDB0013078",NA,NA,NA,NA,"","Stearoyl-EA"
100002259,402,38178,159020,"Lipid","Fatty Acid Metabolism (Acyl Carnitine, Monounsaturated)",1881,"NAMED","OQWOHRPOYAVIOK-KTKRTIGZSA-N","O=C([O-])CC(OC(CC/C=C\CCCCC)=O)C[N+](C)(C)C","cis-4-decenoylcarnitine (C10:1)","cis-4-decenoylcarnitine (C10:1)",NA,"hmdb:HMDB0013205","pubchem:57357170","chemspider:28639171","","CAS:98930-66-6","hmdb:HMDB0013205",NA,NA,NA,NA,"","CAR 10:1"
100002284,305,62950,220825,"Lipid","Fatty Acid, Dihydroxy",2034,"NAMED","LOUGYXZSURQALL-GBXIJSLDSA-N","C[C@@H](O)[C@H](O)C(O)=O","2S,3R-dihydroxybutyrate","2S,3R-dihydroxybutyrate",NA,"hmdb:HMDB0002453","pubchem:10964471","chemspider:9139682","","CAS:5057-93-2","hmdb:HMDB0002453",NA,NA,NA,NA,"","4-Deoxythreonic acid"
100002321,400,37020,156282,"Xenobiotics","Drug - Neurological",5824,"NAMED","ZRWWEEVEIOGMMT-UHFFFAOYSA-N","O=C(N1C2=C(C3C(O3)C4=CC=CC=C14)C=CC=C2)N","carbamazepine 10,11-epoxide","carbamazepine 10,11-epoxide",NA,"hmdb:HMDB0060658","pubchem:2555","chemspider:2458","kegg:C07496","CAS:36507-30-9","hmdb:HMDB0060658",NA,NA,NA,NA,"","Carbamazepine epoxide"
100002322,209,37056,148433,"Xenobiotics","Drug - Neurological",5825,"NAMED","VKZWFMGCAPKSML-UHFFFAOYSA-N","O=C(N1C2=C(C=CC3=CC=CC=C13)C=CC=C2)NC4OC(C(O)=O)C(O)C(O)C4O","carbamazepine glucuronide*","carbamazepine glucuronide*",NA,"","pubchem:83870","","","","pubchem:83870",NA,NA,NA,NA,"","Carbamazepine N-glucuronide"
100002332,209,38120,153514,"Xenobiotics","Drug - Antibiotic",5532,"NAMED","YMDXZJFXQJVXBF-UHFFFAOYSA-N","CC1C(O1)P(O)(O)=O","fosfomycin","fosfomycin",NA,"hmdb:HMDB0014966","pubchem:446987","chemspider:3299","kegg:D04253,C06454","CAS:26016-99-9","hmdb:HMDB0014966",NA,NA,NA,NA,"","Fosfomycin"
100002344,209,38293,141840,"Lipid","Fatty Acid, Branched",1638,"NAMED","ZOCYQVNGROEVLU-UHFFFAOYSA-N","CC(C)CCCCCCCCCCCC(O)=O","(12 or 13)-methylmyristate (a15:0 or i15:0)","(12 or 13)-methylmyristate (a15:0 or i15:0)",NA,"hmdb:HMDB0061707","pubchem:151014","chemspider:133106","","CAS:2485-71-4","hmdb:HMDB0061707",NA,NA,NA,NA,"","Isopentadecylic acid"
100002356,209,38296,141846,"Lipid","Fatty Acid, Branched",1649,"NAMED","YETXGSGCWODRAA-UHFFFAOYSA-N","OC(CCCCCCCCCCCCCCCC(C)C)=O","(16 or 17)-methylstearate (a19:0 or i19:0)","(16 or 17)-methylstearate (a19:0 or i19:0)",NA,"hmdb:HMDB0037397","pubchem:3083779","chemspider:2340933","","CAS:2724-59-6","hmdb:HMDB0037397",NA,NA,NA,NA,"","Methyloctadecanoic acid"
100002367,305,63109,221751,"Lipid","Fatty Acid, Dihydroxy",2035,"NAMED","LOUGYXZSURQALL-PWNYCUMCSA-N","OC([C@H](O)[C@H](O)C)=O","2R,3R-dihydroxybutyrate","2R,3R-dihydroxybutyrate",NA,"hmdb:HMDB0000498","pubchem:13120901","chemspider:17215960","","CAS:759-06-8","hmdb:HMDB0000498",NA,NA,NA,NA,"","4-Deoxyerythronic acid"
100002376,400,38314,156499,"Xenobiotics","Chemical",6151,"NAMED","SNPLKNRPJHDVJA-UHFFFAOYSA-N","OCC(C)(C)C(O)C(NCCCO)=O","dexpanthenol","dexpanthenol",NA,"hmdb:HMDB0004231","pubchem:4678","chemspider:4516","kegg:D03726","CAS:16485-10-2","hmdb:HMDB0004231",NA,NA,NA,NA,"","Pantothenol"
100002394,209,38140,153530,"Xenobiotics","Drug - Other",5990,"NAMED","SJJCQDRGABAVBB-UHFFFAOYSA-N","OC1=C(C(O)=O)C=CC2=C1C=CC=C2","1-hydroxy-2-naphthalenecarboxylate","1-hydroxy-2-naphthalenecarboxylate",NA,"","pubchem:54675865","chemspider:6583","kegg:C03203","CAS:86-48-6","pubchem:54675865",NA,NA,NA,NA,"","1-Hydroxy-2-naphthoic acid"
100002397,305,62101,218946,"Amino Acid","Glutamate Metabolism",46,"NAMED","COJBGNAUUSNXHX-UHFFFAOYSA-N","NC(CCC(C(O)=O)=O)=O","alpha-ketoglutaramate*","alpha-ketoglutaramate*",NA,"hmdb:HMDB0001552","pubchem:48","","kegg:C00940","CAS:18465-19-5","hmdb:HMDB0001552",NA,NA,NA,NA,"","2-Keto-glutaramic acid"
100002405,400,38306,156492,"Xenobiotics","Drug - Metabolic",5755,"NAMED","XZWYZXLIPXDOLR-UHFFFAOYSA-N","N=C(N(C)C)NC(N)=N","metformin","metformin",NA,"hmdb:HMDB0001921","pubchem:4091","chemspider:3949","kegg:C07151","CAS:1115-70-4","hmdb:HMDB0001921",NA,NA,NA,NA,"","Metformin"
100002406,209,38366,141868,"Xenobiotics","Drug - Analgesics, Anesthetics",5400,"NAMED","ABOLXXZAJIAUGR-JPMMFUSZSA-N","CC(C)CC1=CC=C(C(C(O[C@H]2[C@H](O)[C@@H](O)[C@H](O)[C@@H]([C@](O)=O)O2)=O)C)C=C1","ibuprofen acyl glucuronide","ibuprofen acyl glucuronide",NA,"hmdb:HMDB0010343","pubchem:163959","chemspider:143793","","CAS:115075-59-7","hmdb:HMDB0010343",NA,NA,NA,NA,"",NA
100002410,400,43496,157018,"Xenobiotics","Drug - Antibiotic",5521,"NAMED","BSRUJCFCZKMFMB-YGHPHNMRSA-N","COC1=CC=C(N=CC=C2[C@H]([C@]3(N(C[C@@]4(C=C)O)CC[C@@]4([H])C3)[H])O)C2=C1","3-hydroxyquinine","3-hydroxyquinine",NA,"hmdb:HMDB0001091","pubchem:157225","chemspider:138373","kegg:C07344","CAS:78549-61-8","hmdb:HMDB0001091",NA,NA,NA,NA,"","3-Hydroxyquinine"
100002417,305,38276,152194,"Xenobiotics","Food Component/Plant",4773,"NAMED","JTEYKUFKXGDTEU-UHFFFAOYSA-N","OC(C(O)C(C)(O)C)=O","2,3-dihydroxyisovalerate","2,3-dihydroxyisovalerate",NA,"hmdb:HMDB0012141","pubchem:677","chemspider:657","kegg:C04039","CAS:1756-18-9","hmdb:HMDB0012141",NA,NA,NA,NA,"","2,3-Dihydroxyisovaleric acid"
100002454,209,38321,141858,"Xenobiotics","Drug - Metabolic",5802,"NAMED","KFQUAMTWOJHPEJ-DAGMQNCNSA-N","O[C@@H]1[C@@H](CO)O[C@@H](N2C(N=CN=C3O)=C3C=N2)[C@@H]1O","allopurinol riboside","allopurinol riboside",NA,"hmdb:HMDB0000481","pubchem:135407110","","","CAS:16220-07-8","hmdb:HMDB0000481",NA,NA,NA,NA,"","Allopurinol riboside"
100002458,305,57747,213342,"Amino Acid","Leucine, Isoleucine and Valine Metabolism",367,"NAMED","WKRBKYFIJPGYQC-DUXPYHPUSA-N","OC(C/C(C)=C/C(O)=O)=O","3-methylglutaconate","3-methylglutaconate",NA,"hmdb:HMDB0000522","pubchem:1551553","chemspider:1267861","","CAS:5746-90-7","hmdb:HMDB0000522",NA,NA,NA,NA,"","3E-Methylglutaconic acid"
100002462,400,43582,208402,"Amino Acid","Lysine Metabolism",120,"NAMED","OWGKYELXGFKIHH-MYLOADSESA-N","O[C@@H]1[C@@H](O)[C@@H](O)[C@@H](CO)OC1OC(CCC(N)C(O)=O)CN","5-(galactosylhydroxy)-L-lysine","5-(galactosylhydroxy)-L-lysine",NA,"","pubchem:66995551","","","CAS:32448-36-5","pubchem:66995551",NA,NA,NA,NA,"","5-(Galactosylhydroxy)-lysine"
100002466,400,62103,218949,"Amino Acid","Glutathione Metabolism",577,"NAMED","ZHRLECIZINSPKL-AKGZTFGVSA-N","OC(CNC(C(N)CSSC[C@@H](C(O)=O)N)=O)=O","cysteinylglycine disulfide*","cysteinylglycine disulfide*",NA,"hmdb:HMDB0000709","pubchem:22833544","chemspider:17215992","","CAS:70555-24-7","hmdb:HMDB0000709",NA,NA,NA,NA,"","Cysteinylglycine disulfide"
100002488,209,57577,212130,"Lipid","Secondary Bile Acid Metabolism",3510,"NAMED","RUDATBOHQWOJDD-DNMBCGTGSA-N","O=C(O)CC[C@@H](C)[C@H]1CC[C@@]2([H])[C@]3([H])[C@@H](O)C[C@]4([H])C[C@@H](O)CC[C@]4(C)[C@@]3([H])CC[C@@]21C","isoursodeoxycholate","isoursodeoxycholate",NA,"hmdb:HMDB0000686","pubchem:127601","chemspider:113205","kegg:C17662","CAS:78919-26-3","hmdb:HMDB0000686",NA,NA,NA,NA,"","Isoursodeoxycholic acid"
100002489,305,41726,147004,"Xenobiotics","Drug - Metabolic",5803,"NAMED","HXNFUBHNUDHIGC-UHFFFAOYSA-N","O=C(N1)NC2=C(C=NN2)C1=O","oxypurinol","oxypurinol",NA,"hmdb:HMDB0000786","pubchem:135398752","chemspider:4483","kegg:D02365","CAS:2465-59-0","hmdb:HMDB0000786",NA,NA,NA,NA,"","Oxypurinol"
100002500,400,43493,157017,"Amino Acid","Histidine Metabolism",81,"NAMED","NRXIKWMTVXPVEF-BYPYZUCNSA-N","OC([C@@H](NC=N)CCC(O)=O)=O","formiminoglutamate","formiminoglutamate",NA,"hmdb:HMDB0000854","pubchem:439233","chemspider:388370","kegg:C00439","CAS:816-90-0","hmdb:HMDB0000854",NA,NA,NA,NA,"","Formiminoglutamic acid"
100002514,305,40473,152212,"Amino Acid","Histidine Metabolism",77,"NAMED","VWFWNXQAMGDPGG-UHFFFAOYSA-N","O=C1NC(C(CCC(O)=O)N1)=O","hydantoin-5-propionate","hydantoin-5-propionate",NA,"hmdb:HMDB0001212","pubchem:782","chemspider:761","kegg:C05565","CAS:5624-26-0","hmdb:HMDB0001212",NA,NA,NA,NA,"","Hydantoin-5-propionic acid"
100002528,209,46960,148213,"Xenobiotics","Chemical",6087,"NAMED","QAOWNCQODCNURD-UHFFFAOYSA-N","OS(O)(=O)=O","sulfate*","sulfate*",NA,"hmdb:HMDB01448","pubchem:5152822","chemspider:1086","kegg:C00059","CAS:14808-79-8","hmdb:HMDB01448",NA,NA,NA,NA,"","Sulfate"
100002537,305,40062,207371,"Lipid","Fatty Acid, Dicarboxylate",1665,"NAMED","WXSKVKPSMAHCSG-UHFFFAOYSA-N","OC(C(O)=O)CC(C(O)=O)=O","4-hydroxy-2-oxoglutaric acid","4-hydroxy-2-oxoglutaric acid",NA,"hmdb:HMDB0002070","pubchem:599","chemspider:579","kegg:C01127","CAS:1187-99-1","hmdb:HMDB0002070",NA,NA,NA,NA,"","4-Hydroxy-2-oxoglutaric acid"
100002544,400,40499,156749,"Amino Acid","Glutamate Metabolism",51,"NAMED","HBDWQSHEVMSFGY-SCQFTWEKSA-N","OC(C(O)=O)C[C@@H](C(O)=O)N","4-hydroxyglutamate","4-hydroxyglutamate",NA,"hmdb:HMDB0001344","pubchem:439902","chemspider:388936","kegg:C03079","CAS:2485-33-8","hmdb:HMDB0001344",NA,NA,NA,NA,"","Erythro-4-hydroxy-glutamic acid"
100002568,402,40173,159259,"Cofactors and Vitamins","Hemoglobin and Porphyrin Metabolism",4415,"NAMED","TYOWQSLRVAUSMI-WKULSOCRSA-N","OC(CCC1=C(C(CC(C(C2C)CC)NC2=O)=N/C1=C/C(NC(CC(C(C3CC)C)NC3=O)=C4C)=C4CCC(O)=O)C)=O","L-urobilin","L-urobilin",NA,"hmdb:HMDB0004159","pubchem:5280818","chemspider:4444369","kegg:C05793","CAS:34217-90-8","hmdb:HMDB0004159",NA,NA,NA,NA,"","L-Urobilin"
100002569,402,40084,159254,"Cofactors and Vitamins","Hemoglobin and Porphyrin Metabolism",4414,"NAMED","DOKCNDVEPDZOJQ-MBTHVWNTSA-N","OC(CCC1=C(C(CC(C(C)=C2C=C)NC2=O)=N\C1=C/C(NC(CC(C(CC)=C3C)NC3=O)=C4C)=C4CCC(O)=O)C)=O","D-urobilin","D-urobilin",NA,"hmdb:HMDB04161","pubchem:5280820","","kegg:C05795","CAS:3947-38-4","hmdb:HMDB04161",NA,NA,NA,NA,"","D-Urobilin"
100002613,209,63061,221678,"Cofactors and Vitamins","Pantothenate and CoA Metabolism",4336,"NAMED","OTOIIPJYVQJATP-BYPYZUCNSA-N","OC([C@H](O)C(C)(C)CO)=O","pantoate","pantoate",NA,"hmdb:HMDB0240389","pubchem:5289105","chemspider:388387","kegg:C00522","CAS:470-29-1","hmdb:HMDB0240389",NA,NA,NA,NA,"","(R)-Pantoic acid"
100002627,209,38655,153618,"Xenobiotics","Drug - Antibiotic",5470,"NAMED","NGHVIOIJCVXTGV-ALEPSDHESA-N","CC1(C)[C@H]([C@](O)=O)N2C([C@@H](N)[C@@]2([H])S1)=O","6-aminopenicillanate","6-aminopenicillanate",NA,"hmdb:HMDB0060618","pubchem:11082","chemspider:10611","kegg:C02954","CAS:551-16-6","hmdb:HMDB0060618",NA,NA,NA,NA,"",NA
100002679,400,38754,156574,"Amino Acid","Glutamate Metabolism",53,"NAMED","UHBYWPGGCSDKFX-UHFFFAOYSA-N","OC(C(C(O)=O)CC(C(O)=O)N)=O","gamma-carboxyglutamate","gamma-carboxyglutamate",NA,"hmdb:HMDB0041900","pubchem:40772","chemspider:37241","","CAS:56271-99-9","hmdb:HMDB0041900",NA,NA,NA,NA,"","gamma-Carboxy-glutamic acid"
100002715,400,57782,213835,"Xenobiotics","Tobacco Metabolite",4620,"NAMED","FXFANIORDKRCCA-UHFFFAOYSA-N","O=C1CCC(N1)C2=CN=CC=C2","norcotinine","norcotinine",NA,"hmdb:HMDB0001297","pubchem:413","chemspider:400","","CAS:17114-40-8","hmdb:HMDB0001297",NA,NA,NA,NA,"","Norcotinine"
100002717,400,38661,156555,"Xenobiotics","Tobacco Metabolite",4612,"NAMED","XOKCJXZZNAUIQN-IENPIDJESA-N","O=C1N(C)[C@H]([C@]2=CN=CC=C2)CC1O","hydroxycotinine","hydroxycotinine",NA,"hmdb:HMDB0001390","pubchem:107963","chemspider:8395266","","CAS:34834-67-8","hmdb:HMDB0001390",NA,NA,NA,NA,"","trans-3-Hydroxycotinine"
100002719,400,38662,156556,"Xenobiotics","Tobacco Metabolite",4613,"NAMED","CIPULDKLIIVIER-VIFPVBQESA-N","O=C1N(C)[C@H]([C@]2=C[N+]([O-])=CC=C2)CC1","cotinine N-oxide","cotinine N-oxide",NA,"hmdb:HMDB0001411","pubchem:9815514","chemspider:7991264","","CAS:36508-80-2","hmdb:HMDB0001411",NA,NA,NA,NA,"","Cotinine N-oxide"
100002725,209,38600,141876,"Xenobiotics","Drug - Gastrointestinal",5746,"NAMED","SUBDBMMJDZJVOS-UHFFFAOYSA-N","O=S(C1=NC2=C(C=C(C=C2)OC)N1)CC3=NC=C(C(OC)=C3C)C","omeprazole","omeprazole",NA,"hmdb:HMDB0001913","pubchem:4594","chemspider:4433","kegg:C07324","CAS:73590-58-6","hmdb:HMDB0001913",NA,NA,NA,NA,"","Omeprazole"
100002726,400,38658,156554,"Xenobiotics","Drug - Cardiovascular",5648,"NAMED","METKIMKYRPQLGS-UHFFFAOYSA-N","OC(COC1=CC=C(CC(N)=O)C=C1)CNC(C)C","atenolol","atenolol",NA,"hmdb:HMDB0001924","pubchem:2249","chemspider:2162","kegg:D00235","CAS:29122-68-7","hmdb:HMDB0001924",NA,NA,NA,NA,"","Atenolol"
100002732,402,38669,159108,"Xenobiotics","Drug - Respiratory",5937,"NAMED","ZZVUWRFHKOJYTH-UHFFFAOYSA-N","CN(C)CCOC(C1=CC=CC=C1)C2=CC=CC=C2","diphenhydramine","diphenhydramine",NA,"hmdb:HMDB0001927","pubchem:3100","chemspider:2989","kegg:C06960","CAS:147-24-0","hmdb:HMDB0001927",NA,NA,NA,NA,"","Diphenhydramine"
100002734,209,39625,141926,"Xenobiotics","Drug - Cardiovascular",5685,"NAMED","JZUFKLXOESDKRF-UHFFFAOYSA-N","ClC1=C(C=C2S(=O)(NCNC2=C1)=O)S(=O)(N)=O","hydrochlorothiazide","hydrochlorothiazide",NA,"hmdb:HMDB0001928","pubchem:3639","chemspider:3513","kegg:C07041","CAS:58-93-5","hmdb:HMDB0001928",NA,NA,NA,NA,"","Hydrochlorothiazide"
100002735,400,38595,156522,"Xenobiotics","Drug - Gastrointestinal",5741,"NAMED","VMXUWOKSQNHOCA-UKTHLTGXSA-N","[O-][N+](/C=C(NC)/NCCSCC1=CC=C(CN(C)C)O1)=O","ranitidine","ranitidine",NA,"hmdb:HMDB0001930","pubchem:3001055","chemspider:2272523","kegg:D00422","CAS:66357-59-3","hmdb:HMDB0001930",NA,NA,NA,NA,"","Ranitidine"
100002738,400,39586,156591,"Xenobiotics","Drug - Respiratory",5952,"NAMED","KWGRBVOPPLSCSI-WCBMZHEXSA-N","O[C@@H](C1=CC=CC=C1)[C@H](C)NC","pseudoephedrine","pseudoephedrine",NA,"hmdb:HMDB0001943","pubchem:7028","chemspider:6761","kegg:C02765","CAS:90-82-4","hmdb:HMDB0001943",NA,NA,NA,NA,"","Pseudoephedrine"
100002749,209,39592,141914,"Amino Acid","Methionine, Cysteine, SAM and Taurine Metabolism",457,"NAMED","IDIDJDIHTAOVLG-VKHMYHEASA-N","OC([C@H](CSC)N)=O","S-methylcysteine","S-methylcysteine",NA,"hmdb:HMDB0002108","pubchem:24417,7058174,88180","chemspider:22826","","CAS:1187-84-4","hmdb:HMDB0002108",NA,NA,NA,NA,"","Methylcysteine"
100002761,209,61846,218457,"Lipid","Androgenic Steroids",3341,"NAMED","VFUIRAVTUVCQTF-BSOWLZGZSA-N","O[C@H]1[C@H](O)[C@@H]([C@](O)=O)O[C@@H](O[C@@H]2CC[C@@]3(C)[C@](CC[C@]4([H])[C@]3([H])CC[C@@]5(C)[C@@]4([H])CCC5=O)([H])C2)[C@@H]1O","androsterone glucuronide","androsterone glucuronide",NA,"hmdb:HMDB0002829","pubchem:114833","chemspider:102793","kegg:C11135","CAS:1852-43-3","hmdb:HMDB0002829",NA,NA,NA,NA,"","Androsterone 3-glucuronide"
100002769,400,57461,211115,"Amino Acid","Urea cycle; Arginine and Proline Metabolism",522,"NAMED","BMFMQGXDDJALKQ-BYPYZUCNSA-N","N=C(N)NCCC[C@H](O)C(O)=O","argininate*","argininate*",NA,"hmdb:HMDB0003148","pubchem:160437","chemspider:140984","","CAS:157-07-3","hmdb:HMDB0003148",NA,NA,NA,NA,"","Argininic acid"
100002773,402,39788,159190,"Xenobiotics","Food Component/Plant",5056,"NAMED","JVKYZPBMZPJNAJ-OQFNDJACSA-N","O[C@H](C1)CC[C@@]2(C)C1=CC[C@]3([H])[C@]2([H])CC[C@@]4(C)[C@@]3([H])C[C@@]5([H])[C@]4([H])[C@H](C)[C@]6([H])N5C[C@@H](C)CC6","solanidine","solanidine",NA,"hmdb:HMDB0003236","pubchem:65727","chemspider:59150","kegg:C06543","CAS:80-78-4","hmdb:HMDB0003236",NA,NA,NA,NA,"","Solanidine"
100002784,400,55072,208196,"Amino Acid","Urea cycle; Arginine and Proline Metabolism",491,"NAMED","ARBHXJXXVVHMET-UHFFFAOYSA-N","OC(C(CCC/N=C(N)/N)=O)=O","2-oxoarginine*","2-oxoarginine*",NA,"hmdb:HMDB0004225","pubchem:558","chemspider:542","kegg:C03771","CAS:3715-10-4","hmdb:HMDB0004225",NA,NA,NA,NA,"","2-Oxoarginine"
100002796,209,62873,220667,"Lipid","Medium Chain Fatty Acid",1496,"NAMED","XKZKQTCECFWKBN-SREVYHEPSA-N","OC(CC\C=C/CCCCC)=O","cis-4-decenoate (10:1n6)*","cis-4-decenoate (10:1n6)*",NA,"hmdb:HMDB0004980","pubchem:5282726","chemspider:4471776","","CAS:505-90-8","hmdb:HMDB0004980",NA,NA,NA,NA,"","4Z-Decenoic acid"
100002800,402,38643,159093,"Xenobiotics","Drug - Respiratory",5940,"NAMED","JCCNYMKQOSZNPW-UHFFFAOYSA-N","ClC(C=C1)=CC2=C1\C(C3=NC=CC=C3CC2)=C4CCN(C(OCC)=O)CC/4","loratadine","loratadine",NA,"hmdb:HMDB0005000","pubchem:3957","chemspider:3820","kegg:D00364","CAS:79794-75-5","hmdb:HMDB0005000",NA,NA,NA,NA,"","Loratadine"
100002802,402,38619,159079,"Xenobiotics","Drug - Metabolic",5778,"NAMED","XUKUURHRXDUEBC-KAYWLYCHSA-N","FC(C=C1)=CC=C1C2=C(C3=CC=CC=C3)C(C(NC4=CC=CC=C4)=O)=C(C(C)C)N2CC[C@H](C[C@H](CC(O)=O)O)O","atorvastatin (lipitor)","atorvastatin (lipitor)",NA,"hmdb:HMDB0005006","pubchem:60822","chemspider:54810","kegg:D07474,D02258,D00887","CAS:134523-03-8","hmdb:HMDB0005006",NA,NA,NA,NA,"","Atorvastatin"
100002804,402,39757,159176,"Xenobiotics","Drug - Psychoactive",5863,"NAMED","VGKDLMBJGBXTGI-SJCJKPOMSA-N","ClC(C=[C@@](C=C1)[C@@H](C2=CC=CC=C32)CC[C@@H]3NC)=C1Cl","sertraline","sertraline",NA,"hmdb:HMDB0005010","pubchem:68617","chemspider:61881","kegg:C07246","CAS:79559-97-0","hmdb:HMDB0005010",NA,NA,NA,NA,"","Sertraline"
100002805,209,38599,141874,"Xenobiotics","Drug - Analgesics, Anesthetics",5411,"NAMED","RZEKVGVHFLEQIL-UHFFFAOYSA-N","FC(F)(C1=NN(C(C=C2)=CC=C2S(=O)(N)=O)C(C3=CC=C(C)C=C3)=C1)F","celecoxib","celecoxib",NA,"hmdb:HMDB0005014","pubchem:2662","chemspider:2562","kegg:D00567,C07589","CAS:169590-42-5","hmdb:HMDB0005014",NA,NA,NA,NA,"","Celecoxib"
100002806,209,38686,141902,"Xenobiotics","Drug - Neurological",5830,"NAMED","UGJMXCAKCUNAIE-UHFFFAOYSA-N","NCC1(CCCCC1)CC(O)=O","gabapentin","gabapentin",NA,"hmdb:HMDB0005015","pubchem:3446","chemspider:3328","kegg:D00332","CAS:60142-96-3","hmdb:HMDB0005015",NA,NA,NA,NA,"","Gabapentin"
100002807,402,38623,159083,"Xenobiotics","Drug - Psychoactive",5864,"NAMED","PNVNVHUZROJLTJ-UHFFFAOYSA-N","COC1=CC=C(C(C2(CCCCC2)O)CN(C)C)C=C1","venlafaxine","venlafaxine",NA,"hmdb:HMDB0005016","pubchem:5656","chemspider:5454","kegg:C07187","CAS:93413-69-5","hmdb:HMDB0005016",NA,NA,NA,NA,"","Venlafaxine"
100002808,209,38609,153594,"Xenobiotics","Drug - Gastrointestinal",5748,"NAMED","IQPSEEYGBUAQFF-UHFFFAOYSA-N","COC1=C(C(CS(C2=NC3=CC=C(C=C3N2)OC(F)F)=O)=NC=C1)OC","pantoprazole","pantoprazole",NA,"hmdb:HMDB0005017","pubchem:4679","chemspider:4517","kegg:C11806","CAS:102625-70-7","hmdb:HMDB0005017",NA,NA,NA,NA,"","Pantoprazole"
100002809,402,39787,159189,"Xenobiotics","Drug - Psychoactive",5891,"NAMED","URKOMYMAXPYINW-UHFFFAOYSA-N","OCCOCCN1CCN(C2=NC3=CC=CC=C3SC4=CC=CC=C24)CC1","quetiapine","quetiapine",NA,"hmdb:HMDB0005021","pubchem:5002","chemspider:4827","kegg:D08456,
DG00899,C07397","CAS:111974-69-7","hmdb:HMDB0005021",NA,NA,NA,NA,"","Quetiapine"
100002825,402,39760,159177,"Cofactors and Vitamins","Vitamin A Metabolism",4429,"NAMED","GGCUJPCCTQNTJF-FRCNGJHJSA-N","O=C1CCC(C)(C)C(/C=C/C(C)=C/C=C/C(C)=C/C(O)=O)=C1C","4-oxo-retinoic acid","4-oxo-retinoic acid",NA,"hmdb:HMDB0006285","pubchem:6437063","chemspider:4941652","","CAS:38030-57-8","hmdb:HMDB0006285",NA,NA,NA,NA,"","4-Oxo-retinoic acid"
100002849,209,39603,141920,"Xenobiotics","Chemical",6094,"NAMED","IWJBVMJWSPZNJH-XWBUKDKVSA-N","O[C@H]([C@H]1O)[C@@H]([C@@H]([C@](O)=O)OC1OCC)O","ethyl glucuronide","ethyl glucuronide",NA,"hmdb:HMDB0010325","pubchem:18392195","chemspider:134174","","CAS:17685-04-0","hmdb:HMDB0010325",NA,NA,NA,NA,"","Ethyl glucuronide"
100002873,402,49617,161405,"Lipid","Lysophospholipid",2650,"NAMED","SKJMUADLQLZAGH-WJOKGBTCSA-N","CCCCCCCCCCCCCCCCCCCCCCCC(OC[C@H](COP([O-])(OCC[N+](C)(C)C)=O)O)=O","1-lignoceroyl-GPC (24:0)","1-lignoceroyl-GPC (24:0)",NA,"hmdb:HMDB0010405","pubchem:24779481","chemspider:24766539","","CAS:325171-59-3","hmdb:HMDB0010405",NA,NA,NA,NA,"","LPC 24:0/0:0"
100002875,402,52474,165152,"Lipid","Lysoplasmalogen",2834,"NAMED","HTZINLFNXLXRBC-CQLBIITFSA-N","CCCCCCCCCCCCCC/C=C\OC[C@H](COP([O-])(OCC[N+](C)(C)C)=O)O","1-(1-enyl-palmitoyl)-GPC (P-16:0)*","1-(1-enyl-palmitoyl)-GPC (P-16:0)*",NA,"hmdb:HMDB0010407","pubchem:10917802","chemspider:9093054","","","hmdb:HMDB0010407",NA,NA,NA,NA,"","LPC P-16:0"
100002910,400,62946,220814,"Amino Acid","Histidine Metabolism",92,"NAMED","UJCGYTCAMOHYCG-UHFFFAOYSA-N","O=C(O)CC1=CN=CN1C","1-methyl-5-imidazoleacetate","1-methyl-5-imidazoleacetate",NA,"hmdb:HMDB04988","pubchem:6451814","chemspider:4954265","","CAS:4200-48-0","hmdb:HMDB04988",NA,NA,NA,NA,"","1-Methyl-5-imidazoleacetic acid"
100002911,209,39379,143714,"Lipid","Secondary Bile Acid Metabolism",3515,"NAMED","GHCZAUBVMUEKKP-XROMFQGDSA-N","[H][C@]1([C@H](C)CCC(NCC(O)=O)=O)CC[C@@]2([H])[C@]3([H])[C@@H](O)C[C@]4([H])C[C@H](O)CC[C@]4(C)[C@@]3([H])CC[C@@]21C","glycoursodeoxycholate","glycoursodeoxycholate",NA,"hmdb:HMDB0000708","pubchem:12310288","chemspider:19973534","","CAS:64480-66-6","hmdb:HMDB0000708",NA,NA,NA,NA,"","Glycoursodeoxycholic acid"
100002912,209,39378,143716,"Lipid","Secondary Bile Acid Metabolism",3519,"NAMED","BHTRKEVKTKCXOH-BWIGJTJCSA-N","O=C(NCCS(=O)(O)=O)CC[C@@H](C)C1CC[C@@]2([H])[C@]3([H])[C@@H](O)CC4C[C@H](O)CC[C@]4(C)[C@@]3([H])CC[C@@]21C","tauroursodeoxycholate","tauroursodeoxycholate",NA,"hmdb:HMDB0000874","pubchem:9848818","chemspider:24539842","","CAS:14605-22-2","hmdb:HMDB0000874",NA,NA,NA,NA,"","Tauroursodeoxycholic acid"
100002914,209,39587,141912,"Xenobiotics","Benzoate Metabolism",4574,"NAMED","NMHMNPHRMNGLLB-UHFFFAOYSA-N","OC1=CC=C(CCC(O)=O)C=C1","3-(4-hydroxyphenyl)propionate","3-(4-hydroxyphenyl)propionate",NA,"hmdb:HMDB0002199","pubchem:10394","chemspider:9965","kegg:C01744","CAS:501-97-3","hmdb:HMDB0002199",NA,NA,NA,NA,"","Desaminotyrosine"
100002927,305,43378,211418,"Amino Acid","Methionine, Cysteine, SAM and Taurine Metabolism",458,"NAMED","ZZLHPCSGGOGHFW-UHFFFAOYSA-N","NC(CS(C)=O)C(O)=O","S-methylcysteine sulfoxide","S-methylcysteine sulfoxide",NA,"hmdb:HMDB0029432","pubchem:82142","chemspider:74136","","CAS:6853-87-8","hmdb:HMDB0029432",NA,NA,NA,NA,"","2-amino-3-methanesulfinylpropanoic acid"
100002928,400,39678,156626,"Xenobiotics","Drug - Analgesics, Anesthetics",5430,"NAMED","GVGYEFKIHJTNQZ-CLRIEMFWSA-N","O=C(O[C@H]1CC2CCC(N2C)[C@H]1[C@@](O)=O)C3=CC=CC=C3","benzoylecgonine","benzoylecgonine",NA,"hmdb:HMDB0041836","pubchem:448223","chemspider:391300","kegg:C10847","CAS:519-09-5","hmdb:HMDB0041836",NA,NA,NA,NA,"","Benzoyl ecgonine"
100002945,209,38768,143701,"Lipid","Fatty Acid, Branched",1643,"NAMED","IIUXHTGBZYEGHI-UHFFFAOYSA-N","CC(CCCCCCCCCCCCCC(O)=O)C","(14 or 15)-methylpalmitate (a17:0 or i17:0)","(14 or 15)-methylpalmitate (a17:0 or i17:0)",NA,"hmdb:HMDB0061859","pubchem:8181,17903417","","kegg:C16995","","hmdb:HMDB0061859",NA,NA,NA,NA,"","Methylpalmitic acid"
100002951,209,39831,141952,"Lipid","Fatty Acid, Dicarboxylate",1703,"NAMED","JJOJFIHJIRWASH-UHFFFAOYSA-N","O=C(O)CCCCCCCCCCCCCCCCCCC(O)=O","eicosanedioate (C20-DC)","eicosanedioate (C20-DC)",NA,"","pubchem:75502","chemspider:68030","","CAS:2424-92-2","pubchem:75502",NA,NA,NA,NA,"","Eicosanedioic acid"
100002952,209,39837,141956,"Lipid","Fatty Acid, Dicarboxylate",1705,"NAMED","DGXRZJSPDXZJFG-UHFFFAOYSA-N","O=C(O)CCCCCCCCCCCCCCCCCCCCC(O)=O","docosadioate (C22-DC)","docosadioate (C22-DC)",NA,"","pubchem:7641","chemspider:214170","kegg:C14240","CAS:505-56-6","pubchem:7641",NA,NA,NA,NA,"","Docosanedioic acid"
100002953,209,39609,141922,"Lipid","Fatty Acid, Monohydroxy",2011,"NAMED","UGAGPNKCDRTDHP-UHFFFAOYSA-N","OC(CCCCCCCCCCCCCCCO)=O","16-hydroxypalmitate","16-hydroxypalmitate",NA,"hmdb:HMDB0006294","pubchem:10466","chemspider:10034","kegg:C18218","CAS:506-13-8","hmdb:HMDB0006294",NA,NA,NA,NA,"","Juniperic acid"
100002968,400,39767,156636,"Xenobiotics","Drug - Antibiotic",5522,"NAMED","LOUPRKONTZGTKE-WGFDLZGGSA-N","COC1=CC2=C(N=CC=C2[C@@H](O)C3N(CC4C=C)CCC4C3)C=C1","quinine","quinine",NA,"hmdb:HMDB0014611","pubchem:3034034","chemspider:2010267","kegg:C06526","CAS:130-95-0","hmdb:HMDB0014611",NA,NA,NA,NA,"","Quinine"
100002989,402,46798,165353,"Lipid","Diacylglycerol",2927,"NAMED","BLZVZPYMHLXLHG-RQOIEFAZSA-N","CCCCCCCC/C=C\CCCCCCCC(OCC(CO)OC(CCCCCCC/C=C\C/C=C\CCCCC)=O)=O","oleoyl-linoleoyl-glycerol (18:1/18:2) [1]","oleoyl-linoleoyl-glycerol (18:1/18:2) [1]",NA,"hmdb:HMDB0007219","pubchem:14275396","chemspider:23975985","","CAS:106292-55-1","hmdb:HMDB0007219",NA,NA,NA,NA,"","DG 18:1_18:2"
100002990,402,46799,165354,"Lipid","Diacylglycerol",2928,"NAMED","GREDRAMJRDQWEJ-LTEAFHAISA-N","CCCCCCCC/C=C\CCCCCCCC(OCC(COC(CCCCCCC/C=C\C/C=C\CCCCC)=O)O)=O","oleoyl-linoleoyl-glycerol (18:1/18:2) [2]","oleoyl-linoleoyl-glycerol (18:1/18:2) [2]",NA,"hmdb:HMDB0007219","pubchem:71433693","chemspider:29788004","","CAS:104346-53-4","hmdb:HMDB0007219",NA,NA,NA,NA,"","DG 18:1_18:2"
100003000,402,39270,163991,"Lipid","Lysoplasmalogen",2835,"NAMED","QYTPGOPLNFESQC-RLHAVTDZSA-N","O=P(OCC[NH3+])([O-])OC[C@H](O)CO/C=C/CCCCCCCCCCCCCC","1-(1-enyl-palmitoyl)-GPE (P-16:0)*","1-(1-enyl-palmitoyl)-GPE (P-16:0)*",NA,"hmdb:HMDB0011152","","chemspider:10471193","","","hmdb:HMDB0011152",NA,NA,NA,NA,"","LPE P-16:0"
100003001,402,39271,180976,"Lipid","Lysoplasmalogen",2839,"NAMED","KACDZDULGKPXHT-BIHRDVDLSA-N","O=P(OCC[NH3+])([O-])OC[C@H](O)CO/C=C/CCCCCCCCCCCCCCCC","1-(1-enyl-stearoyl)-GPE (P-18:0)*","1-(1-enyl-stearoyl)-GPE (P-18:0)*",NA,"hmdb:HMDB0240598","","","","","hmdb:HMDB0240598",NA,NA,NA,NA,"","LPE P-18:0"
100003009,402,39273,159125,"Xenobiotics","Drug - Antibiotic",5497,"NAMED","JBIWCJUYHHGXTC-VONWRGRHSA-N","O[C@@]12C([C@H](N(C)C)C(O)=C(C(N)=O)C2=O)[C@@H](O)C(C(C3=O)=C1O)[C@@H](C)C4=C3C(O)=CC=C4","doxycycline","doxycycline",NA,"hmdb:HMDB0014399","pubchem:54671203","","kegg:D00307","CAS:24390-14-5","hmdb:HMDB0014399",NA,NA,NA,NA,"","Doxycycline"
100003047,209,39796,141948,"Xenobiotics","Food Component/Plant",4711,"NAMED","FLDFNEBHEXLZRX-DLQNOBSRSA-N","O[C@@H]1[C@@](O[C@H]([C@@H]([C@H]2O)O)O[C@H](CO)[C@H]2O)(CO[C@]([C@H]3O)(CO[C@]([C@H]4O)(CO)O[C@H](CO)[C@H]4O)O[C@H](CO)[C@H]3O)O[C@H](CO)[C@H]1O","1,1-kestotetraose","1,1-kestotetraose",NA,"hmdb:HMDB0039176","pubchem:3707011","chemspider:145907","","CAS:13133-07-8","hmdb:HMDB0039176",NA,NA,NA,NA,"",NA
100003101,209,39346,144302,"Cofactors and Vitamins","Tocopherol Metabolism",4371,"NAMED","MWDYOFPRWKTECC-UHFFFAOYSA-N","OC(C1C(O)C(O)C(O)C(OC2=C(C)C(C)=C(OC(C)(CCC(O)=O)CC3)C3=C2C)O1)=O","alpha-CEHC glucuronide*","alpha-CEHC glucuronide*",NA,"hmdb:HMDB0062445","pubchem:134819285","","","CAS:477200-36-5","hmdb:HMDB0062445",NA,NA,NA,NA,"","alpha-CEHC glucuronide"
100003109,209,40479,143013,"Xenobiotics","Food Component/Plant",4782,"NAMED","ILGMGHZPXRDCCS-UHFFFAOYSA-N","O=C(NC1=C2C=CC=C1)C2CC(O)=O","2-oxindole-3-acetate","2-oxindole-3-acetate",NA,"hmdb:HMDB0035514","pubchem:3080590","chemspider:2338343","","CAS:2971-31-5","hmdb:HMDB0035514",NA,NA,NA,NA,"","2-Oxindole-3-acetate"
100003119,209,39732,143757,"Lipid","Endocannabinoid",2173,"NAMED","KOGRJTUIKPMZEJ-KTKRTIGZSA-N","O=C(CCCCCCC/C=C\CCCCCCCC)NCCS(O)(=O)=O","N-oleoyltaurine","N-oleoyltaurine",NA,"","pubchem:6437033","chemspider:4941625","","CAS:52514-04-2","pubchem:6437033",NA,NA,NA,NA,"","NA-Taurine 18:1(9Z)"
100003151,402,46223,159669,"Lipid","Fatty Acid Metabolism (Acyl Carnitine, Polyunsaturated)",1892,"NAMED","MJLXQSQYKZWZCB-DQFWFXSYSA-N","[O-]C(C[C@H](C[N+](C)(C)C)OC(CCCCCCC/C=C\C/C=C\CCCCC)=O)=O","linoleoylcarnitine (C18:2)*","linoleoylcarnitine (C18:2)*",NA,"hmdb:HMDB0006469","pubchem:6450015","chemspider:4952667","","CAS:36816-10-1","hmdb:HMDB0006469",NA,NA,NA,NA,"","CAR 18:2"
100003169,209,40008,141960,"Peptide","Dipeptide",853,"NAMED","UCGDDTHMMVWVMV-UHFFFAOYSA-N","O=C(C(C(CC)C)N)NCC(O)=O","isoleucylglycine","isoleucylglycine",NA,"hmdb:HMDB0028907","pubchem:342532","chemspider:303621","","CAS:868-28-0","hmdb:HMDB0028907",NA,NA,NA,NA,"","Ile-Gly"
100003179,400,40010,156665,"Peptide","Dipeptide",867,"NAMED","HSQGMTRYSIHDAC-UHFFFAOYSA-N","O=C(C(CC(C)C)N)NC(C)C(O)=O","leucylalanine","leucylalanine",NA,"hmdb:HMDB0028922","pubchem:81721","chemspider:227625","","CAS:7298-84-2","hmdb:HMDB0028922",NA,NA,NA,NA,"","Leu-Ala"
100003185,209,40045,141970,"Peptide","Dipeptide",872,"NAMED","LESXFEZIFXFIQR-UHFFFAOYSA-N","O=C(C(CC(C)C)N)NCC(O)=O","leucylglycine","leucylglycine",NA,"hmdb:HMDB0028929","pubchem:79070","chemspider:71402","","CAS:686-50-0","hmdb:HMDB0028929",NA,NA,NA,NA,"","Leu-Gly"
100003240,209,39730,143759,"Lipid","Endocannabinoid",2174,"NAMED","LMIJIHJZVURGQK-UHFFFAOYSA-N","O=C(CCCCCCCCCCCCCCCCC)NCCS(=O)(O)=O","N-stearoyltaurine","N-stearoyltaurine",NA,"","pubchem:168274","chemspider:147194","","CAS:63155-80-6","pubchem:168274",NA,NA,NA,NA,"","NA-Taurine 18:0"
100003258,209,63990,232911,"Cofactors and Vitamins","Ascorbate and Aldarate Metabolism",4353,"NAMED","RMHBODZVODTFAH-UHFFFAOYSA-N","OC1=C(OC)C(C(C(CO)O)O1)=O","2-O-methylascorbic acid","2-O-methylascorbic acid",NA,"hmdb:HMDB0240294","pubchem:54726398","chemspider:90149","","CAS:17860-87-6","hmdb:HMDB0240294",NA,NA,NA,NA,"","2-O-Methylascorbic acid"
100003260,400,40007,161438,"Amino Acid","Glutamate Metabolism",58,"NAMED","SRGQUICKDUQCKO-UHFFFAOYSA-N","O=C(CCCNCCC(O)=O)O","carboxyethyl-GABA","carboxyethyl-GABA",NA,"hmdb:HMDB0002201","pubchem:2572","chemspider:2474","","CAS:4386-03-2","hmdb:HMDB0002201",NA,NA,NA,NA,"","N-Carboxyethyl-gamma-aminobutyric acid"
100003271,209,54923,208316,"Amino Acid","Glutamate Metabolism",56,"NAMED","GAQNUGISBQJMKO-UHFFFAOYSA-N","OC(CC(C(NC(CCC(O)=O)C(O)=O)=O)(CC(O)=O)O)=O","beta-citrylglutamate","beta-citrylglutamate",NA,"","pubchem:189741","chemspider:19992713","kegg:C20775","CAS:73590-26-8","pubchem:189741",NA,NA,NA,NA,"","Beta-Citryl-glutamic acid"
100003272,209,40421,142983,"Xenobiotics","Drug - Metabolic",5787,"NAMED","BPRHUIZQVSMCRT-VEUZHWNKSA-N","O=S(N(C)C1=NC(C2=CC=C(F)C=C2)=C(/C=C/[C@H](C[C@H](CC(O)=O)O)O)C(C(C)C)=N1)(C)=O","rosuvastatin","rosuvastatin",NA,"hmdb:HMDB0015230","pubchem:446157","chemspider:393589","kegg:D01915","CAS:147098-20-2","hmdb:HMDB0015230",NA,NA,NA,NA,"","Rosuvastatin"
100003397,400,40406,156717,"Lipid","Phospholipid Metabolism",2244,"NAMED","UYPYRKYUKCHHIB-UHFFFAOYSA-N","C[N+](C)([O-])C","trimethylamine N-oxide","trimethylamine N-oxide",NA,"hmdb:HMDB0000925","pubchem:1145","chemspider:1113","kegg:C01104","CAS:1184-78-7","hmdb:HMDB0000925",NA,NA,NA,NA,"","Trimethylamine N-oxide"
100003415,400,62860,220638,"Amino Acid","Lysine Metabolism",114,"NAMED","PQNASZJZHFPQLE-LURJTMIESA-N","O=C([C@H](CCCCNC)N)O","N6-methyllysine","N6-methyllysine",NA,"hmdb:HMDB0002038","pubchem:164795","chemspider:144469","kegg:C02728","CAS:1188-07-4","hmdb:HMDB0002038",NA,NA,NA,NA,"","N(6)-Methyllysine"
100003432,209,40481,143017,"Xenobiotics","Food Component/Plant",4880,"NAMED","BOLQJTPHPSDZHR-UHFFFAOYSA-N","O=C(CCC1=CC=C(O)C(OC)=C1)O","dihydroferulate","dihydroferulate",NA,"hmdb:HMDB0062121","pubchem:14340","chemspider:13701","","CAS:1135-23-5","hmdb:HMDB0062121",NA,NA,NA,NA,"","Dihydroferulic acid"
100003434,400,40730,156802,"Amino Acid","Histidine Metabolism",80,"NAMED","ZCKYOWGFRHAZIQ-UHFFFAOYSA-N","OC(CCC1=CN=CN1)=O","imidazole propionate","imidazole propionate",NA,"hmdb:HMDB0002271","pubchem:70630","chemspider:63798","","CAS:1074-59-5","hmdb:HMDB0002271",NA,NA,NA,NA,"","Imidazole propanoate"
100003442,402,40461,159281,"Xenobiotics","Drug - Psychoactive",5876,"NAMED","AHOUBRCZNHFOSL-YOEHRIQHSA-N","FC1=CC=[C@]([C@@H]2CCNC[C@H]2COC3=CC(OCO4)=C4C=C3)C=C1","paroxetine","paroxetine",NA,"hmdb:HMDB0014853","pubchem:43815","chemspider:39888","kegg:C07415,D02362","CAS:110429-49-8","hmdb:HMDB0014853",NA,NA,NA,NA,"","Paroxetine"
100003444,402,40459,159280,"Xenobiotics","Drug - Psychoactive",5878,"NAMED","WSEQXVZVJXJVFP-FQEVSTJZSA-N","FC1=CC=[C@]([C@]2(CCCN(C)C)OCC3=C2C=CC(C#N)=C3)C=C1","citalopram/escitalopram","citalopram/escitalopram",NA,"hmdb:HMDB0005028","pubchem:146570","chemspider:129277","kegg:D07913","CAS:219861-08-2","hmdb:HMDB0005028",NA,NA,NA,NA,"","Escitalopram"
100003446,400,40492,221368,"Xenobiotics","Drug - Psychoactive",5883,"NAMED","GJJFMKBJSRMPLA-AFYYWNPRSA-N","O=C(C1([C@H](C1)CN)C2=CC=CC=C2)N(CC)CC","milnacipran","milnacipran",NA,"hmdb:HMDB0015602","pubchem:65833","","kegg:DG00960,D08222","CAS:101152-94-7","hmdb:HMDB0015602",NA,NA,NA,NA,"","Milnacipran"
100003450,400,40437,221354,"Xenobiotics","Drug - Psychoactive",5886,"NAMED","RONZAEMNMFQXRA-UHFFFAOYSA-N","CN(CC1)CC(C2=C(C3)C=CC=C2)N1C4=C3C=CC=N4","mirtazapine","mirtazapine",NA,"hmdb:HMDB0014514","pubchem:4205","chemspider:4060","kegg:C07570","CAS:61337-67-5","hmdb:HMDB0014514",NA,NA,NA,NA,"","Mirtazapine"
100003470,209,40708,143065,"Lipid","Progestin Steroids",3284,"NAMED","ZFFFJLDTCLJDHL-JQYCEVDMSA-N","[H][C@]12CC[C@]3([C@@]4(CC[C@]([C@@H](O)C)([C@]4(CC[C@@]3([C@]1(CC[C@@H](O[C@@H]5O[C@H]([C@](O)=O)[C@H]([C@@H]([C@H]5O)O)O)C2)C)[H])C)[H])[H])[H]","pregnanediol-3-glucuronide","pregnanediol-3-glucuronide",NA,"hmdb:HMDB0010318","pubchem:123796","chemspider:110346","","CAS:1852-49-9","hmdb:HMDB0010318",NA,NA,NA,NA,"","Pregnanediol-3-glucuronide"
100003472,209,41397,143897,"Xenobiotics","Food Component/Plant",4718,"NAMED","KAOMOVYHGLSFHQ-UTOQUPLUSA-N","O=C(C1=C(O)C=CC=C1CCCCCCC/C=C\C/C=C\CCC)O","(15:2)-anacardic acid","(15:2)-anacardic acid",NA,"hmdb:HMDB0033896","pubchem:11824131","chemspider:9998782","","CAS:11034-77-8","hmdb:HMDB0033896",NA,NA,NA,NA,"","Anacardic acid C15:2"
100003473,400,41494,156849,"Xenobiotics","Food Component/Plant",4817,"NAMED","XUHLIQGRKRUKPH-ITZCMCNPSA-N","C=CCS(C[C@H](N)C(O)=O)=O","alliin","alliin",NA,"hmdb:HMDB0033592","pubchem:87310","chemspider:78760","kegg:C08265","CAS:556-27-4","hmdb:HMDB0033592",NA,NA,NA,NA,"","Alliin"
100003600,209,40719,143069,"Xenobiotics","Food Component/Plant",4716,"NAMED","ADFWQBGTDJIESE-UHFFFAOYSA-N","O=C(C1=C(CCCCCCCCCCCCCCC)C=CC=C1O)O","(15:0)-anacardic acid","(15:0)-anacardic acid",NA,"hmdb:HMDB0033896","pubchem:167551","chemspider:146579","kegg:C10759","CAS:16611-84-0","hmdb:HMDB0033896",NA,NA,NA,NA,"","Anacardic acid C15:2"
100003641,209,40475,143011,"Peptide","Dipeptide",1034,"NAMED","IOUPEELXVYPCPG-UHFFFAOYSA-N","O=C(C(C(C)C)N)NCC(O)=O","valylglycine","valylglycine",NA,"hmdb:HMDB0029127","pubchem:136487","chemspider:120256","","CAS:686-43-1","hmdb:HMDB0029127",NA,NA,NA,NA,"","Val-Gly"
100003674,400,40703,156791,"Peptide","Dipeptide",947,"NAMED","RNKSNIBMTUYWSH-YFKPBYRVSA-N","O=[C@]([C@H]1NCCC1)NCC(O)=O","prolylglycine","prolylglycine",NA,"hmdb:HMDB0011178","pubchem:6426709","chemspider:4932143","","CAS:2578-57-6","hmdb:HMDB0011178",NA,NA,NA,NA,"","Pro-Gly"
100003686,209,42092,143937,"Lipid","Fatty Acid Metabolism (Acyl Glycine)",1824,"NAMED","KVTFEOAKFFQCCX-UHFFFAOYSA-N","O=C(CCCCCCCCCCCCCCC)NCC(O)=O","N-palmitoylglycine","N-palmitoylglycine",NA,"hmdb:HMDB0013034","pubchem:151008","chemspider:133100","","CAS:2441-41-0","hmdb:HMDB0013034",NA,NA,NA,NA,"","NA-Gly 16:0"
100003695,305,62864,220652,"Xenobiotics","Food Component/Plant",4960,"NAMED","RGHNJXZEOKUKBD-MBMOQRBOSA-N","O=C([C@H]([C@H]([C@@H]([C@@H](CO)O)O)O)O)O","mannonate*","mannonate*",NA,"","pubchem:3246006","chemspider:2496757","","CAS:642-99-9","pubchem:3246006",NA,NA,NA,NA,"","Mannonic acid"
100003892,400,42002,156875,"Amino Acid","Methionine, Cysteine, SAM and Taurine Metabolism",466,"NAMED","DWPCPZJAHOETAG-IMJSIDKUSA-N","O=C([C@H](CSC[C@@H](C(O)=O)N)N)O","lanthionine","lanthionine",NA,"","pubchem:98504","chemspider:88959","","CAS:3183-08-2","pubchem:98504",NA,NA,NA,NA,"","Lanthionine"
100003901,209,41220,142786,"Lipid","Lysophospholipid",2671,"NAMED","KIHAGWUUUHJRMS-JOCHJYFZSA-N","OC[C@@H](OC(CCCCCCCCCCCCCCCCC)=O)COP(OCC[NH3+])([O-])=O","2-stearoyl-GPE (18:0)*","2-stearoyl-GPE (18:0)*",NA,"hmdb:HMDB0011129","pubchem:90658453,53480667","chemspider:24769218","","","hmdb:HMDB0011129",NA,NA,NA,NA,"","LPE 0:0/18:0"
100003926,400,43264,156990,"Lipid","Fatty Acid Metabolism (Acyl Carnitine, Hydroxy)",1920,"NAMED","UEFRDQSMQXDWTO-UHFFFAOYSA-N","CC(CC(OC(C[N+](C)(C)C)CC([O-])=O)=O)O","(R)-3-hydroxybutyrylcarnitine","(R)-3-hydroxybutyrylcarnitine",NA,"hmdb:HMDB0013127","pubchem:53481617","","","","hmdb:HMDB0013127",NA,NA,NA,NA,"","CAR 4:0;3OH"
100003940,209,43502,144003,"Lipid","Fatty Acid Metabolism (Acyl Glycine)",1818,"NAMED","SAVLIIGUQOSOEP-UHFFFAOYSA-N","O=C(CCCCCCC)NCC(O)=O","N-octanoylglycine","N-octanoylglycine",NA,"hmdb:HMDB0000832","pubchem:84290","chemspider:76040","","CAS:14246-53-8","hmdb:HMDB0000832",NA,NA,NA,NA,"","NA-Gly 8:0"
100003954,209,42040,145179,"Amino Acid","Tyrosine Metabolism",220,"NAMED","PCSKKIUURRTAEM-UHFFFAOYSA-N","O=C(C1=CC=C(CO)O1)O","5-hydroxymethyl-2-furoic acid","5-hydroxymethyl-2-furoic acid",NA,"hmdb:HMDB0002432","pubchem:80642","chemspider:72827","kegg:C20448","CAS:6338-41-6","hmdb:HMDB0002432",NA,NA,NA,NA,"","Sumiki's acid"
100003964,400,42613,156943,"Xenobiotics","Drug - Gastrointestinal",5744,"NAMED","XUFQPHANEAPEMJ-UHFFFAOYSA-N","O=S(/N=C(CCSCC1=CSC(/N=C(N)\N)=N1)/N)(N)=O","famotidine","famotidine",NA,"hmdb:HMDB0001919","pubchem:5702160","chemspider:3208","kegg:D00318","CAS:76824-35-6","hmdb:HMDB0001919",NA,NA,NA,NA,"","Famotidine"
100003965,400,43024,221378,"Xenobiotics","Drug - Respiratory",5938,"NAMED","HCFDWZZGGLSKEP-UHFFFAOYSA-N","CN(C)CCOC(C1=CC=CC=C1)(C)C2=NC=CC=C2","doxylamine","doxylamine",NA,"hmdb:HMDB0001936","pubchem:3162","chemspider:3050","kegg:D07878","CAS:562-10-7","hmdb:HMDB0001936",NA,NA,NA,NA,"","Doxylamine"
100003968,400,42593,156938,"Xenobiotics","Drug - Cardiovascular",5671,"NAMED","FNYLWPVRPXGIIP-UHFFFAOYSA-N","NC1=NC(N)=C2N=C(C(N)=NC2=N1)C3=CC=CC=C3","triamterene","triamterene",NA,"hmdb:HMDB0001940","pubchem:5546","chemspider:5345","kegg:D00386","CAS:396-01-0","hmdb:HMDB0001940",NA,NA,NA,NA,"","Triamterene"
100004011,209,42592,143953,"Xenobiotics","Drug - Gastrointestinal",5745,"NAMED","AQIXAKUUQRKLND-UHFFFAOYSA-N","N#CN/C(NCCSCC1=C(C)NC=N1)=N\C","cimetidine","cimetidine",NA,"hmdb:HMDB0014644","pubchem:2756","","kegg:D00295,C06952","CAS:51481-61-9","hmdb:HMDB0014644",NA,NA,NA,NA,"","Cimetidine"
100004015,402,42981,159508,"Xenobiotics","Drug - Cardiovascular",5650,"NAMED","HSUGRBWQSSZJOP-RTWAWAEBSA-N","O=C1N(CCN(C)C)C2=C(C=CC=C2)S[C@H]([C@H]1OC(C)=O)[C@]3=CC=C(OC)C=C3","diltiazem","diltiazem",NA,"hmdb:HMDB0014487","pubchem:39186","chemspider:35850","kegg:D07845","CAS:33286-22-5","hmdb:HMDB0014487",NA,NA,NA,NA,"","Diltiazem"
100004018,402,42021,159425,"Xenobiotics","Drug - Respiratory",5939,"NAMED","RWTNPBWLLIMQHL-UHFFFAOYSA-N","O=C(C(C)(C)C1=CC=C(C(CCCN2CCC(C(C3=CC=CC=C3)(C4=CC=CC=C4)O)CC2)O)C=C1)O","fexofenadine","fexofenadine",NA,"hmdb:HMDB0005030","pubchem:3348","chemspider:3231","kegg:C06999","CAS:83799-24-0","hmdb:HMDB0005030",NA,NA,NA,NA,"","Fexofenadine"
100004020,402,43006,221292,"Xenobiotics","Drug - Antibiotic",5512,"NAMED","VHVPQPYKVGDNFY-ZPGVKDDISA-N","O=C1N(C(CC)C)N=CN1C2=CC=C(N3CCN(CC3)C4=CC=C(C=C4)OC[C@@H]5O[C@]([C@@]6=CC=C(C=C6Cl)Cl)(CN7N=CN=C7)OC5)C=C2","itraconazole","itraconazole",NA,"hmdb:HMDB0015298","pubchem:3793","chemspider:49927","kegg:D00350","CAS:84625-61-6","hmdb:HMDB0015298",NA,NA,NA,NA,"","Itraconazole"
100004028,402,42990,159514,"Xenobiotics","Drug - Cardiovascular",5651,"NAMED","SGTNSNPWRIOYBX-UHFFFAOYSA-N","N#CC(CCCN(C)CCC1=CC=C(C(OC)=C1)OC)(C(C)C)C2=CC=C(OC)C(OC)=C2","verapamil","verapamil",NA,"hmdb:HMDB0013962","pubchem:2520","chemspider:2425","kegg:D02356,C07188,DG00329","CAS:152-11-4","hmdb:HMDB0013962",NA,NA,NA,NA,"","Verapamil"
100004034,209,42984,143965,"Xenobiotics","Drug - Metabolic",5800,"NAMED","HEMJJKBWTPKOJG-UHFFFAOYSA-N","OC(C(C)(C)CCCOC1=C(C)C=CC(C)=C1)=O","gemfibrozil","gemfibrozil",NA,"hmdb:HMDB0015371","pubchem:3463","chemspider:3345","kegg:D00334","CAS:25812-30-0","hmdb:HMDB0015371",NA,NA,NA,NA,"","Gemfibrozil"
100004046,305,43488,147010,"Amino Acid","Histidine Metabolism",86,"NAMED","BKAYIFDRRZZKNF-VIFPVBQESA-N","OC([C@H](CC1=CN=CN1)NC(CCNC(C)=O)=O)=O","N-acetylcarnosine","N-acetylcarnosine",NA,"hmdb:HMDB0012881","pubchem:9903482","chemspider:8079136","","CAS:56353-15-2","hmdb:HMDB0012881",NA,NA,NA,NA,"","N-Acetylcarnosine"
100004054,402,57512,211213,"Lipid","Fatty Acid Metabolism (Acyl Carnitine, Long Chain Saturated)",1866,"NAMED","DWSFAVOTORHAAL-UHFFFAOYSA-N","[O-]C(CC(C[N+](C)(C)C)OC(CCCCCCCCCCCCCCCC)=O)=O","margaroylcarnitine (C17)*","margaroylcarnitine (C17)*",NA,"hmdb:HMDB0006210","pubchem:53477803","chemspider:35015987","","CAS:106182-29-0","hmdb:HMDB0006210",NA,NA,NA,NA,"","CAR 17:0"
100004056,305,42989,180877,"Amino Acid","Methionine, Cysteine, SAM and Taurine Metabolism",472,"NAMED","SUZRRICLUFMAQD-UHFFFAOYSA-N","O=S(O)(CCNC)=O","N-methyltaurine","N-methyltaurine",NA,"","pubchem:7882","chemspider:7594","","CAS:107-68-6","pubchem:7882",NA,NA,NA,NA,"","N-Methyltaurine"
100004059,400,62278,219251,"Xenobiotics","Food Component/Plant",4932,"NAMED","GPPYTCRVKHULJH-UHFFFAOYSA-N","C[N+](C)(C(C([O-])=O)CC1=CN=CN1)C","histidine betaine (hercynine)*","histidine betaine (hercynine)*",NA,"hmdb:HMDB0029422","pubchem:3083620","chemspider:2340795","","CAS:534-30-5","hmdb:HMDB0029422",NA,NA,NA,NA,"","Hercynine"
100004083,209,42574,143947,"Lipid","Secondary Bile Acid Metabolism",3527,"NAMED","ZQYUKJFJPJDMMR-JPZDKMBBSA-N","C[C@@]([C@@]1([H])C[C@@H]2O)(CC2)[C@](CC3)([H])[C@]([C@H](O)[C@@H]1O)([H])[C@@](CC4)([H])[C@]3(C)[C@H]4[C@H](C)CCC(NCC(O)=O)=O","glycohyocholate","glycohyocholate",NA,"hmdb:HMDB0000138","pubchem:71361462","","","","hmdb:HMDB0240607",NA,NA,NA,NA,"","Glycohyocholic acid"
100004088,402,40807,159350,"Cofactors and Vitamins","Vitamin A Metabolism",4438,"NAMED","NCYCYZXNIZJOKI-OVSJKPMPSA-N","O=C([H])/C=C(C)/C=C/C=C(C)/C=C/C1=C(C)CCCC1(C)C","retinal","retinal",NA,"hmdb:HMDB0001358","pubchem:638015","chemspider:553582","kegg:C00376","","hmdb:HMDB0001358",NA,NA,NA,NA,"","Retinal"
100004089,209,42489,144357,"Lipid","Fatty Acid, Monohydroxy",1963,"NAMED","GHPVDCPCKSNJDR-UHFFFAOYSA-N","OC(C(O)=O)CCCCCCCC","2-hydroxydecanoate","2-hydroxydecanoate",NA,"hmdb:HMDB0094656","pubchem:21488","chemspider:20195","","CAS:5393-81-7","hmdb:HMDB0094656",NA,NA,NA,NA,"","2-Hydroxycapric acid"
100004110,209,46164,144277,"Xenobiotics","Benzoate Metabolism",4504,"NAMED","TZVUCGJSHGKWCJ-UHFFFAOYSA-N","OC1=C(OS(=O)(O)=O)C(C)=CC=C1","3-methyl catechol sulfate (2)","3-methyl catechol sulfate (2)",NA,"","","","","","",NA,NA,NA,NA,"","3-Methylcatechol sulfate"
100004111,209,46146,144253,"Xenobiotics","Benzoate Metabolism",4506,"NAMED","NCOMUGOPQPRVSE-UHFFFAOYSA-N","OC1=CC(C)=CC=C1OS(O)(=O)=O","4-methylcatechol sulfate","4-methylcatechol sulfate",NA,"hmdb:HMDB0240459","pubchem:54104170","","","","hmdb:HMDB0240459",NA,NA,NA,NA,"","4-Methylcatechol 1-sulfate"
100004112,209,46165,144278,"Xenobiotics","Benzoate Metabolism",4503,"NAMED","HFDKYCXWNHNKAF-UHFFFAOYSA-N","OC1=C(C)C=CC=C1OS(O)(=O)=O","3-methyl catechol sulfate (1)","3-methyl catechol sulfate (1)",NA,"","pubchem:118431379","","","","pubchem:118431379",NA,NA,NA,NA,"","3-Methylcatechol sulfate"
100004169,209,43330,143981,"Xenobiotics","Drug - Analgesics, Anesthetics",5396,"NAMED","UJHKVYPPCJBOSG-UHFFFAOYSA-N","OC(C)(C)CC(C=C1)=CC=C1C(C(O)=O)C","2-hydroxyibuprofen","2-hydroxyibuprofen",NA,"hmdb:HMDB0060920","pubchem:10443535","","","CAS:51146-55-5","hmdb:HMDB0060920",NA,NA,NA,NA,"","2-Hydroxyibuprofen"
100004171,209,43333,143985,"Xenobiotics","Drug - Analgesics, Anesthetics",5398,"NAMED","DIVLBIVDYADZPL-UHFFFAOYSA-N","OC(C(CC1=CC=C(C(C(O)=O)C)C=C1)C)=O","carboxyibuprofen","carboxyibuprofen",NA,"hmdb:HMDB0060564","pubchem:10444113","chemspider:8619532","","CAS:15935-54-3","hmdb:HMDB0060564",NA,NA,NA,NA,"","Carboxyibuprofen"
100004173,400,43334,156997,"Xenobiotics","Drug - Psychoactive",5865,"NAMED","KYYIDSXMWOZKMP-UHFFFAOYSA-N","CN(CC(C1(CCCCC1)O)C2=CC=C(C=C2)O)C","O-desmethylvenlafaxine","O-desmethylvenlafaxine",NA,"hmdb:HMDB0015646","pubchem:125017","chemspider:111300","kegg:D07793","CAS:300827-87-6","hmdb:HMDB0015646",NA,NA,NA,NA,"","Desvenlafaxine"
100004174,400,62976,221394,"Xenobiotics","Drug - Psychoactive",5896,"NAMED","ZAFYATHCZYHLPB-UHFFFAOYSA-N","CN(C(CC1=C(C2=CC=C(C=C2)C)N=C3C=CC(C)=CN13)=O)C","zolpidem","zolpidem",NA,"hmdb:HMDB0005023","pubchem:5732","","kegg:C07219","CAS:82626-48-0","hmdb:HMDB0005023",NA,NA,NA,NA,"","Zolpidem"
100004175,402,43335,159544,"Xenobiotics","Drug - Cardiovascular",5660,"NAMED","PJVWKTKQMONHTI-UHFFFAOYSA-N","O=C1C(C(C2=CC=CC=C2)CC(C)=O)=C(O)C(C=CC=C3)=C3O1","warfarin","warfarin",NA,"hmdb:HMDB0001935","pubchem:54678486","","kegg:
DG00149,D08682,C01541","CAS:5543-57-7","hmdb:HMDB0001935",NA,NA,NA,NA,"","Warfarin"
100004176,402,43579,159585,"Xenobiotics","Drug - Metabolic",5772,"NAMED","JMLKLMFMQRAJNI-UHFFFAOYSA-N","O=C1N([H])C(SC1CC(C=C2)=CC=C2OCCC3=NC=C(C(C)=O)C=C3)=O","ketopioglitazone","ketopioglitazone",NA,"","pubchem:5201446","","","CAS:146062-45-5","pubchem:5201446",NA,NA,NA,NA,"","Ketopioglitazone"
100004177,400,43580,157040,"Xenobiotics","Drug - Metabolic",5773,"NAMED","OXVFDZYQLGRLCD-UHFFFAOYSA-N","O=C1N([H])C(SC1CC(C=C2)=CC=C2OCCC(C=C3)=NC=C3C(C)O)=O","hydroxypioglitazone (M-IV)","hydroxypioglitazone (M-IV)",NA,"","pubchem:4147757","","","CAS:146062-44-4","pubchem:4147757",NA,NA,NA,NA,"",NA
100004179,402,42960,212492,"Xenobiotics","Drug - Antibiotic",5513,"NAMED","VNFPBHJOKIVQEB-UHFFFAOYSA-N","ClC1=CC=CC=C1C(C2=CC=CC=C2)(C3=CC=CC=C3)N4C=CN=C4","clotrimazole","clotrimazole",NA,"hmdb:HMDB0001922","pubchem:2812","chemspider:2710","kegg:D00282,C06922","CAS:23593-75-1","hmdb:HMDB0001922",NA,NA,NA,NA,"","Clotrimazole"
100004182,209,43507,144005,"Lipid","Secondary Bile Acid Metabolism",3540,"NAMED","HIAJCGFYHIANNA-QIZZZRFXSA-N","O[C@@H]1CC2=CC[C@@]([C@@]3([H])[C@@]2(C)CC1)([H])[C@@]4([H])[C@@](CC3)(C)[C@]([C@H](C)CCC(O)=O)([H])CC4","3b-hydroxy-5-cholenoic acid","3b-hydroxy-5-cholenoic acid",NA,"hmdb:HMDB0000308","pubchem:92997","chemspider:83950","","CAS:5255-17-4","hmdb:HMDB0000308",NA,NA,NA,NA,"","3beta-Hydroxy-5-cholenoic acid"
100004208,209,46111,143736,"Xenobiotics","Benzoate Metabolism",4502,"NAMED","AQTYXAPIHMXAAV-UHFFFAOYSA-N","COC1=C(OS(O)(=O)=O)C=CC=C1","guaiacol sulfate","guaiacol sulfate",NA,"hmdb:HMDB0060013","pubchem:22473","chemspider:21078","","","hmdb:HMDB0060013",NA,NA,NA,NA,"","Guaiacol sulfate"
100004227,209,43343,143991,"Lipid","Fatty Acid, Amino",1756,"NAMED","AKVBCGQVQXPRLD-UHFFFAOYSA-N","CCCCCCC(C(O)=O)N","2-aminooctanoate","2-aminooctanoate",NA,"hmdb:HMDB0000991","pubchem:69522","chemspider:62727","","CAS:644-90-6","hmdb:HMDB0000991",NA,NA,NA,NA,"","2-Aminocaprylic acid"
100004241,209,43009,143973,"Xenobiotics","Drug - Cardiovascular",5675,"NAMED","ZZUFCTLCJUWOSV-UHFFFAOYSA-N","NS(=O)(C1=C(C=C(C(C(O)=O)=C1)NCC2=CC=CO2)Cl)=O","furosemide","furosemide",NA,"hmdb:HMDB0001933","pubchem:3440","chemspider:3322","kegg:D00331","CAS:54-31-9","hmdb:HMDB0001933",NA,NA,NA,NA,"","Furosemide"
100004243,209,42381,144301,"Cofactors and Vitamins","Tocopherol Metabolism",4370,"NAMED","NOZSTAZEOBPSBY-UHFFFAOYSA-N","OC(C1C(O)C(O)C(O)C(OC2=C(C)C(C)=C(OC(C)(CCC(O)=O)CC3)C3=C2)O1)=O","gamma-CEHC glucuronide*","gamma-CEHC glucuronide*",NA,"","pubchem:121596235","","","","pubchem:121596235",NA,NA,NA,NA,"","gamma-CEHC glucuronide"
100004284,400,43424,157011,"Xenobiotics","Chemical",6153,"NAMED","HHVIBTZHLRERCL-UHFFFAOYSA-N","CS(C)(=O)=O","dimethyl sulfone","dimethyl sulfone",NA,"hmdb:HMDB0004983","pubchem:6213","chemspider:5978","kegg:C11142","CAS:67-71-0","hmdb:HMDB0004983",NA,NA,NA,NA,"","Dimethyl sulfone"
100004286,400,43390,179263,"Xenobiotics","Drug - Respiratory",5949,"NAMED","HSRJKNPTNIJEKV-UHFFFAOYSA-N","COC1=CC=CC=C1OCC(CO)O","guaifenesin","guaifenesin",NA,"hmdb:HMDB0004998","pubchem:3516","chemspider:3396","kegg:D00337","CAS:93-14-1","hmdb:HMDB0004998",NA,NA,NA,NA,"","Guaifenesin"
100004295,400,43400,157005,"Xenobiotics","Food Component/Plant",4637,"NAMED","XUWHAWMETYGRKB-UHFFFAOYSA-N","O=C1CCCCN1","2-piperidinone","2-piperidinone",NA,"hmdb:HMDB0011749","pubchem:12665","chemspider:12144","","CAS:675-20-7","hmdb:HMDB0011749",NA,NA,NA,NA,"","2-Piperidinone"
100004299,400,43255,156987,"Amino Acid","Histidine Metabolism",76,"NAMED","GVRCKHXHWSYDEF-UHFFFAOYSA-N","OC(C(CC1=CN(C)C=N1)NC(C)=O)=O","N-acetyl-1-methylhistidine*","N-acetyl-1-methylhistidine*",NA,"hmdb:HMDB0240340","pubchem:53859791","","","","hmdb:HMDB0240340",NA,NA,NA,NA,"","N-Acetyl-3-methylhistidine"
100004318,400,43374,157003,"Xenobiotics","Food Component/Plant",4939,"NAMED","JYGFTBXVXVMTGB-UHFFFAOYSA-N","O=C1CC2=C(N1)C=CC=C2","indolin-2-one","indolin-2-one",NA,"","pubchem:321710","chemspider:284794","kegg:C12312","CAS:59-48-3","pubchem:321710",NA,NA,NA,NA,"","Indolin-2-one"
100004321,209,48691,207569,"Xenobiotics","Food Component/Plant",4778,"NAMED","ZLYUIVZAQHFCNP-UHFFFAOYSA-N","O=C1C=CC2=CC=CC(OS(=O)(O)=O)=C2N1","2,8-quinolinediol sulfate","2,8-quinolinediol sulfate",NA,"hmdb:HMDB0240658","","","","","hmdb:HMDB0240658",NA,NA,NA,NA,"","2,8-Quinolinediol sulfate"
100004322,209,43266,143737,"Xenobiotics","Food Component/Plant",5251,"NAMED","VSTZVCJQGSLNLL-UHFFFAOYSA-N","NC1=CC=CC=C1OS(O)(=O)=O","2-aminophenol sulfate","2-aminophenol sulfate",NA,"hmdb:HMDB0061116","pubchem:181670","chemspider:158022","","","hmdb:HMDB0061116",NA,NA,NA,NA,"","2-Aminophenyl sulfate"
100004326,209,48693,207571,"Xenobiotics","Chemical",6108,"NAMED","CGFRVKXGZRODPA-UHFFFAOYSA-N","CC(C1=CC=CC(OS(=O)(O)=O)=C1)=O","3-acetylphenol sulfate","3-acetylphenol sulfate",NA,"","","chemspider:16230535","","","",NA,NA,NA,NA,"","3-Acetylphenol sulfate"
100004327,209,45966,148646,"Lipid","Lysophospholipid",2703,"NAMED","ZPDQFUYPBVXUKS-KEKNWZKVSA-N","O=P(O)(OCC(O)COC(CCCCCCCCCCCCCCCCC)=O)OC[C@@H](C(O)=O)N","1-stearoyl-GPS (18:0)*","1-stearoyl-GPS (18:0)*",NA,"hmdb:HMDB0061698","pubchem:74819135","chemspider:7826051","","","hmdb:HMDB0061698",NA,NA,NA,NA,"","LPS 18:0/0:0"
100004328,402,42463,164531,"Lipid","Sphingomyelins",3114,"NAMED","KYICBZWZQPCUMO-PSALXKTOSA-N","CCCCCCCCCCCCCC(N[C@@](COP([O-])(OCC[N+](C)(C)C)=O)([C@](O)(/C=C/CCCCCCCCCCCCC)[H])[H])=O","sphingomyelin (d18:1/14:0, d16:1/16:0)*","sphingomyelin (d18:1/14:0, d16:1/16:0)*",NA,"hmdb:HMDB0012097","pubchem:11433862","chemspider:9608732","","","hmdb:HMDB0012097",NA,NA,NA,NA,"","SM 32:1;O2"
100004329,402,42459,161023,"Lipid","Sphingomyelins",3118,"NAMED","IWHLTJGDYLJQSH-FLPFCPAFSA-N","CCCCC/C=C/CCCCCCCCC(N[C@@](COP([O-])(OCC[N+](C)(C)C)=O)([C@](O)(/C=C/CCCCCCCCCCCCC)[H])[H])=O","sphingomyelin (d18:2/16:0, d18:1/16:1)*","sphingomyelin (d18:2/16:0, d18:1/16:1)*",NA,"hmdb:HMDB0240638,HMDB0240613","","","","","hmdb:HMDB0240638",NA,NA,NA,NA,"","SM 34:2;O2"
100004396,305,62069,218878,"Lipid","Fatty Acid, Dicarboxylate",1669,"NAMED","YVOMYDHIQVMMTA-UHFFFAOYSA-N","OC(CC(O)=O)CCC(O)=O","3-hydroxyadipate","3-hydroxyadipate",NA,"hmdb:HMDB0000345","pubchem:151913","chemspider:133894","","","hmdb:HMDB0000345",NA,NA,NA,NA,"","3-Hydroxy-adipic acid"
100004494,209,43470,151111,"Xenobiotics","Tobacco Metabolite",4615,"NAMED","WALNNKZUGHYSCT-MGKNELHOSA-N","CN(C1=O)[C@@H](C[C@H]1O[C@@H]2O[C@H](C(O)=O)[C@@H](O)[C@H](O)[C@H]2O)C3=CN=CC=C3","3-hydroxycotinine glucuronide","3-hydroxycotinine glucuronide",NA,"hmdb:HMDB0001204","pubchem:53477725","chemspider:159230","","CAS:132929-88-5","hmdb:HMDB0001204",NA,NA,NA,NA,"","trans-3-Hydroxycotinine glucuronide"
100004499,209,43231,143979,"Amino Acid","Lysine Metabolism",133,"NAMED","FZXCPFJMYOQZCA-UHFFFAOYSA-N","OC(C1CCCC(N1)=O)=O","6-oxopiperidine-2-carboxylate","6-oxopiperidine-2-carboxylate",NA,"hmdb:HMDB0061705","pubchem:3014237","chemspider:2282737","","CAS:34622-39-4","hmdb:HMDB0061705",NA,NA,NA,NA,"","6-oxopiperidine-2-carboxylic acid"
100004509,400,43239,156985,"Xenobiotics","Food Component/Plant",5045,"NAMED","ZFAHNWWNDFHPOH-UHFFFAOYSA-N","OC(C(CSCC=C)N)=O","S-allylcysteine","S-allylcysteine",NA,"hmdb:HMDB0034323","pubchem:98280","chemspider:88744","","CAS:21593-77-1","hmdb:HMDB0034323",NA,NA,NA,NA,"","S-Allylcysteine"
100004518,209,43534,150400,"Xenobiotics","Drug - Metabolic",5801,"NAMED","OFCNXPDARWKPPY-UHFFFAOYSA-N","OC1=NC=NC2=C1C=NN2","allopurinol","allopurinol",NA,"hmdb:HMDB0014581","pubchem:135401907","chemspider:2010","kegg:D00224","CAS:315-30-0","hmdb:HMDB0014581",NA,NA,NA,NA,"","Allopurinol"
100004523,209,43249,124707,"Amino Acid","Urea cycle; Arginine and Proline Metabolism",508,"NAMED","SRXKAYJJGAAOBP-UHFFFAOYSA-N","CC(NCCCC(N)C(O)=O)=O","N-delta-acetylornithine","N-delta-acetylornithine",NA,"hmdb:HMDB0003357","pubchem:9920500","chemspider:8096135","kegg:C00437","","hmdb:HMDB0003357",NA,NA,NA,NA,"","N(5)-Acetyl-ornithine"
100004541,209,43258,144587,"Amino Acid","Polyamine Metabolism",551,"NAMED","OAUYENAPBFTAQT-UHFFFAOYSA-N","O=C1N(CCCN([H])C(C)=O)CCC1","acisoga","acisoga",NA,"hmdb:HMDB0061384","pubchem:129397","chemspider:114601","","CAS:106692-36-8","hmdb:HMDB0061384",NA,NA,NA,NA,"","Acisoga"
100004542,400,43761,157045,"Lipid","Fatty Acid, Amino",1751,"NAMED","RDFMDVXONNIGBC-UHFFFAOYSA-N","OC(C(CCCCC)N([H])[H])=O","2-aminoheptanoate","2-aminoheptanoate",NA,"hmdb:HMDB0094649","pubchem:227939","chemspider:198338","","CAS:1115-90-8","hmdb:HMDB0094649",NA,NA,NA,NA,"","2-Aminoheptanoic acid"
100004561,209,43549,212072,"Amino Acid","Tryptophan Metabolism",274,"NAMED","LLLPDUXGHXIXIW-UHFFFAOYSA-N","OC(C1=CC=CC=C1N([H])C=O)=O","N-formylanthranilic acid","N-formylanthranilic acid",NA,"hmdb:HMDB0004089","pubchem:101399","chemspider:91624","kegg:C05653","CAS:3342-77-6","hmdb:HMDB0004089",NA,NA,NA,NA,"","Formylanthranilic acid"
100004575,209,43591,153118,"Amino Acid","Urea cycle; Arginine and Proline Metabolism",510,"NAMED","XUYANFPPYJSBPU-UHFFFAOYSA-N","OC(C(CCCNC(C)=O)N([H])C(C)=O)=O","N2,N5-diacetylornithine","N2,N5-diacetylornithine",NA,"hmdb:HMDB0240345","pubchem:65977","chemspider:8573834","","CAS:39825-23-5","hmdb:HMDB0240345",NA,NA,NA,NA,"","N2,N5-Diacetylornithine"
100004601,209,57783,213695,"Xenobiotics","Bacterial/Fungal",5328,"NAMED","KNSAWRXCIVESQC-UHFFFAOYSA-N","O=C(O)CC1=C2C(C=CN2)=CC=C1","1H-indole-7-acetic acid","1H-indole-7-acetic acid",NA,"","pubchem:18356439","chemspider:13535457","","CAS:39689-63-9","pubchem:18356439",NA,NA,NA,NA,"","1H-Indole-7-acetic acid"
100004634,209,44618,143738,"Amino Acid","Tyrosine Metabolism",206,"NAMED","ORZHQEJEAKXCJA-UHFFFAOYSA-N","NCCC1=CC(OC)=C(OS(=O)(O)=O)C=C1","3-methoxytyramine sulfate","3-methoxytyramine sulfate",NA,"","pubchem:54133459","chemspider:21233674","","","pubchem:54133459",NA,NA,NA,NA,"","3-Methoxytyramine sulfate"
100004635,400,44878,157087,"Amino Acid","Methionine, Cysteine, SAM and Taurine Metabolism",439,"NAMED","UCUNFLYVYCGDHP-UHFFFAOYSA-N","O=S(C)(CCC(N)C(O)=O)=O","methionine sulfone","methionine sulfone",NA,"hmdb:HMDB0062174","pubchem:69961","chemspider:63154","","CAS:820-10-0","hmdb:HMDB0062174",NA,NA,NA,NA,"","Methionine sulfone"
100005350,402,45951,159653,"Lipid","Lysophospholipid",2619,"NAMED","WKQNRCYKYCKESD-YHTMAJSVSA-N","C[N+](CCOP(OCC(O)COC(CCCCCCC/C=C/C/C=C/C/C=C/CC)=O)([O-])=O)(C)C","1-linolenoyl-GPC (18:3)*","1-linolenoyl-GPC (18:3)*",NA,"hmdb:HMDB0010388","","","kegg:C04100","","hmdb:HMDB0010388",NA,NA,NA,NA,"","LPC 18:3/0:0"
100005367,209,45404,144585,"Xenobiotics","Food Component/Plant",4818,"NAMED","CCCNUHFRBBIFHO-CVSPRKDYSA-N","C=CCS(C[C@H](NC(C)=O)C(O)=O)=O","N-acetylalliin","N-acetylalliin",NA,"","","","","","",NA,NA,NA,NA,"","N-Acetylalliin"
100005372,402,44621,163990,"Lipid","Lysoplasmalogen",2837,"NAMED","URGVIWXYPWWBQO-ZCJATDNESA-N","O=P(OCC[NH3+])([O-])OC[C@H](O)CO/C=C/CCCCCC/C=C/CCCCCCCC","1-(1-enyl-oleoyl)-GPE (P-18:1)*","1-(1-enyl-oleoyl)-GPE (P-18:1)*",NA,"","","","","","hmdb:HMDB0240599",NA,NA,NA,NA,"","LPE P-18:1"
100005373,400,46227,221883,"Amino Acid","Lysine Metabolism",121,"NAMED","BFSYFTQDGRDJNV-QCNRFFRDSA-N","OC[C@@H](O)[C@@H](O)[C@H](O)C(CNCCCC[C@@H](N)C(O)=O)=O","fructosyllysine","fructosyllysine",NA,"hmdb:HMDB0034879","pubchem:9839580","chemspider:110281","","CAS:21291-40-7","hmdb:HMDB0034879",NA,NA,NA,NA,"","Fructosyllysine"
100005383,400,47101,157354,"Xenobiotics","Bacterial/Fungal",5329,"NAMED","BPSLZWSRHTULGU-ZCFIWIBFSA-N","CN1[C@@H](C(O)=O)CCCC1","N-methylpipecolate","N-methylpipecolate",NA,"","pubchem:11286529","chemspider:9461516","","CAS:41447-17-0","pubchem:11286529",NA,NA,NA,NA,"","N-methyl pipecolic acid"
100005384,209,45413,143779,"Xenobiotics","Chemical",6090,"NAMED","CIQHWLTYGMYQQR-QMMMGPOBSA-N","OS(OC1=CC=C(C[C@H](N)C(O)=O)C=C1)(=O)=O","O-sulfo-L-tyrosine","O-sulfo-L-tyrosine",NA,"hmdb:HMDB0155722","pubchem:514186","chemspider:448617","","","hmdb:HMDB0155722",NA,NA,NA,NA,"","Sulfotyrosine"
100005389,209,47114,149387,"Xenobiotics","Food Component/Plant",4902,"NAMED","PZPATWACAAOHTJ-HWKANZROSA-N","COC1=C(OS(O)(=O)=O)C=CC(/C=C/C(O)=O)=C1","ferulic acid 4-sulfate","ferulic acid 4-sulfate",NA,"hmdb:HMDB0029200","pubchem:6305574","chemspider:4878542","","CAS:86321-29-1","hmdb:HMDB0029200",NA,NA,NA,NA,"","Ferulic acid 4-sulfate"
100005391,209,45415,153117,"Xenobiotics","Benzoate Metabolism",4569,"NAMED","IQWLPDPKVFZEOK-UHFFFAOYSA-N","OS(OC1=CC=CC(CCC(O)=O)=C1)(=O)=O","3-(3-hydroxyphenyl)propionate sulfate","3-(3-hydroxyphenyl)propionate sulfate",NA,"hmdb:HMDB0094710","pubchem:187488","chemspider:162993","","CAS:86321-32-6","hmdb:HMDB0094710",NA,NA,NA,NA,"","3-(3-Sulfooxyphenyl)propanoic acid"
100005402,209,47135,149413,"Lipid","Androgenic Steroids",3337,"NAMED","QTXWOOLAHRQMGZ-NFZJBPARSA-N","O=C1C2[C@](CC[C@H]3OC4[C@H](O)[C@@H](O)[C@H](O)[C@@H](C(O)=O)O4)(C)[C@](C3)([H])CCC2C(CCC5=O)[C@]5(C)C1","11-ketoetiocholanolone glucuronide","11-ketoetiocholanolone glucuronide",NA,"","","","","CAS:17181-16-7","",NA,NA,NA,NA,"",NA
100005403,209,47112,149383,"Lipid","Androgenic Steroids",3354,"NAMED","VFUIRAVTUVCQTF-ILTUOXSPSA-N","O=C1[C@](CC2)(C)C(CC1)C3C2[C@](CC[C@H]4OC5[C@H](O)[C@@H](O)[C@H](O)[C@@H](C(O)=O)O5)(C)[C@](C4)([H])CC3","etiocholanolone glucuronide","etiocholanolone glucuronide",NA,"hmdb:HMDB0004484","pubchem:270605","","","CAS:3602-09-3","hmdb:HMDB0004484",NA,NA,NA,NA,"","Androsterone 3-glucuronide"
100005418,209,47403,149441,"Lipid","Pregnenolone Steroids",3249,"NAMED","IZDWMNZNEAXAFE-CQQKWVOPSA-N","O=C(C)[C@]1(O)[C@]2(C)C(CC1)C3C(CC2)[C@](CC[C@@H](OC4[C@H](O)[C@@H](O)[C@H](O)[C@@H]([C@@](O)=O)O4)C5)(C)[C@@]5([H])CC3","17alpha-hydroxypregnanolone glucuronide","17alpha-hydroxypregnanolone glucuronide",NA,"","","","","","",NA,NA,NA,NA,"",NA
100005466,209,48187,153116,"Amino Acid","Methionine, Cysteine, SAM and Taurine Metabolism",473,"NAMED","CXJAAWRLVGAKDV-UHFFFAOYSA-N","O=S(CCNC(C)=O)(O)=O","N-acetyltaurine","N-acetyltaurine",NA,"hmdb:HMDB0240253","pubchem:159864","chemspider:140553","","","hmdb:HMDB0240253",NA,NA,NA,NA,"","N-Acetyltaurine"
100005818,209,47136,149415,"Xenobiotics","Food Component/Plant",5098,"NAMED","LKRAEHUDIUJBSF-ZETCQYMHSA-N","OC([C@H](CSCC=C)N([H])C(C)=O)=O","N-acetyl-S-allyl-L-cysteine","N-acetyl-S-allyl-L-cysteine",NA,"hmdb:HMDB0240543","pubchem:152467","chemspider:134378","","CAS:23127-41-5","hmdb:HMDB0240543",NA,NA,NA,NA,"",NA
100005834,209,47120,149393,"Lipid","Fatty Acid, Monohydroxy",2003,"NAMED","RKHXDCVAPIMDMG-UHFFFAOYSA-N","OC(CCCCCCCC(O)=O)CCCCCCCCC","9-hydroxystearate","9-hydroxystearate",NA,"hmdb:HMDB0061661","pubchem:9570127","chemspider:7844595","","CAS:25498-28-6","hmdb:HMDB0061661",NA,NA,NA,NA,"","9-Hydroxy stearic acid"
100005837,400,52365,165219,"Xenobiotics","Drug - Analgesics, Anesthetics",5441,"NAMED","BRUQQQPBMZOVGD-XFKAJCMBSA-N","O[C@@]([C@]1([H])N(C)CC2)(CCC3=O)[C@@]2(C4=C(C=C5)C1)[C@@]3([H])OC4=C5OC","oxycodone","oxycodone",NA,"hmdb:HMDB0014640","pubchem:5284603","chemspider:4447649","kegg:D05312,C08018,DG00813","CAS:76-42-6","hmdb:HMDB0014640",NA,NA,NA,NA,"","Oxycodone"
100005850,400,46548,157257,"Amino Acid","Leucine, Isoleucine and Valine Metabolism",375,"NAMED","HFCPFJNSBPQJDP-UHFFFAOYSA-N","[O-]C(CC(C[N+](C)(C)C)OC(CC(C)CC(O)=O)=O)=O","3-methylglutarylcarnitine (2)","3-methylglutarylcarnitine (2)",NA,"hmdb:HMDB0000552","pubchem:128145","chemspider:113619","","","hmdb:HMDB0000552",NA,NA,NA,NA,"","CAR DC5:0;3Me"
100005864,209,46144,144231,"Xenobiotics","Food Component/Plant",5091,"NAMED","HOVAGTYPODGVJG-ZFYZTMLRSA-N","O[C@H]1[C@@H]([C@H]([C@H](O[C@@H]1CO)OC)O)O","methyl glucopyranoside (alpha + beta)","methyl glucopyranoside (alpha + beta)",NA,"hmdb:HMDB0029965","pubchem:445238,3036743,2108","","","","hmdb:HMDB0029965",NA,NA,NA,NA,"","Methyl glucose"
100005933,209,47883,150409,"Xenobiotics","Drug - Metabolic",5781,"NAMED","CZBPKFICAYVHHM-JWQCQUIFSA-N","FC1=CC=C(C=C1)C2=C(C3=CC=CC=C3)C(C(N([H])C4=CC=CC=C4O)=O)=C(C(C)C)N2CC[C@H](C[C@H](CC(O)=O)O)O","o-hydroxyatorvastatin","o-hydroxyatorvastatin",NA,"","pubchem:9808225","chemspider:7983984","","CAS:214217-86-4","pubchem:9808225",NA,NA,NA,NA,"","o-Hydroxyatorvastatin"
100005937,402,47879,160228,"Xenobiotics","Drug - Metabolic",5782,"NAMED","MNECBMZJZFGTIK-UHFFFAOYSA-N","CC(C1=C(C(C2=CC=CC=C2)=C(C3=CC=C(C=C3)F)N1CCC4CC(CC(O4)=O)O)C(NC5=CC=CC=C5O)=O)C","o-hydroxyatorvastatin lactone","o-hydroxyatorvastatin lactone",NA,"","pubchem:10650434","chemspider:14271541","","","pubchem:10650434",NA,NA,NA,NA,"",NA
100005940,402,47878,160227,"Xenobiotics","Drug - Metabolic",5780,"NAMED","OUCSEDFVYPBLLF-KAYWLYCHSA-N","CC(C1=C(C(C2=CC=CC=C2)=C(C3=CC=C(C=C3)F)N1CC[C@@H]4C[C@H](CC(O4)=O)O)C(NC5=CC=CC=C5)=O)C","atorvastatin lactone","atorvastatin lactone",NA,"","pubchem:6483036","chemspider:4983494","","CAS:125995-03-1","pubchem:6483036",NA,NA,NA,NA,"",NA
100005946,305,48141,160468,"Xenobiotics","Food Component/Plant",5130,"NAMED","WPAMZTWLKIDIOP-WVZVXSGGSA-N","OC[C@@H](O)[C@@H](O)CC(C(O)=O)=O","2-keto-3-deoxy-gluconate","2-keto-3-deoxy-gluconate",NA,"hmdb:HMDB0001353","pubchem:161227","chemspider:141630","kegg:C00204","CAS:17510-99-5","hmdb:HMDB0001353",NA,NA,NA,NA,"","2-Dehydro-3-deoxy-D-gluconic acid"
100005952,209,48143,151145,"Xenobiotics","Drug - Neurological",5819,"NAMED","UMYDNZXEHYSVFY-UHFFFAOYSA-N","OC(C(CC=C)CCC)=O","2-propyl-4-pentenoate (4-ene-valproate)","2-propyl-4-pentenoate (4-ene-valproate)",NA,"","pubchem:104896","chemspider:94669","","CAS:1575-72-0","pubchem:104896",NA,NA,NA,NA,"","4-ene-Valproic acid"
100005972,209,47666,153114,"Cofactors and Vitamins","Tocopherol Metabolism",4372,"NAMED","ZQMMTPNJGWUHCB-UHFFFAOYSA-N","CC1=C(OS(O)(=O)=O)C(C)=C2C(OC(C)(CCC(O)=O)CC2)=C1C","alpha-CEHC sulfate","alpha-CEHC sulfate",NA,"","","","","","",NA,NA,NA,NA,"","alpha-CEHC sulfate"
100005985,402,47154,164532,"Lipid","Sphingomyelins",3115,"NAMED","SOWIKWJDPCEPOJ-IOBWIPHESA-N","CCCC/C=C/CCCCCCCC(N[C@@](COP([O-])(OCC[N+](C)(C)C)=O)([C@](O)(/C=C/CCCCCCCCCCCCC)[H])[H])=O","sphingomyelin (d18:2/14:0, d18:1/14:1)*","sphingomyelin (d18:2/14:0, d18:1/14:1)*",NA,"hmdb:HMDB0240637,HMDB0240612","","","","","hmdb:HMDB0240637",NA,NA,NA,NA,"","SM 32:2;O2"
100005986,402,47153,164529,"Lipid","Sphingomyelins",3130,"NAMED","WKZHECFHXLTOLJ-QYKFWSDSSA-N","O[C@H](/C=C/CCCCCCCCCCCCC)[C@H](CO[P](OCC[N+](C)(C)C)([O-])=O)NC(CCCCCCCCCCCCC/C=C\CCCCCCCC)=O","sphingomyelin (d18:1/24:1, d18:2/24:0)*","sphingomyelin (d18:1/24:1, d18:2/24:0)*",NA,"hmdb:HMDB0012107","pubchem:44260126","chemspider:24846874","","CAS:94359-13-4","hmdb:HMDB0012107",NA,NA,NA,NA,"","SM 42:2;O2"
100005996,402,61865,218582,"Lipid","Fatty Acid Metabolism (Acyl Carnitine, Dicarboxylate)",1919,"NAMED","CYPBWZKNUDFJJE-PLNGDYQASA-N","O=C(CCCCCCC/C=C\CCCCCCCC(O)=O)OC(CC([O-])=O)C[N+](C)(C)C","octadecenedioylcarnitine (C18:1-DC)*","octadecenedioylcarnitine (C18:1-DC)*",NA,"","","chemspider:28639201","","CAS:251981-06-3","",NA,NA,NA,NA,"","CAR DC18:1"
100005998,402,61867,218585,"Lipid","Fatty Acid Metabolism (Acyl Carnitine, Dicarboxylate)",1918,"NAMED","ULCCGBCYWCYNIC-UHFFFAOYSA-N","O=C(CCCCCCCCCCCCCCCCC(O)=O)OC(CC([O-])=O)C[N+](C)(C)C","octadecanedioylcarnitine (C18-DC)*","octadecanedioylcarnitine (C18-DC)*",NA,"","","chemspider:28639203","","CAS:123233-50-1","",NA,NA,NA,NA,"","CAR DC18:0"
100006005,209,37185,144272,"Lipid","Androgenic Steroids",3380,"NAMED","LERFMBCTNMFXCT-ILBJSTGGSA-N","C[C@@]12[C@](CCC3C2CC[C@@]4(C)C3CC[C@@H]4O)([H])C[C@H](OS(=O)(O)=O)CC1","5alpha-androstan-3alpha,17beta-diol monosulfate (2)","5alpha-androstan-3alpha,17beta-diol monosulfate (2)",NA,"","pubchem:121596225","","","","pubchem:121596225",NA,NA,NA,NA,"",NA
100006051,402,48182,160274,"Lipid","Fatty Acid Metabolism (Acyl Carnitine, Monounsaturated)",1885,"NAMED","ABVVZYXTZLEOHP-OLHLWXQYSA-N","O=C(CCCCCCC/C=C\CCCC)O[C@H](CC([O-])=O)C[N+](C)(C)C","myristoleoylcarnitine (C14:1)*","myristoleoylcarnitine (C14:1)*",NA,"hmdb:HMDB0240588","pubchem:129691961","chemspider:34999520","","CAS:889848-55-9","hmdb:HMDB0240588",NA,NA,NA,NA,"","CAR 14:1"
100006056,209,48433,155077,"Amino Acid","Tyrosine Metabolism",227,"NAMED","NSTPXGARCQOSAU-VIFPVBQESA-N","OC([C@@H](NC=O)CC1=CC=CC=C1)=O","N-formylphenylalanine","N-formylphenylalanine",NA,"hmdb:HMDB0240317","pubchem:759256,7064571","chemspider:663938","","CAS:13200-85-6","hmdb:HMDB0240317",NA,NA,NA,NA,"","N-Formylphenylalanine"
100006082,209,48441,154475,"Xenobiotics","Chemical",6214,"NAMED","MDQKYGOECVSPIW-UHFFFAOYSA-N","ClC1=C(C#N)C(Cl)=C(Cl)C(O)=C1C#N","4-hydroxychlorothalonil","4-hydroxychlorothalonil",NA,"hmdb:HMDB0240624","pubchem:34217","chemspider:31530","","CAS:28343-61-5","hmdb:HMDB0240624",NA,NA,NA,NA,"","4-Hydroxychlorothalonil"
100006089,209,48997,160593,"Xenobiotics","Food Component/Plant",5132,"NAMED","HRHBRUPGUDLQIF-ONEGZZNKSA-N","C/C=C/C1=CC(OC)=C(OS(O)(=O)=O)C=C1","isoeugenol sulfate","isoeugenol sulfate",NA,"","pubchem:122198202","chemspider:157181","","","pubchem:122198202",NA,NA,NA,NA,"","Isoeugenol sulfate"
100006092,209,48408,155063,"Amino Acid","Tyrosine Metabolism",226,"NAMED","DYDUXGMDSXJQFT-UHFFFAOYSA-N","NCCC1=CC=C(OS(O)(=O)=O)C=C1","tyramine O-sulfate","tyramine O-sulfate",NA,"hmdb:HMDB0006409","pubchem:153005","chemspider:134849","","CAS:30223-92-8","hmdb:HMDB0006409",NA,NA,NA,NA,"","Tyramine-O-sulfate"
100006094,209,48409,155065,"Xenobiotics","Food Component/Plant",5131,"NAMED","YPXHXDXMTWPQTO-SNAWJCMRSA-N","O=C(/C=C/C1=CC=CC(OS(=O)(O)=O)=C1)O","3-hydroxycinnamate sulfate","3-hydroxycinnamate sulfate",NA,"","pubchem:6443141","chemspider:4947175","","CAS:86321-30-4","pubchem:6443141",NA,NA,NA,NA,"","3-Hydroxycinnamate sulfate"
100006098,209,48448,155087,"Xenobiotics","Chemical",6222,"NAMED","BDERIBJTVYFANV-UHFFFAOYSA-N","O=S(OC1=CC=CN=C1)(O)=O","3-hydroxypyridine sulfate","3-hydroxypyridine sulfate",NA,"","","chemspider:16232314","","CAS:1955-23-3","",NA,NA,NA,NA,"","3-Hydroxypyridine sulfate"
100006104,209,48417,219296,"Amino Acid","Tyrosine Metabolism",171,"NAMED","VWUXKIFPPPVAAK-UHFFFAOYSA-N","[H]N([H])CCC1=CC(OS(=O)(O)=O)=CC=C1","m-tyramine sulfate","m-tyramine sulfate",NA,"","","","","CAS:175727-14-7","",NA,NA,NA,NA,"",NA
100006105,209,48418,219297,"Xenobiotics","Benzoate Metabolism",4501,"NAMED","LILXPJXZNJTPQZ-UHFFFAOYSA-N","CC1=CC=C(OS(=O)(O)=O)C(OC)=C1","4-methylguaiacol sulfate","4-methylguaiacol sulfate",NA,"","","","","CAS:756760-43-7","",NA,NA,NA,NA,"","2-Methoxy-4-methylphenol sulfate"
100006106,209,48696,222424,"Xenobiotics","Food Component/Plant",4630,"NAMED","PVWYGTJERKKPRW-UHFFFAOYSA-N","O=C1C=COC(C)=C1OS(=O)(O)=O","maltol sulfate","maltol sulfate",NA,"","","","","","",NA,NA,NA,NA,"","Maltol sulfate"
100006108,400,48425,157774,"Peptide","Acetylated Peptides",1184,"NAMED","DZTZJNGATJMDSH-CYBMUJFWSA-N","O=C(CC1=CC=CC=C1)O[C@H](CC([O-])=O)C[N+](C)(C)C","phenylacetylcarnitine","phenylacetylcarnitine",NA,"","pubchem:101724840","","","CAS:287108-21-8","pubchem:101724840",NA,NA,NA,NA,"","Phenacetylcarnitine"
100006115,305,48255,153226,"Carbohydrate","Pentose Metabolism",1283,"NAMED","QXKAIJAYHKCRRA-JJYYJPOSSA-N","OC([C@H]([C@@H]([C@@H](CO)O)O)O)=O","arabonate/xylonate","arabonate/xylonate",NA,"hmdb:HMDB0000539","pubchem:122045,6602431","","kegg:C00502,C05411","","hmdb:HMDB0000539",NA,NA,NA,NA,"","Arabinonic acid/Xylonic acid"
100006116,209,48429,155073,"Xenobiotics","Benzoate Metabolism",4545,"NAMED","IBEAHXYYSZWGED-UHFFFAOYSA-N","O=C(OC)C1=CC=C(OS(=O)(O)=O)C=C1","methyl-4-hydroxybenzoate sulfate","methyl-4-hydroxybenzoate sulfate",NA,"hmdb:HMDB0041646","pubchem:10657183","","","","hmdb:HMDB0041646",NA,NA,NA,NA,"","Methyl-4-hydroxybenzoate sulfate"
100006121,209,48341,153390,"Lipid","Monoacylglycerol",2862,"NAMED","LERKRWCYZNDWFH-QNEBEIHSSA-N","OCC(O)COC(CCCCCC/C=C\C/C=C\C/C=C\CCCCC)=O","1-dihomo-linolenylglycerol (20:3)","1-dihomo-linolenylglycerol (20:3)",NA,"hmdb:HMDB0011577","","","","","hmdb:HMDB0011577",NA,NA,NA,NA,"","MG 20:3/0:0/0:0"
100006123,400,48679,157822,"Amino Acid","Histidine Metabolism",101,"NAMED","XJWPISBUKWZALE-UHFFFAOYSA-N","O=C(C)NCCC1=CNC=N1","N-acetylhistamine","N-acetylhistamine",NA,"hmdb:HMDB0013253","pubchem:69602","chemspider:62805","kegg:C05135","CAS:673-49-4","hmdb:HMDB0013253",NA,NA,NA,NA,"","N-Acetylhistamine"
100006125,209,48733,155115,"Amino Acid","Tyrosine Metabolism",228,"NAMED","LGXHPUANUXIBJQ-UHFFFAOYSA-N","OCC1=CC(OC)=C(OS(O)(=O)=O)C=C1","vanillic alcohol sulfate","vanillic alcohol sulfate",NA,"hmdb:HMDB0041788","","","","CAS:754920-02-0","hmdb:HMDB0041788",NA,NA,NA,NA,"","Vanillyl alcohol 4-sulfate"
100006126,209,48442,155083,"Xenobiotics","Food Component/Plant",5117,"NAMED","FKCHAXAGQVCJPN-UHFFFAOYSA-N","COC1=C(OS(O)(=O)=O)C=CC(C=C)=C1","4-vinylguaiacol sulfate","4-vinylguaiacol sulfate",NA,"hmdb:HMDB0127980","pubchem:53803570","","","","hmdb:HMDB0127980",NA,NA,NA,NA,"","4-Vinylguaiacol sulfate"
100006129,209,54910,208290,"Amino Acid","Tyrosine Metabolism",201,"NAMED","SVYIZYRTOYHQRE-UHFFFAOYSA-N","OC1=C(OC)C=C(CC(C(O)=O)O)C=C1","vanillactate","vanillactate",NA,"hmdb:HMDB0000913","pubchem:160637","chemspider:141152","","CAS:2475-56-1","hmdb:HMDB0000913",NA,NA,NA,NA,"","Vanillactic acid"
100006171,209,48715,155107,"Xenobiotics","Food Component/Plant",5123,"NAMED","XWAZTQUZONPJEW-UHFFFAOYSA-N","COC1=CC(CC=C)=CC=C1OS(=O)(O)=O","eugenol sulfate","eugenol sulfate",NA,"hmdb:HMDB0135245","pubchem:180632","chemspider:157181","","CAS:95480-60-7","hmdb:HMDB0135245",NA,NA,NA,NA,"","Eugenol sulfate"
100006173,209,48394,154288,"Lipid","Progestin Steroids",3289,"NAMED","MENQCIVHHONJLU-GQCBXAOTSA-N","C[C@]12C(C3CC[C@@]4(C[C@@H](CC[C@@]4(C3CC2)C)OS(=O)(O)=O)[H])CCC1C(C)=O","pregnanolone/allopregnanolone sulfate","pregnanolone/allopregnanolone sulfate",NA,"hmdb:HMDB0240591,HMDB0062782","pubchem:31402,129699967","","kegg:C05480","","hmdb:HMDB0240591",NA,NA,NA,NA,"","3alpha-Hydroxy-5beta-pregnane-20-one"
100006181,209,54784,207669,"Xenobiotics","Drug - Cardiovascular",5694,"NAMED","JIVPVXMEBJLZRO-UHFFFAOYSA-N","OC(N1)(C2=CC(S(N)(=O)=O)=C(Cl)C=C2)C(C=CC=C3)=C3C1=O","chlorthalidone","chlorthalidone",NA,"hmdb:HMDB0014455","pubchem:2732","chemspider:2631","kegg:D00272","CAS:77-36-1","hmdb:HMDB0014455",NA,NA,NA,NA,"","Chlorthalidone"
100006184,209,48445,155085,"Xenobiotics","Chemical",6221,"NAMED","ARLAWMCEVZUXEY-UHFFFAOYSA-N","OC1=CC=CC(OS(=O)(O)=O)=C1OC","2-methoxyresorcinol sulfate","2-methoxyresorcinol sulfate",NA,"","","","","CAS:1446269-78-8","",NA,NA,NA,NA,"","2-Methylpyrogallol sulfate"
100006190,209,48580,155103,"Xenobiotics","Food Component/Plant",5250,"NAMED","JCVGTUVGDOWZJE-UHFFFAOYSA-N","CC(NC(C=CC=C1)=C1OS(=O)(O)=O)=O","2-acetamidophenol sulfate","2-acetamidophenol sulfate",NA,"","pubchem:181671","chemspider:158023","","CAS:40712-60-5","pubchem:181671",NA,NA,NA,NA,"","2-Acetamidophenol sulfate"
100006191,209,48841,155015,"Amino Acid","Tyrosine Metabolism",225,"NAMED","JPAUCQAJHLSMQW-XPORZQOISA-N","O[C@H]([C@@H](O)[C@@H]1O)[C@@H](O[C@@H]1C(O)=O)OC2=CC=C(C)C=C2","p-cresol glucuronide*","p-cresol glucuronide*",NA,"hmdb:HMDB0011686","pubchem:154035","chemspider:135751","","CAS:17680-99-8","hmdb:HMDB0011686",NA,NA,NA,NA,"","P-Cresol glucuronide"
100006203,209,48569,179131,"Xenobiotics","Food Component/Plant",5044,"NAMED","YGCFIWIQZPHFLU-UHFFFAOYSA-N","CC1=CC(NS(O1)(=O)=O)=O","acesulfame","acesulfame",NA,"hmdb:HMDB0033585","pubchem:36573","chemspider:33607","","CAS:55589-62-3","hmdb:HMDB0033585",NA,NA,NA,NA,"","Acesulfame"
100006205,209,48480,179127,"Xenobiotics","Benzoate Metabolism",4546,"NAMED","QELSKZZBTMNZEB-UHFFFAOYSA-N","OC1=CC=C(C(OCCC)=O)C=C1","propyl 4-hydroxybenzoate","propyl 4-hydroxybenzoate",NA,"hmdb:HMDB0032574","pubchem:7175","chemspider:6907","kegg:D01422","CAS:94-13-3","hmdb:HMDB0032574",NA,NA,NA,NA,"","Propylparaben"
100006229,209,48680,218409,"Xenobiotics","Drug - Antibiotic",5492,"NAMED","CYLYVXPHAQLXFG-UHFFFAOYSA-N","CC(NC(C=C1)=CC=C1S(NC2=NC=CC=C2)(=O)=O)=O","N-acetyl sulfapyridine","N-acetyl sulfapyridine",NA,"","pubchem:58638","chemspider:52841","","CAS:19077-98-6","pubchem:58638",NA,NA,NA,NA,"","N4-Acetylsulfapyridine"
100006232,402,48566,160348,"Xenobiotics","Drug - Cardiovascular",5698,"NAMED","ACWBQPMHZXGDFX-UHFFFAOYSA-N","O=C(O)C(C(C)C)N(C(CCCC)=O)CC1=CC=C(C2=CC=CC=C2C3=NN=NN3)C=C1","valsartan","valsartan",NA,"hmdb:HMDB0014323","pubchem:60846","chemspider:5448","","CAS:137862-53-4","hmdb:HMDB0014323",NA,NA,NA,NA,"","Valsartan"
100006237,402,52372,165077,"Xenobiotics","Drug - Cardiovascular",5710,"NAMED","IPVQLZZIHOAWMC-QXKUPLGCSA-N","O=C([C@H](C)N[C@@H](CCC)C(OCC)=O)N1[C@](CCCC2)([H])[C@]2([H])C[C@H]1C(O)=O","perindopril","perindopril",NA,"hmdb:HMDB0014928","pubchem:107807","chemspider:96956","kegg:C07706","CAS:82834-16-0","hmdb:HMDB0014928",NA,NA,NA,NA,"","Perindopril"
100006255,209,62314,219301,"Xenobiotics","Food Component/Plant",4631,"NAMED","INPWHAMPDVREIN-UHFFFAOYSA-N","O=C1C=COC(CC)=C1OS(=O)(O)=O","ethyl maltol sulfate","ethyl maltol sulfate",NA,"","","","","","",NA,NA,NA,NA,"","2-Ethyl-3-hydroxy-4H-pyran-4-one"
100006256,209,48454,155091,"Xenobiotics","Food Component/Plant",5141,"NAMED","UDIAPBFEZFMUCP-UHFFFAOYSA-N","COC1=CC=CC(OC)=C1OS(=O)(O)=O","syringol sulfate","syringol sulfate",NA,"","","","","CAS:52904-67-3","",NA,NA,NA,NA,"","Syringol sulfate"
100006260,209,48698,166006,"Xenobiotics","Chemical",6236,"NAMED","QRHHXPIYYXPEMG-UHFFFAOYSA-N","O=S(OC1=CC=C2C=CNC2=C1)(O)=O","6-hydroxyindole sulfate","6-hydroxyindole sulfate",NA,"hmdb:HMDB0000682","pubchem:122198196","","","","hmdb:HMDB0000682",NA,NA,NA,NA,"","6-Hydroxyindole sulfate"
100006262,209,48457,219302,"Amino Acid","Tyrosine Metabolism",193,"NAMED","IGTMFIJOUADBDC-UHFFFAOYSA-N","COC1=CC=C(OS(=O)(O)=O)C=C1","4-methoxyphenol sulfate","4-methoxyphenol sulfate",NA,"","","","","CAS:3233-60-1","",NA,NA,NA,NA,"","4-Methoxyphenol sulfate"
100006263,209,48459,219304,"Xenobiotics","Chemical",6268,"NAMED","XEBCTJAOHUUGHB-UHFFFAOYSA-N","ClC1=CC(Cl)=C(OS(=O)(O)=O)C=C1","2,4-dichlorophenol sulfate","2,4-dichlorophenol sulfate",NA,"","pubchem:9837697","chemspider:8013417","","CAS:3233-63-4","pubchem:9837697",NA,NA,NA,NA,"","2,4-Dichlorophenol sulfate"
100006264,209,48460,155097,"Xenobiotics","Benzoate Metabolism",4547,"NAMED","WEKBGFBWJOHXKR-UHFFFAOYSA-N","CCCOC(C1=CC=C(OS(=O)(O)=O)C=C1)=O","propyl 4-hydroxybenzoate sulfate","propyl 4-hydroxybenzoate sulfate",NA,"hmdb:HMDB0135261","pubchem:131838881","chemspider:48063224","","CAS:162338-10-5","hmdb:HMDB0135261",NA,NA,NA,NA,"","Propylparaben sulfate"
100006269,209,48461,155099,"Xenobiotics","Chemical",6234,"NAMED","DDBFFWABKYIRKH-UHFFFAOYSA-N","CCC(C1=CC=C(OS(=O)(O)=O)C=C1)=O","4'-hydroxypropiophenone sulfate","4'-hydroxypropiophenone sulfate",NA,"","pubchem:315296","chemspider:278963","","CAS:99179-84-7","pubchem:315296",NA,NA,NA,NA,"",NA
100006282,209,48674,155105,"Xenobiotics","Food Component/Plant",5120,"NAMED","LJOOSFYJELZGMR-UHFFFAOYSA-N","O=C1C=CC2=CC=C(OS(=O)(O)=O)C=C2O1","umbelliferone sulfate","umbelliferone sulfate",NA,"hmdb:HMDB0240565","pubchem:129659","chemspider:114800","","CAS:69526-88-1","hmdb:HMDB0240565",NA,NA,NA,NA,"","Umbelliferone sulfate"
100006290,402,48490,164042,"Lipid","Sphingomyelins",3122,"NAMED","AADLTHQNYQJHQV-SVLGDMRNSA-N","CCCCCCCCCCCCC/C=C/[C@@H](O)[C@@H](NC(CCCCCCCCCCCCCCCCCCC)=O)COP([O-])(OCC[N+](C)(C)C)=O","sphingomyelin (d18:1/20:0, d16:1/22:0)*","sphingomyelin (d18:1/20:0, d16:1/22:0)*",NA,"hmdb:HMDB0012102","pubchem:44260124","chemspider:23113477","","","hmdb:HMDB0012102",NA,NA,NA,NA,"","SM 38:1;O2"
100006292,402,48491,164534,"Lipid","Sphingomyelins",3123,"NAMED","MDRFMTLYKHBJTF-YECRPIIFSA-N","CCCCCCCCCCCCC/C=C/[C@@H](O)[C@@H](NC(CCCCCCCCC/C=C/CCCCCCCC)=O)COP([O-])(OCC[N+](C)(C)C)=O","sphingomyelin (d18:1/20:1, d18:2/20:0)*","sphingomyelin (d18:1/20:1, d18:2/20:0)*",NA,"hmdb:HMDB0240610,HMDB0240632","","","","CAS:222403-67-0","hmdb:HMDB0240610",NA,NA,NA,NA,"","SM 38:2;O2"
100006293,402,57481,211144,"Lipid","Sphingomyelins",3124,"NAMED","YVTVVJRJLRHYSJ-COUPUTHFSA-N","CCCCCCCCCCCCC/C=C/[C@@H](O)[C@@H](NC(CCCCCCCCC/C=C/C/C=C/CCCCC)=O)COP([O-])(OCC[N+](C)(C)C)=O","sphingomyelin (d18:1/20:2, d18:2/20:1, d16:1/22:2)*","sphingomyelin (d18:1/20:2, d18:2/20:1, d16:1/22:2)*",NA,"","","","","","",NA,NA,NA,NA,"","SM 18:1;O2/18:0"
100006294,402,48492,164533,"Lipid","Sphingomyelins",3107,"NAMED","FJJANLYCZUNFSE-TWKUQIQBSA-N","CCCCCCCCCCCCC/C=C/[C@@H](O)[C@@H](NC(CCCCCCCCCCCCCCCCCCCCC)=O)COP([O-])(OCC[N+](C)(C)C)=O","behenoyl sphingomyelin (d18:1/22:0)*","behenoyl sphingomyelin (d18:1/22:0)*",NA,"hmdb:HMDB0012103","pubchem:44260125","chemspider:24846873","","","hmdb:HMDB0012103",NA,NA,NA,NA,"","SM 18:1;O2/22:0"
100006295,402,48493,164535,"Lipid","Sphingomyelins",3127,"NAMED","VBFKEZGCUWHGSK-ADSSWVSQSA-N","CCCCCCCCCCCCC/C=C/[C@@H](O)[C@@H](NC(CCCCCCCCCCC/C=C\CCCCCCCC)=O)COP([O-])(OCC[N+](C)(C)C)=O","sphingomyelin (d18:1/22:1, d18:2/22:0, d16:1/24:1)*","sphingomyelin (d18:1/22:1, d18:2/22:0, d16:1/24:1)*",NA,"hmdb:HMDB0012104","","chemspider:29368329","","","hmdb:HMDB0012104",NA,NA,NA,NA,"","SM 40:2;O2"
100006296,402,57477,211140,"Lipid","Sphingomyelins",3128,"NAMED","BBJBWENPFZYXKM-CUYAXJSGSA-N","CCCCCCCCCCCCC/C=C/[C@@H](O)[C@@H](NC(CCCCCCCCCCC/C=C/C/C=C/CCCCC)=O)COP([O-])(OCC[N+](C)(C)C)=O","sphingomyelin (d18:1/22:2, d18:2/22:1, d16:1/24:2)*","sphingomyelin (d18:1/22:2, d18:2/22:1, d16:1/24:2)*",NA,"hmdb:HMDB0240670,HMDB0240672,HMDB0240669","","","","","hmdb:HMDB0240670",NA,NA,NA,NA,"","SM 40:3;O2"
100006298,402,57330,210828,"Lipid","Sphingomyelins",3109,"NAMED","QEDPUVGSSDPBMD-XTAIVQBESA-N","CCCCCCCCCCCCC/C=C/[C@@H](O)[C@@H](NC(CCCCCCCCCCCCCCCCCCCCCCC)=O)COP([O-])(OCC[N+](C)(C)C)=O","lignoceroyl sphingomyelin (d18:1/24:0)","lignoceroyl sphingomyelin (d18:1/24:0)",NA,"hmdb:HMDB0011697","","chemspider:24846875","","CAS:60037-60-7","hmdb:HMDB0011697",NA,NA,NA,NA,"","SM 18:1;O2/24:0"
100006314,402,52433,164557,"Lipid","Sphingomyelins",3116,"NAMED","LQINJRUGTUOHGS-YPDYIYJKSA-N","CCCCCCCCCCCCC/C=C/[C@@H](O)[C@@H](NC(CCCCCCCCCCCCCC)=O)COP([O-])(OCC[N+](C)(C)C)=O","sphingomyelin (d17:1/16:0, d18:1/15:0, d16:1/17:0)*","sphingomyelin (d17:1/16:0, d18:1/15:0, d16:1/17:0)*",NA,"hmdb:HMDB0240617,HMDB0240608","","chemspider:28532779","","CAS:121999-58-4","hmdb:HMDB0240617",NA,NA,NA,NA,"","SM 33:1;O2"
100006360,209,48406,155059,"Amino Acid","Tyrosine Metabolism",223,"NAMED","DEKNNWJXAQTLFA-UHFFFAOYSA-N","O=S(OC1=CC=C(CCN)C=C1O)(O)=O","dopamine 4-sulfate","dopamine 4-sulfate",NA,"hmdb:HMDB0004148","pubchem:68517194","chemspider:110461","kegg:C13691","","hmdb:HMDB0004148",NA,NA,NA,NA,"","Dopamine 4-sulfate"
100006361,209,48407,155061,"Amino Acid","Tyrosine Metabolism",224,"NAMED","NZKRYJGNYPYXJZ-UHFFFAOYSA-N","NCCC1=CC(OS(=O)(O)=O)=C(O)C=C1","dopamine 3-O-sulfate","dopamine 3-O-sulfate",NA,"hmdb:HMDB0006275","pubchem:122136","chemspider:108936","kegg:C13690","","hmdb:HMDB0006275",NA,NA,NA,NA,"","Dopamine 3-O-sulfate"
100006363,209,48728,155111,"Xenobiotics","Food Component/Plant",5121,"NAMED","CQRHJEVIKOKQMO-UHFFFAOYSA-N","OC1=CC2=C(C(C(C3=CC=C(OS(=O)(O)=O)C=C3)=CO2)=O)C=C1","daidzein sulfate (2)","daidzein sulfate (2)",NA,"","pubchem:12114465","","","","pubchem:12114465",NA,NA,NA,NA,"","Daidzein sulfate"
100006367,209,53230,179135,"Lipid","Fatty Acid, Monohydroxy",1980,"NAMED","HPMGFDVTYHWBAG-UHFFFAOYSA-N","CCCC(O)CC(O)=O","3-hydroxyhexanoate","3-hydroxyhexanoate",NA,"hmdb:HMDB0061652,HMDB0010718","pubchem:151492","chemspider:133518","","CAS:10191-24-9","hmdb:HMDB0061652",NA,NA,NA,NA,"","3S-Hydroxyhexanoic acid"
100006369,400,52340,164887,"Amino Acid","Alanine and Aspartate Metabolism",35,"NAMED","LUSWEUMSEVLFEQ-UHFFFAOYSA-N","O=C(C(C)NC(N)=O)O","N-carbamoylalanine","N-carbamoylalanine",NA,"","pubchem:426409","chemspider:377278","","CAS:77340-50-2","pubchem:426409",NA,NA,NA,NA,"","N-Carbamoylalanine"
100006370,209,54805,207701,"Lipid","Sterol",3210,"NAMED","WVXOMPRLWLXFAP-AMQKJUDNSA-N","C[C@@H]([C@H]1CC[C@@H]2[C@]1(C)CC[C@H]3[C@H]2CC=C4[C@]3(C)CC[C@H](O)C4)CCCC(C(O)=O)C","3beta-hydroxy-5-cholestenoate","3beta-hydroxy-5-cholestenoate",NA,"hmdb:HMDB0012453","pubchem:165511","","kegg:C17333","CAS:6561-58-6","hmdb:HMDB0012453",NA,NA,NA,NA,"","Cholestenoic acid"
100006373,209,48761,155123,"Xenobiotics","Chemical",6227,"NAMED","NGVLEQPKHLWZLN-UHFFFAOYSA-N","OC1=C(O)C(OS(=O)(O)=O)=CC=C1","1,2,3-benzenetriol sulfate (1)","1,2,3-benzenetriol sulfate (1)",NA,"","","","","","",NA,NA,NA,NA,"","Pyrogallol sulfate"
100006374,209,48762,155125,"Xenobiotics","Chemical",6219,"NAMED","NGVLEQPKHLWZLN-UHFFFAOYSA-N","OC1=C(O)C(OS(=O)(O)=O)=CC=C1","1,2,3-benzenetriol sulfate (2)","1,2,3-benzenetriol sulfate (2)",NA,"hmdb:HMDB0060018,HMDB0060016","pubchem:92013662,54110629","","","","hmdb:HMDB0060018",NA,NA,NA,NA,"","Pyrogallol sulfate"
100006375,209,48763,155127,"Xenobiotics","Benzoate Metabolism",4542,"NAMED","NTXOJWKIHIOUQN-UHFFFAOYSA-N","OC1=C(C=CC=C1OS(=O)(O)=O)OC","3-methoxycatechol sulfate (1)","3-methoxycatechol sulfate (1)",NA,"","pubchem:129892430","","","","pubchem:129892430",NA,NA,NA,NA,"","3-Methoxycatechol sulfate"
100006376,209,48752,155119,"Xenobiotics","Benzoate Metabolism",4543,"NAMED","NTXOJWKIHIOUQN-UHFFFAOYSA-N","OC1=C(OC)C=CC=C1OS(=O)(O)=O","3-methoxycatechol sulfate (2)","3-methoxycatechol sulfate (2)",NA,"","","","","","",NA,NA,NA,NA,"","3-Methoxycatechol sulfate"
100006378,209,48757,155121,"Amino Acid","Tryptophan Metabolism",270,"NAMED","PPIMFXHQDQRWGJ-JTQLQIEISA-N","OC([C@@H](NC(C)=O)CC(C1=CC=CC=C1N)=O)=O","N-acetylkynurenine (2)","N-acetylkynurenine (2)",NA,"hmdb:HMDB0240342","pubchem:73817779","","","","hmdb:HMDB0240342",NA,NA,NA,NA,"","N-Acetylkynurenine"
100006379,209,48782,155139,"Amino Acid","Tryptophan Metabolism",261,"NAMED","CPXSBHKDEPPWIX-RAYCSJGISA-N","N[C@H](C(O)=O)CC1=C([C@H]([C@H]([C@@H](O)[C@@H]2O)O)O[C@@H]2CO)NC3=CC=CC=C13","C-glycosyltryptophan","C-glycosyltryptophan",NA,"hmdb:HMDB0240296","pubchem:10981970","chemspider:9157171","","CAS:180509-18-6","hmdb:HMDB0240296",NA,NA,NA,NA,"","C-Glycosyltryptophan"
100006381,400,53241,179295,"Xenobiotics","Drug - Analgesics, Anesthetics",5436,"NAMED","TVYLLZQTGLZFBW-ZBFHGGJFSA-N","CN(C[C@H]1CCCC[C@]1(O)C2=CC(OC)=CC=C2)C","tramadol","tramadol",NA,"hmdb:HMDB0014339","pubchem:33741","chemspider:31105","kegg:C07153","CAS:27203-92-5","hmdb:HMDB0014339",NA,NA,NA,NA,"","Tramadol"
100006382,400,53239,179291,"Xenobiotics","Drug - Analgesics, Anesthetics",5437,"NAMED","UWJUQVWARXYRCG-UHFFFAOYSA-N","OC1(CCCCC1CN(C)C)c2cccc(O)c2","O-desmethyltramadol","O-desmethyltramadol",NA,"hmdb:HMDB0060997","pubchem:9838803","chemspider:115703","","CAS:73986-53-5","hmdb:HMDB0060997",NA,NA,NA,NA,"","O-Desmethyltramadol"
100006383,400,52357,164921,"Xenobiotics","Drug - Analgesics, Anesthetics",5438,"NAMED","DSBGQRZOJXSECT-VFUSOVNCSA-N","CN(CC1CCCCC1(O)c2cc(O[C@H]3[C@H](O)[C@@H](O)[C@H](O)[C@@H](C(O)=O)O3)ccc2)C","O-desmethyltramadol glucuronide","O-desmethyltramadol glucuronide",NA,"hmdb:HMDB0060856","pubchem:29919005","chemspider:28467711","","CAS:383891-39-2","hmdb:HMDB0060856",NA,NA,NA,NA,"","O-Desmethyltramadol glucuronide"
100006384,400,52355,164917,"Xenobiotics","Drug - Analgesics, Anesthetics",5439,"NAMED","VUMQHLSPUAFKKK-DZGCQCFKSA-N","O[C@]1(CCCC[C@H]1CNC)[c@]2cccc(OC)c2","N-desmethyl tramadol","N-desmethyl tramadol",NA,"hmdb:HMDB0061007","pubchem:12149038","chemspider:8530152","","CAS:147762-57-0","hmdb:HMDB0061007",NA,NA,NA,NA,"","N-Desmethyltramadol"
100006385,400,54738,207475,"Xenobiotics","Drug - Cardiovascular",5644,"NAMED","OFRYBPCSEMMZHR-UHFFFAOYSA-N","CC(NCC(O)COC1=CC=C(C(O)COC)C=C1)C","alpha-hydroxymetoprolol","alpha-hydroxymetoprolol",NA,"hmdb:HMDB0060994","pubchem:114962","chemspider:102899","","CAS:56392-16-6","hmdb:HMDB0060994",NA,NA,NA,NA,"","alpha-Hydroxymetoprolol"
100006430,305,48885,160479,"Carbohydrate","Pentose Metabolism",1277,"NAMED","HEBKCHPVOIAQTA-IMJSIDKUSA-N","OC[C@@H](C([C@H](CO)O)O)O","arabitol/xylitol","arabitol/xylitol",NA,"hmdb:HMDB0001851,HMDB0000568,HMDB0002917","pubchem:94154,6912","","kegg:C00379,C00542,C01904","","hmdb:HMDB0001851",NA,NA,NA,NA,"","Arabitol"
100006435,400,46539,166536,"Carbohydrate","Aminosugar Metabolism",1434,"NAMED","OVRNDRQMDRJTHS-FMDGEEDCSA-N","O[C@@H]1[C@H]([C@@H](O[C@@H]([C@H]1O)CO)O)NC(C)=O","N-acetylglucosamine/N-acetylgalactosamine","N-acetylglucosamine/N-acetylgalactosamine",NA,"hmdb:HMDB0000212,HMDB0000215","pubchem:439174,84265","","kegg:C01074","","hmdb:HMDB0000212",NA,NA,NA,NA,"","N-Acetylhexosamine"
100006436,209,64496,238493,"Xenobiotics","Chemical",6208,"NAMED","UCQFCFPECQILOL-UHFFFAOYSA-N","CCOP(O)(OCC)=O","diethyl phosphate","diethyl phosphate",NA,"hmdb:HMDB0012209","pubchem:654","chemspider:634","kegg:C06608","CAS:598-02-7","hmdb:HMDB0012209",NA,NA,NA,NA,"","Diethylphosphate"
100006438,305,47076,148336,"Energy","TCA Cycle",1463,"NAMED","HNEGQIOMVPPMNR-IHWYPQMZSA-N","C/C(C(O)=O)=C/C(O)=O","citraconate/glutaconate","citraconate/glutaconate",NA,"hmdb:HMDB0000634,HMDB0000620","pubchem:5280498,643798","","kegg:C02226,C02214","","hmdb:HMDB0000634",NA,NA,NA,NA,"","Citraconic acid/Glutaconic acid"
100006614,400,52988,166228,"Lipid","Fatty Acid Metabolism (Acyl Carnitine, Dicarboxylate)",1908,"NAMED","BSVHAXJKBCWVDA-UHFFFAOYSA-N","[O-]C(CC(OC(CCCCC(O)=O)=O)C[N+](C)(C)C)=O","adipoylcarnitine (C6-DC)","adipoylcarnitine (C6-DC)",NA,"hmdb:HMDB0061677","pubchem:71296139","chemspider:28540385","","","hmdb:HMDB0061677",NA,NA,NA,NA,"","CAR DC6:0"
100006619,400,52932,166188,"Amino Acid","Tyrosine Metabolism",180,"NAMED","RLMMGDAPWBGWEF-UHFFFAOYSA-N","[O-]C(CC(OC(CC1=CC=C(C=C1)O)=O)C[N+](C)(C)C)=O","4-hydroxyphenylacetoylcarnitine","4-hydroxyphenylacetoylcarnitine",NA,"","","","","","",NA,NA,NA,NA,"",NA
100006620,402,61775,218145,"Lipid","Fatty Acid Metabolism (Acyl Carnitine, Medium Chain)",1858,"NAMED","MPSPNFAQQQMFLK-UHFFFAOYSA-N","[O-]C(CC(OC(CCCCCCCC)=O)C[N+](C)(C)C)=O","nonanoylcarnitine (C9)","nonanoylcarnitine (C9)",NA,"hmdb:HMDB0013288","pubchem:91825642","chemspider:28533402","","","hmdb:HMDB0013288",NA,NA,NA,NA,"","CAR 9:0"
100006627,400,52990,166232,"Lipid","Fatty Acid Metabolism (Acyl Carnitine, Dicarboxylate)",1916,"NAMED","YVWVEIPYMGBQPE-UHFFFAOYSA-N","[O-]C(CC(OC(CCCCCCC(O)=O)=O)C[N+](C)(C)C)=O","suberoylcarnitine (C8-DC)","suberoylcarnitine (C8-DC)",NA,"","","","","","",NA,NA,NA,NA,"","CAR DC8:0"
100006634,209,52921,166026,"Amino Acid","Tyrosine Metabolism",234,"NAMED","VBCLPDSIELLWDI-UHFFFAOYSA-N","OS(OC1=CC(CC(O)=O)=CC=C1)(=O)=O","3-hydroxyphenylacetate sulfate","3-hydroxyphenylacetate sulfate",NA,"","","","","","",NA,NA,NA,NA,"",NA
100006641,209,52974,166124,"Lipid","Primary Bile Acid Metabolism",3475,"NAMED","DKXXSIJHWWVNMO-ISIKUUMTSA-N","OS(OC1C[C@]2([H])C(CC1)(C)[C@@H]3[C@@]([C@@](CC4)([H])[C@@](CC3)(C)[C@H]4[C@H](C)CCC(NCC(O)=O)=O)([H])[C@H](O)C2)(=O)=O","glycochenodeoxycholate 3-sulfate","glycochenodeoxycholate 3-sulfate",NA,"hmdb:HMDB0002409,HMDB0002496,HMDB0002497","pubchem:21116917,21125002,11954205","","","","hmdb:HMDB0002409",NA,NA,NA,NA,"","Glycochenodeoxycholic acid 3-sulfate"
100006642,209,52975,166126,"Lipid","Secondary Bile Acid Metabolism",3541,"NAMED","QJZCNFGUZPMYAX-WWZCPACMSA-N","OS(OC1CC[C@@]2(C)[C@@](CC[C@]3([H])[C@]2([H])C[C@H](O)[C@@]4(C)[C@]3(CC[C@@H]4[C@H](C)CCC(NCC(O)=O)=O)[H])([H])C1)(=O)=O","glycodeoxycholate 3-sulfate","glycodeoxycholate 3-sulfate",NA,"","pubchem:101602538","","","","pubchem:101602538",NA,NA,NA,NA,"","Glycodeoxycholic acid 3-sulfate"
100006644,209,62889,220740,"Lipid","Secondary Bile Acid Metabolism",3491,"NAMED","UCVGCHGIKFWAGH-WQVRBXQRSA-N","C[C@@]12[C@@](CCC3C2C[C@H](O)[C@@]4(C)C3CC[C@@H]4[C@@H](CCC(NCCS(O)(=O)=O)=O)C)([H])C[C@H](OS(O)(=O)=O)CC1","taurodeoxycholic acid 3-sulfate","taurodeoxycholic acid 3-sulfate",NA,"","","","","","",NA,NA,NA,NA,"","Taurodeoxycholic acid 3-sulfate"
100006651,209,53026,166148,"Xenobiotics","Food Component/Plant",5152,"NAMED","VFMNSFWBDMRNLJ-UHFFFAOYSA-N","OC(CC1C(CCC)C1)=O","trans-3,4-methyleneheptanoate","trans-3,4-methyleneheptanoate",NA,"","","","","","",NA,NA,NA,NA,"",NA
100006679,209,52747,166417,"Amino Acid","Tyrosine Metabolism",191,"NAMED","WVHAUDNUGBNUDZ-GOVZDWNOSA-N","O[C@H]1[C@H](OC2=CC=CC=C2)O[C@H](C(O)=O)[C@@H](O)[C@@H]1O","phenol glucuronide","phenol glucuronide",NA,"hmdb:HMDB0060014","pubchem:87235","chemspider:78692","","CAS:17685-05-1","hmdb:HMDB0060014",NA,NA,NA,NA,"","Phenyl glucuronide"
100006726,209,52608,166573,"Lipid","Endocannabinoid",2183,"NAMED","KQXDGUVSAAQARU-HZJYTTRNSA-N","CCCCC/C=C\C/C=C\CCCCCCCC(NCCO)=O","linoleoyl ethanolamide","linoleoyl ethanolamide",NA,"hmdb:HMDB0012252","pubchem:5283446","chemspider:4446566","","CAS:68171-52-8","hmdb:HMDB0012252",NA,NA,NA,NA,"","Linoleoyl-EA"
100006727,209,49616,161396,"Xenobiotics","Drug - Cardiovascular",5705,"NAMED","PZRHRDRVRGEVNW-UHFFFAOYSA-N","CC1=C(C2=CC=NC=C2)C=C(C#N)C(N1)=O","milrinone*","milrinone*",NA,"hmdb:HMDB0014380","pubchem:4197","","kegg:C07224,D00417","","hmdb:HMDB0014380",NA,NA,NA,NA,"","Milrinone"
100006745,400,52381,165221,"Xenobiotics","Drug - Neurological",5835,"NAMED","YESZIQBQBRDCJZ-OOJCLDBCSA-N","[O-][C@@H]1[C@@H](N2CCOCC2)C[C@@]3(C)[C@](CC[C@]4([H])[C@]3([H])CC[C@@]5(C)[C@@]4([H])C[C@H]([N+]6(CC=C)CCCC6)[C@@H]5OC(C)=O)([H])C1","rocuronium","rocuronium",NA,"hmdb:HMDB0014866","pubchem:441290","chemspider:8025583","kegg:C07556","CAS:143558-00-3","hmdb:HMDB0014866",NA,NA,NA,NA,"","Rocuronium"
100008903,402,52603,165331,"Lipid","Phosphatidylcholine (PC)",2360,"NAMED","FVXDQWZBHIXIEJ-LNDKUQBDSA-N","CCCCC/C=C\C/C=C\CCCCCCCC(OC[C@@H](OC(CCCCCCC/C=C\C/C=C\CCCCC)=O)COP([O-])(OCC[N+](C)(C)C)=O)=O","1,2-dilinoleoyl-GPC (18:2/18:2)","1,2-dilinoleoyl-GPC (18:2/18:2)",NA,"hmdb:HMDB0008138","pubchem:5288075","chemspider:4450312","","CAS:998-06-1","hmdb:HMDB0008138",NA,NA,NA,NA,"","PC 18:2/18:2"
100008904,402,52438,164562,"Lipid","Phosphatidylcholine (PC)",2323,"NAMED","ATHVAWFAEPLPPQ-VRDBWYNSSA-N","O=C(CCCCCCCCCCCCCCCCC)OC[C@]([H])(COP(OCC[N+](C)(C)C)([O-])=O)OC(CCCCCCC/C=C\CCCCCCCC)=O","1-stearoyl-2-oleoyl-GPC (18:0/18:1)","1-stearoyl-2-oleoyl-GPC (18:0/18:1)",NA,"hmdb:HMDB0008038","pubchem:24778825","chemspider:24766704","","CAS:56421-10-4","hmdb:HMDB0008038",NA,NA,NA,NA,"","PC 18:0/18:1"
100008914,402,52462,165128,"Lipid","Phosphatidylcholine (PC)",2298,"NAMED","IIZPXYDJLKNOIY-JXPKJXOSSA-N","CCCCCCCCCCCCCCCC(OC[C@@]([H])(OC(CCC/C=C\C/C=C\C/C=C\C/C=C\CCCCC)=O)COP([O-])(OCC[N+](C)(C)C)=O)=O","1-palmitoyl-2-arachidonoyl-GPC (16:0/20:4n6)","1-palmitoyl-2-arachidonoyl-GPC (16:0/20:4n6)",NA,"hmdb:HMDB0007982","pubchem:10747814","chemspider:8923140","kegg:C05208","CAS:35418-58-7","hmdb:HMDB0007982",NA,NA,NA,NA,"","PC 16:0/20:4"
100008915,402,52610,165342,"Lipid","Phosphatidylcholine (PC)",2304,"NAMED","IESVDEZGAHUQJU-ZLBXKVHBSA-N","CCCCCCCCCCCCCCCC(OC[C@](OC(CC/C=C\C/C=C\C/C=C\C/C=C\C/C=C\C/C=C\CC)=O)([H])COP([O-])(OCC[N+](C)(C)C)=O)=O","1-palmitoyl-2-docosahexaenoyl-GPC (16:0/22:6)","1-palmitoyl-2-docosahexaenoyl-GPC (16:0/22:6)",NA,"hmdb:HMDB0007991","pubchem:6441886","chemspider:4946007","","CAS:59403-54-2","hmdb:HMDB0007991",NA,NA,NA,NA,"","PC 16:0/22:6"
100008916,402,52611,165343,"Lipid","Phosphatidylcholine (PC)",2340,"NAMED","FAUYAENFVCNTAL-PFFNLMTBSA-N","O=C(CC/C=C\C/C=C\C/C=C\C/C=C\C/C=C\C/C=C\CC)O[C@H](COC(CCCCCCCCCCCCCCCCC)=O)CO[P](OCC[N+](C)(C)C)([O-])=O","1-stearoyl-2-docosahexaenoyl-GPC (18:0/22:6)","1-stearoyl-2-docosahexaenoyl-GPC (18:0/22:6)",NA,"hmdb:HMDB0008057","pubchem:24778876","","","CAS:59403-52-0","hmdb:HMDB0008057",NA,NA,NA,NA,"","PC 18:0/22:6"
100008919,402,52614,165346,"Lipid","Plasmalogen",2810,"NAMED","XVYPOHCSLJZFED-QZEVRULJSA-N","[H][C@@](COP([O-])(OCC[NH3+])=O)(OC(CCCCCCC/C=C\CCCCCCCC)=O)CO/C=C\CCCCCCCCCCCCCCCC","1-(1-enyl-stearoyl)-2-oleoyl-GPE (P-18:0/18:1)","1-(1-enyl-stearoyl)-2-oleoyl-GPE (P-18:0/18:1)",NA,"hmdb:HMDB0011375","pubchem:42607457","chemspider:24769260","","CAS:144371-68-6","hmdb:HMDB0011375",NA,NA,NA,NA,"","PE P-18:0/18:1"
100008920,402,52615,165347,"Lipid","Sphingomyelins",3119,"NAMED","YMQZQHIESOAPQH-JXGHDCMNSA-N","O=C(N[C@@]([C@]([H])(O)/C=C/CCCCCCCCCCCCC)([H])COP([O-])(OCC[N+](C)(C)C)=O)CCCCCCCCCCCCCCCC","sphingomyelin (d18:1/17:0, d17:1/18:0, d19:1/16:0)","sphingomyelin (d18:1/17:0, d17:1/18:0, d19:1/16:0)",NA,"hmdb:HMDB0240620,HMDB0240609,HMDB0240622","pubchem:46891763","","","CAS:121999-64-2","hmdb:HMDB0240620",NA,NA,NA,NA,"","SM 35:1;O2"
100008921,402,52616,165348,"Lipid","Phosphatidylcholine (PC)",2282,"NAMED","PZNPLUBHRSSFHT-RRHRGVEJSA-N","O=C(CCCCCCCCCCCCCCC)OC[C@]([H])(COP(OCC[N+](C)(C)C)([O-])=O)OC(CCCCCCCCCCCCCCCCC)=O","1-palmitoyl-2-stearoyl-GPC (16:0/18:0)","1-palmitoyl-2-stearoyl-GPC (16:0/18:0)",NA,"hmdb:HMDB0007970","pubchem:24778686","chemspider:24766643","kegg:C03889","CAS:59403-51-9","hmdb:HMDB0007970",NA,NA,NA,NA,"","PC 16:0/18:0"
100008928,305,52281,164309,"Amino Acid","Glutathione Metabolism",582,"NAMED","AFENDNXGAFYKQO-UHFFFAOYSA-N","CCC(O)C(O)=O","2-hydroxybutyrate/2-hydroxyisobutyrate","2-hydroxybutyrate/2-hydroxyisobutyrate",NA,"hmdb:HMDB0000729,HMDB00008","pubchem:440864,4277439","","kegg:C21297,C05984","","hmdb:HMDB0000729",NA,NA,NA,NA,"","2-Hydroxybutyric acid/2-Hydroxyisobutyric acid"
100008929,209,52282,164310,"Energy","TCA Cycle",1461,"NAMED","YNOXCRMFGMSKIJ-UHFFFAOYSA-N","CC(C(O)=O)C(C(O)=O)(O)CC(O)=O","2-methylcitrate/homocitrate","2-methylcitrate/homocitrate",NA,"hmdb:HMDB0003518,HMDB0000379","pubchem:439459,515","","kegg:C01251","","hmdb:HMDB0003518",NA,NA,NA,NA,"","Homocitric acid"
100008930,209,52285,164313,"Lipid","Long Chain Monounsaturated Fatty Acid",1534,"NAMED","ZQPPMHVWECSIRJ-KTKRTIGZSA-N","OC(CCCCCCC/C=C\CCCCCCCC)=O","oleate/vaccenate (18:1)","oleate/vaccenate (18:1)",NA,"hmdb:HMDB0003231,HMDB0000573,HMDB0240219,HMDB0000207","pubchem:5282761,637517,5281127,445639","","kegg:C21944,C08367,C01712,C00712","","hmdb:HMDB0003231",NA,NA,NA,NA,"","Oleic acid"
100008931,209,52749,166419,"Amino Acid","Tryptophan Metabolism",323,"NAMED","KUYNOZVWCFXSNE-BYNIDDHOSA-N","O[C@H]([C@@H](O)[C@@H]1O)[C@@H](O[C@@H]1C(O)=O)OC2=CNC3=C2C=CC=C3","indoxyl glucuronide","indoxyl glucuronide",NA,"hmdb:HMDB0010319","pubchem:2733785","chemspider:2015556","","CAS:35804-66-1","hmdb:HMDB0010319",NA,NA,NA,NA,"","Inodxyl glucuronide"
100008933,209,52938,166054,"Lipid","Fatty Acid, Monohydroxy",1990,"NAMED","POMQYTSPMKEQNB-UHFFFAOYSA-N","OC(CC(O)CCCCCCCCCCCCCCC)=O","3-hydroxystearate","3-hydroxystearate",NA,"hmdb:HMDB10737","pubchem:5282907","chemspider:4446034","","CAS:45261-96-9","hmdb:HMDB10737",NA,NA,NA,NA,"","3-Hydroxystearic acid"
100008934,209,52916,166016,"Lipid","Fatty Acid, Monohydroxy",1967,"NAMED","YDZIJQXINJLRLL-UHFFFAOYSA-N","OC(C(O)CCCCCCCCCC)=O","2-hydroxylaurate","2-hydroxylaurate",NA,"","pubchem:97783","chemspider:88259","","CAS:2984-55-6","pubchem:97783",NA,NA,NA,NA,"","2-Hydroxylauric acid"
100008941,402,52960,166298,"Xenobiotics","Drug - Psychoactive",5894,"NAMED","CEUORZQYGODEFX-UHFFFAOYSA-N","ClC1=CC=CC(N2CCN(CCCCOC3=CC=C(CCC(N4)=O)C4=C3)CC2)=C1Cl","aripiprazole","aripiprazole",NA,"hmdb:HMDB0005042","pubchem:60795","chemspider:54790","kegg:C12564","CAS:129722-12-9","hmdb:HMDB0005042",NA,NA,NA,NA,"","Aripiprazole"
100008943,209,52913,166010,"Xenobiotics","Drug - Neurological",5847,"NAMED","AYXYPKUFHZROOJ-UHFFFAOYSA-N","CC(C)CC(CN)CC(O)=O","pregabalin","pregabalin",NA,"hmdb:HMDB0014375","pubchem:5486971","chemspider:3902475","","CAS:148553-50-8","hmdb:HMDB0014375",NA,NA,NA,NA,"","Pregabalin"
100008948,402,52949,166278,"Xenobiotics","Drug - Cardiovascular",5702,"NAMED","GBXSMTUPTTWBMN-UHFFFAOYSA-N","CC(C(N1C(C(O)=O)CCC1)=O)NC(C(OCC)=O)CCC2=CC=CC=C2","enalapril","enalapril",NA,"hmdb:HMDB0014722","pubchem:5388962","chemspider:3109","kegg:C06977,D03769,DG00335","CAS:75847-73-3","hmdb:HMDB0014722",NA,NA,NA,NA,"","Enalapril"
100008950,209,52958,166094,"Xenobiotics","Drug - Cardiovascular",5666,"NAMED","KGFYHTZWPPHNLQ-UHFFFAOYSA-N","O=C1N(C2=CC=C(N3CC(CNC(C4=CC=C(Cl)S4)=O)OC3=O)C=C2)CCOC1","rivaroxaban","rivaroxaban",NA,"","pubchem:9875401","chemspider:4938307","","CAS:366789-02-8","pubchem:9875401",NA,NA,NA,NA,"","Rivaroxaban"
100008952,209,52431,164555,"Lipid","Monoacylglycerol",2853,"NAMED","KVYUBFKSKZWZSV-BQYQJAHWSA-N","CCCCCC/C=C/CCCCCCCC(OCC(O)CO)=O","1-palmitoleoylglycerol (16:1)*","1-palmitoleoylglycerol (16:1)*",NA,"hmdb:HMDB0011565","","","","","hmdb:HMDB0011565",NA,NA,NA,NA,"","MG 16:1"
100008954,402,52434,164558,"Lipid","Dihydrosphingomyelins",3100,"NAMED","QHZIGNLCLJPLCU-QPPIDDCLSA-N","[H][C@](NC(CCCCCCCCCCCCCCC)=O)(COP(OCC[N+](C)(C)C)([O-])=O)[C@@](O)([H])CCCCCCCCCCCCCCC","palmitoyl dihydrosphingomyelin (d18:0/16:0)*","palmitoyl dihydrosphingomyelin (d18:0/16:0)*",NA,"hmdb:HMDB0010168","pubchem:9939965","chemspider:8115586","","","hmdb:HMDB0010168",NA,NA,NA,NA,"","SM 18:0;O2/16:0"
100008955,402,52436,164560,"Lipid","Sphingomyelins",3108,"NAMED","SXZWBNWTCVLZJN-NMIJJABPSA-N","[H][C@](NC(CCCCCCCCCCCCCCCCCCCCCC)=O)(COP(OCC[N+](C)(C)C)([O-])=O)[C@@](O)([H])/C=C/CCCCCCCCCCCCC","tricosanoyl sphingomyelin (d18:1/23:0)*","tricosanoyl sphingomyelin (d18:1/23:0)*",NA,"hmdb:HMDB0012105","","","","","hmdb:HMDB0012105",NA,NA,NA,NA,"","SM 18:1;O2/23:0"
100008956,402,52435,164559,"Lipid","Sphingomyelins",3129,"NAMED","JBDGKEXQKCCQFK-JWQIMADESA-N","[H][C@](NC(CCCCCCCCCCCCCCCCCCCCCC)=O)(COP(OCC[N+](C)(C)C)([O-])=O)[C@@](O)([H])/C=C/CCCCCCCC/C=C\CCC","sphingomyelin (d18:2/23:0, d18:1/23:1, d17:1/24:1)*","sphingomyelin (d18:2/23:0, d18:1/23:1, d17:1/24:1)*",NA,"hmdb:HMDB0240634,HMDB0011696,HMDB0240614","pubchem:134757653","","","","hmdb:HMDB0240634",NA,NA,NA,NA,"","SM 41:2;O2"
100008957,402,52437,164561,"Lipid","Sphingomyelins",3131,"NAMED","TXFLWJQVQCDUDZ-BRUGZULGSA-N","[H][C@](NC(CCCCCCCCCCCCC/C=C\CCCCCCCC)=O)(COP(OCC[N+](C)(C)C)([O-])=O)[C@@](O)([H])/C=C/CCCCCCCC/C=C\CCC","sphingomyelin (d18:2/24:1, d18:1/24:2)*","sphingomyelin (d18:2/24:1, d18:1/24:2)*",NA,"hmdb:HMDB0240636,HMDB0240615","pubchem:85336023","","","","hmdb:HMDB0240636",NA,NA,NA,NA,"","SM 42:3;O2"
100008962,209,52948,166074,"Xenobiotics","Drug - Antibiotic",5458,"NAMED","LSQZJLSUYDQPKJ-UHFFFAOYSA-N","O=C1C(NC(C(N)C2=CC=C(O)C=C2)=O)C3N1C(C(O)=O)C(C)(C)S3","amoxicillin","amoxicillin",NA,"hmdb:HMDB0015193","pubchem:33613","chemspider:2086","kegg:DG00520,C06827,D00229","CAS:26787-78-0","hmdb:HMDB0015193",NA,NA,NA,NA,"","Amoxicillin"
100008963,402,52966,166310,"Xenobiotics","Drug - Antibiotic",5475,"NAMED","MQTOSJVFKKJCRP-UHFFFAOYSA-N","CC(CC(C)(O)C(OC1OC(C)CC(N(C)C)C1O)C(C)C(OC2OC(C)C(O)C(C)(OC)C2)C3C)CN(C)C(C)C(O)C(O)(C)C(CC)OC3=O","azithromycin","azithromycin",NA,"hmdb:HMDB0014352","pubchem:447043","chemspider:2182","kegg:DG00606,D06390,C06838","CAS:83905-01-5","hmdb:HMDB0014352",NA,NA,NA,NA,"","Azithromycin"
100008973,402,53001,166336,"Xenobiotics","Drug - Other",5968,"NAMED","FBOUYBDGKBSUES-HMTLIYDFSA-N","O=C(O[C@H]1C[N@]2CC[C@@H]1CC2)N3CCC4=CC=CC=C4C3C5=CC=CC=C5","solifenacin","solifenacin",NA,"","pubchem:154059","chemspider:8060993","","CAS:180468-39-7","pubchem:154059",NA,NA,NA,NA,"","Solifenacin"
100008974,209,52950,166078,"Xenobiotics","Drug - Cardiovascular",5707,"NAMED","WOXKDUGGOYFFRN-UHFFFAOYSA-N","O=C(CN1C)N2C(C3=CC=C(OCO4)C4=C3)C5=C(C(C=CC=C6)=C6N5)CC2C1=O","tadalafil","tadalafil",NA,"hmdb:HMDB0014958","pubchem:110635","chemspider:3875386","","CAS:171596-29-5","hmdb:HMDB0014958",NA,NA,NA,NA,"","Tadalafil"
100008976,402,52446,165108,"Lipid","Phosphatidylethanolamine (PE)",2430,"NAMED","YDTWOEYVDRKKCR-KNERPIHHSA-N","O=C(CCCCCCCCCCCCCCCCC)OC[C@]([H])(COP(OCCN)(O)=O)OC(CCCCCCC/C=C\C/C=C\CCCCC)=O","1-stearoyl-2-linoleoyl-GPE (18:0/18:2)*","1-stearoyl-2-linoleoyl-GPE (18:0/18:2)*",NA,"hmdb:HMDB0008994","pubchem:9546749","chemspider:7825699","","","hmdb:HMDB0008994",NA,NA,NA,NA,"","PE 18:0/18:2"
100008977,402,52447,165110,"Lipid","Phosphatidylethanolamine (PE)",2439,"NAMED","ANRKEHNWXKCXDB-BHFWLYLHSA-N","O=C(CCCCCCCCCCCCCCCCC)OC[C@]([H])(COP(OCCN)(O)=O)OC(CCC/C=C\C/C=C\C/C=C\C/C=C\CCCCC)=O","1-stearoyl-2-arachidonoyl-GPE (18:0/20:4)","1-stearoyl-2-arachidonoyl-GPE (18:0/20:4)",NA,"hmdb:HMDB0009003","pubchem:5289133","chemspider:4451158","kegg:C05210","","hmdb:HMDB0009003",NA,NA,NA,NA,"","PE 18:0/20:4"
100008980,402,52452,165115,"Lipid","Phosphatidylcholine (PC)",2326,"NAMED","FORFDCPQKJHEBF-JEFUZMEDSA-N","CCCCCCCCCCCCCCCCCC(OCC(OC(CCCCCCC/C=C/C/C=C/CCCCC)=O)COP([O-])(OCC[N+](C)(C)C)=O)=O","1-stearoyl-2-linoleoyl-GPC (18:0/18:2)*","1-stearoyl-2-linoleoyl-GPC (18:0/18:2)*",NA,"hmdb:HMDB0008039","pubchem:6441487","","","","hmdb:HMDB0008039",NA,NA,NA,NA,"","PC 18:0/18:2"
100008984,402,52470,165143,"Lipid","Phosphatidylcholine (PC)",2280,"NAMED","QIBZFHLFHCIUOT-HTXNQAPBSA-N","CCCCCCCCCCCCCCCC(OCC(OC(CCCCCCC/C=C/CCCCCC)=O)COP([O-])(OCC[N+](C)(C)C)=O)=O","1-palmitoyl-2-palmitoleoyl-GPC (16:0/16:1)*","1-palmitoyl-2-palmitoleoyl-GPC (16:0/16:1)*",NA,"hmdb:HMDB0007969","pubchem:6443788","","","","hmdb:HMDB0007969",NA,NA,NA,NA,"","PC 16:0/16:1"
100008985,402,52454,165119,"Lipid","Phosphatidylcholine (PC)",2294,"NAMED","SRIGHEHXEGELQJ-YYQUKWHJSA-N","CCCCCCCCCCCCCCCC(OC[C@@H](OC(CCCCCC/C=C\C/C=C\C/C=C\CCCCC)=O)COP([O-])(OCC[N+](C)(C)C)=O)=O","1-palmitoyl-2-dihomo-linolenoyl-GPC (16:0/20:3n3 or 6)*","1-palmitoyl-2-dihomo-linolenoyl-GPC (16:0/20:3n3 or 6)*",NA,"","","","","","",NA,NA,NA,NA,"","PC 16:0/20:3"
100008990,402,52464,165131,"Lipid","Phosphatidylethanolamine (PE)",2417,"NAMED","DRIVXEVMDWCWLI-CAQMIEAISA-N","O=C(CCCCCCCCCCCCCCC)OC[C@]([H])(COP(OCCN)(O)=O)OC(CCC/C=C\C/C=C\C/C=C\C/C=C\CCCCC)=O","1-palmitoyl-2-arachidonoyl-GPE (16:0/20:4)*","1-palmitoyl-2-arachidonoyl-GPE (16:0/20:4)*",NA,"hmdb:HMDB0005323","pubchem:9546800","chemspider:7825750","kegg:C05210","","hmdb:HMDB0005323",NA,NA,NA,NA,"","PE 16:0/20:4"
100008991,402,52465,165133,"Lipid","Phosphatidylethanolamine (PE)",2419,"NAMED","MPWUZHVZZKSTPV-MADBQMNMSA-N","O=C(CCCCCCCCCCCCCCC)OC[C@]([H])(COP(OCCN)(O)=O)OC(CC/C=C\C/C=C\C/C=C\C/C=C\C/C=C\C/C=C\CC)=O","1-palmitoyl-2-docosahexaenoyl-GPE (16:0/22:6)*","1-palmitoyl-2-docosahexaenoyl-GPE (16:0/22:6)*",NA,"hmdb:HMDB0008946","pubchem:9546799","chemspider:7825749","","","hmdb:HMDB0008946",NA,NA,NA,NA,"","PE 16:0/22:6"
100008992,402,52466,165134,"Lipid","Phosphatidylethanolamine (PE)",2443,"NAMED","XYYHNDVKALDFHQ-OXHZBIAZSA-N","O=C(CCCCCCCCCCCCCCCCC)OC[C@]([H])(COP(OCCN)(O)=O)OC(CC/C=C\C/C=C\C/C=C\C/C=C\C/C=C\C/C=C\CC)=O","1-stearoyl-2-docosahexaenoyl-GPE (18:0/22:6)*","1-stearoyl-2-docosahexaenoyl-GPE (18:0/22:6)*",NA,"hmdb:HMDB0009012","pubchem:9546798","chemspider:7825748","","","hmdb:HMDB0009012",NA,NA,NA,NA,"","PE 18:0/22:6"
100008993,402,52467,208085,"Lipid","Phosphatidylinositol (PI)",2540,"NAMED","KIQYUSYSJTUGFZ-LSLODQAYSA-N","O=C(CCCCCCCCCCCCCCC)OC[C@@]([H])(OC(CCC/C=C\C/C=C\C/C=C\C/C=C\CCCCC)=O)COP(O[C@H]1[C@H](O)[C@@H](O)[C@H](O)[C@@H](O)[C@H]1O)(O)=O","1-palmitoyl-2-arachidonoyl-GPI (16:0/20:4)*","1-palmitoyl-2-arachidonoyl-GPI (16:0/20:4)*",NA,"hmdb:HMDB0009789","","chemspider:24767674","","","hmdb:HMDB0009789",NA,NA,NA,NA,"","PI 16:0/20:4"
100008994,402,52468,208084,"Lipid","Phosphatidylinositol (PI)",2544,"NAMED","KZVRAFHIKMDULK-HAVSRZFESA-N","O=C(CCCCCCCCCCCCCCCCC)OC[C@@]([H])(OC(CCCCCCC/C=C\C/C=C\CCCCC)=O)COP(O[C@H]1[C@H](O)[C@@H](O)[C@H](O)[C@@H](O)[C@H]1O)(O)=O","1-stearoyl-2-linoleoyl-GPI (18:0/18:2)","1-stearoyl-2-linoleoyl-GPI (18:0/18:2)",NA,"hmdb:HMDB0009809","","chemspider:24767694","","","hmdb:HMDB0009809",NA,NA,NA,NA,"","PI 18:0/18:2"
100008998,402,52473,165151,"Cofactors and Vitamins","Tocopherol Metabolism",4383,"NAMED","QUEDXNHFTDJVIY-DQCZWYHMSA-N","CC1=C(C(CC2)=CC(O)=C1C)O[C@@]2(CCC[C@@H](CCC[C@@H](CCCC(C)C)C)C)C","gamma-tocopherol/beta-tocopherol","gamma-tocopherol/beta-tocopherol",NA,"hmdb:HMDB0006335,HMDB0001492","","","kegg:C14152,C02483","","hmdb:HMDB0006335",NA,NA,NA,NA,"","beta-Tocopherol"
100008999,402,52475,165154,"Lipid","Plasmalogen",2819,"NAMED","URPXXNCTXCOATD-FXMFQVEGSA-N","[H][C@](OC(CCC/C=C\C/C=C\C/C=C\C/C=C\CCCCC)=O)(COP(OCCN)(O)=O)CO/C=C\CCCCCCCCCCCCCCCC","1-(1-enyl-stearoyl)-2-arachidonoyl-GPE (P-18:0/20:4)*","1-(1-enyl-stearoyl)-2-arachidonoyl-GPE (P-18:0/20:4)*",NA,"hmdb:HMDB0005779","pubchem:9547058","chemspider:7826008","","","hmdb:HMDB0005779",NA,NA,NA,NA,"","PE P-18:0/20:4"
100009002,402,52673,165435,"Lipid","Plasmalogen",2805,"NAMED","UUYSKERSKRMYME-MAIXUNBTSA-N","[H][C@](OC(CCC/C=C\C/C=C\C/C=C\C/C=C\CCCCC)=O)(COP(OCCN)(O)=O)CO/C=C\CCCCCCCCCCCCCC","1-(1-enyl-palmitoyl)-2-arachidonoyl-GPE (P-16:0/20:4)*","1-(1-enyl-palmitoyl)-2-arachidonoyl-GPE (P-16:0/20:4)*",NA,"hmdb:HMDB0011352","pubchem:52925126","chemspider:24769238","","","hmdb:HMDB0011352",NA,NA,NA,NA,"","PE P-16:0/20:4"
100009005,402,52477,165158,"Lipid","Plasmalogen",2801,"NAMED","ZVVYJAAMWXATNY-PRWZWGSOSA-N","[H][C@](OC(CCCCCCC/C=C\CCCCCCCC)=O)(COP(OCCN)(O)=O)CO/C=C\CCCCCCCCCCCCCC","1-(1-enyl-palmitoyl)-2-oleoyl-GPE (P-16:0/18:1)*","1-(1-enyl-palmitoyl)-2-oleoyl-GPE (P-16:0/18:1)*",NA,"hmdb:HMDB0011342","pubchem:52925128","chemspider:24769228","","","hmdb:HMDB0011342",NA,NA,NA,NA,"","PE P-16:0/18:1"
100009007,402,52478,165160,"Lipid","Plasmalogen",2807,"NAMED","CRBBMHQTIAELIS-KQBBALDBSA-N","[H][C@](OC(CCCCCCC/C=C\CCCCCCCC)=O)(CO[P-](OCC[N+](C)(C)C)([O])=O)CO/C=C\CCCCCCCCCCCCCC","1-(1-enyl-palmitoyl)-2-oleoyl-GPC (P-16:0/18:1)*","1-(1-enyl-palmitoyl)-2-oleoyl-GPC (P-16:0/18:1)*",NA,"hmdb:HMDB0007996","pubchem:34779384","","","","hmdb:HMDB0007996",NA,NA,NA,NA,"","PC P-16:0/18:1"
100009009,402,52682,165449,"Lipid","Plasmalogen",2815,"NAMED","QLEHHUPUHJPURI-PWYDUFMYSA-N","[H][C@](OC(CCCCCCC/C=C\C/C=C\CCCCC)=O)(COP(OCC[N+](C)(C)C)([O-])=O)CO/C=C\CCCCCCCCCCCCCC","1-(1-enyl-palmitoyl)-2-linoleoyl-GPC (P-16:0/18:2)*","1-(1-enyl-palmitoyl)-2-linoleoyl-GPC (P-16:0/18:2)*",NA,"hmdb:HMDB0011211","pubchem:24779386","chemspider:24767486","","","hmdb:HMDB0011211",NA,NA,NA,NA,"","PC P-16:0/18:2"
100009014,402,52689,165459,"Lipid","Plasmalogen",2814,"NAMED","IOYKZPNDXIIXLN-LOQSCQKMSA-N","[H][C@](OC(CCC/C=C\C/C=C\C/C=C\C/C=C\CCCCC)=O)(COP(OCC[N+](C)(C)C)([O-])=O)CO/C=C\CCCCCCCCCCCCCC","1-(1-enyl-palmitoyl)-2-arachidonoyl-GPC (P-16:0/20:4)*","1-(1-enyl-palmitoyl)-2-arachidonoyl-GPC (P-16:0/20:4)*",NA,"hmdb:HMDB0011220","","chemspider:24767495","","","hmdb:HMDB0011220",NA,NA,NA,NA,"","PC P-16:0/20:4"
100009025,402,52495,165187,"Lipid","Sphingomyelins",3125,"NAMED","YXSZOBWVQJIWNE-QVDCKBILSA-N","[H][C@](NC(CCCCCCCCCCCCCCCCCCCC)=O)(COP(OCC[N+](C)(C)C)([O-])=O)[C@@](O)([H])/C=C/CCCCCCCCCCCCC","sphingomyelin (d18:1/21:0, d17:1/22:0, d16:1/23:0)*","sphingomyelin (d18:1/21:0, d17:1/22:0, d16:1/23:0)*",NA,"hmdb:HMDB0240619,HMDB0240611,HMDB0240621","","","","","hmdb:HMDB0240619",NA,NA,NA,NA,"","SM 39:1;O2"
100009026,402,57331,210829,"Lipid","Dihydrosphingomyelins",3101,"NAMED","FONAXCRWZQFJHY-JCGOJSMZSA-N","[H][C@](NC(CCCCCCCCCCCCCCCCCCCCC)=O)(COP(OCC[N+](C)(C)C)([O-])=O)[C@@](O)([H])CCCCCCCCCCCCCCC","behenoyl dihydrosphingomyelin (d18:0/22:0)*","behenoyl dihydrosphingomyelin (d18:0/22:0)*",NA,"hmdb:HMDB0012091","pubchem:44260132","chemspider:24846880","","","hmdb:HMDB0012091",NA,NA,NA,NA,"","SM 18:0;O2/22:0"
100009027,402,57473,211136,"Lipid","Dihydrosphingomyelins",3102,"NAMED","JCELSEVNSMXGKA-IOLBBIBUSA-N","[H][C@](NC(CCCCCCCCCCCCCCCCC)=O)(COP(OCC[N+](C)(C)C)([O-])=O)[C@@](O)([H])CCCCCCCCCCCCCCC","sphingomyelin (d18:0/18:0, d19:0/17:0)*","sphingomyelin (d18:0/18:0, d19:0/17:0)*",NA,"hmdb:HMDB0012087","pubchem:44260130","chemspider:24846878","","","hmdb:HMDB0012087",NA,NA,NA,NA,"","SM 36:0;O2"
100009028,402,52604,165334,"Lipid","Dihydroceramides",3010,"NAMED","GCGTXOVNNFGTPQ-JHOUSYSJSA-N","[H][C@](NC(CCCCCCCCCCCCCCC)=O)(CO)[C@@](O)([H])CCCCCCCCCCCCCCC","N-palmitoyl-sphinganine (d18:0/16:0)","N-palmitoyl-sphinganine (d18:0/16:0)",NA,"hmdb:HMDB11760","pubchem:5283572","chemspider:4446685","","CAS:5966-29-0","hmdb:HMDB11760",NA,NA,NA,NA,"","Cer 18:0;O2/16:0"
100009030,402,53010,166340,"Lipid","Lactosylceramides (LCER)",3088,"NAMED","HLIJNIKSBCIDGO-QKLMXXKVSA-N","O=C(CCCCCCCCCCCCCCC)N[C@@]([C@]([H])(O)/C=C/CCCCCCCCCCCCC)([H])CO[C@H](O1)[C@H](O)[C@@H](O)[C@@H]([C@H]1CO)O[C@H](O2)[C@H](O)[C@@H](O)[C@H]([C@H]2CO)O","lactosyl-N-palmitoyl-sphingosine (d18:1/16:0)","lactosyl-N-palmitoyl-sphingosine (d18:1/16:0)",NA,"hmdb:HMDB0006750","pubchem:53477895","","","CAS:4201-62-1","hmdb:HMDB0006750",NA,NA,NA,NA,"","LacCer 18:1;O2/16:0"
100009034,402,54745,207413,"Xenobiotics","Drug - Respiratory",5935,"NAMED","ZKLPARSLTMPFCP-UHFFFAOYSA-N","ClC1=CC=C(C=C1)C(C2=CC=CC=C2)N3CCN(CCOCC(O)=O)CC3","cetirizine","cetirizine",NA,"hmdb:HMDB0005032","pubchem:2678","chemspider:2577","kegg:C07778","CAS:83881-51-0","hmdb:HMDB0005032",NA,NA,NA,NA,"","Cetirizine"
100009038,402,57365,210891,"Lipid","Dihydrosphingomyelins",3099,"NAMED","MJAFYELZQYPMQG-MPQUPPDSSA-N","[H][C@](NC(CCCCCCCCCCCCC)=O)(COP(OCC[N+](C)(C)C)([O-])=O)[C@@](O)([H])CCCCCCCCCCCCCCC","myristoyl dihydrosphingomyelin (d18:0/14:0)*","myristoyl dihydrosphingomyelin (d18:0/14:0)*",NA,"hmdb:HMDB0012085","pubchem:44260138","chemspider:24846886","","","hmdb:HMDB0012085",NA,NA,NA,NA,"","SM 18:0;O2/14:0"
100009042,209,52914,166012,"Amino Acid","Tryptophan Metabolism",320,"NAMED","YJRFFCVUYDRNTR-UHFFFAOYSA-N","OS(OC1=CC=C2C(C=CN2)=C1)(=O)=O","5-hydroxyindole sulfate","5-hydroxyindole sulfate",NA,"","","","","","",NA,NA,NA,NA,"",NA
100009045,209,52925,166034,"Peptide","Acetylated Peptides",1186,"NAMED","PTSRBZOZSRJCKX-JTQLQIEISA-N","O=C(N[C@H](C(O)=O)CCC(O)=O)CC1=CC=CC=C1","phenylacetylglutamate","phenylacetylglutamate",NA,"hmdb:HMDB0059772","pubchem:11579826","chemspider:9754592","","","hmdb:HMDB0059772",NA,NA,NA,NA,"","N-Phenylacetylglutamic acid"
100009066,402,52669,208075,"Lipid","Phosphatidylinositol (PI)",2535,"NAMED","PDLAMJKMOKWLAJ-KTBSNPQYSA-N","O=C(CCCCCCCCCCCCCCC)OC[C@@]([H])(OC(CCCCCCC/C=C\CCCCCCCC)=O)COP(O[C@H]1[C@H](O)[C@@H](O)[C@H](O)[C@@H](O)[C@H]1O)(O)=O","1-palmitoyl-2-oleoyl-GPI (16:0/18:1)*","1-palmitoyl-2-oleoyl-GPI (16:0/18:1)*",NA,"hmdb:HMDB0009783","pubchem:71296232","chemspider:24767668","","","hmdb:HMDB0009783",NA,NA,NA,NA,"","PI 16:0/18:1"
100009069,402,52677,165443,"Lipid","Plasmalogen",2802,"NAMED","LJVXDBWIBQQKFU-CCJYEBHUSA-N","[H][C@](OC(CCCCCCC/C=C\C/C=C\CCCCC)=O)(COP(OCCN)(O)=O)CO/C=C\CCCCCCCCCCCCCC","1-(1-enyl-palmitoyl)-2-linoleoyl-GPE (P-16:0/18:2)*","1-(1-enyl-palmitoyl)-2-linoleoyl-GPE (P-16:0/18:2)*",NA,"hmdb:HMDB0011343","pubchem:52925127","chemspider:24769229","","","hmdb:HMDB0011343",NA,NA,NA,NA,"","PE P-16:0/18:2"
100009078,402,52687,165457,"Lipid","Phosphatidylethanolamine (PE)",2445,"NAMED","GKAFCSRKMWFPSJ-RJXNKANHSA-N","O=C(CCCCCCC/C=C\CCCCCCCC)OC[C@]([H])(COP(OCCN)(O)=O)OC(CCCCCCC/C=C\C/C=C\CCCCC)=O","1-oleoyl-2-linoleoyl-GPE (18:1/18:2)*","1-oleoyl-2-linoleoyl-GPE (18:1/18:2)*",NA,"hmdb:HMDB0005349","pubchem:9546753","chemspider:7825703","","","hmdb:HMDB0005349",NA,NA,NA,NA,"","PE 18:1/18:2"
100009130,402,52697,165470,"Lipid","Phosphatidylcholine (PC)",2359,"NAMED","FPEVDFOXMCHLKL-KFDYCXSYSA-N","O=C(CCCCCCC/C=C\CCCCCCCC)OC[C@]([H])(COP(OCC[N+](C)(C)C)([O-])=O)OC(CC/C=C\C/C=C\C/C=C\C/C=C\C/C=C\C/C=C\CC)=O","1-oleoyl-2-docosahexaenoyl-GPC (18:1/22:6)*","1-oleoyl-2-docosahexaenoyl-GPC (18:1/22:6)*",NA,"hmdb:HMDB0008123","pubchem:24778955","chemspider:24766785","","","hmdb:HMDB0008123",NA,NA,NA,NA,"","PC 18:1/22:6"
100009131,402,52710,165488,"Lipid","Phosphatidylcholine (PC)",2366,"NAMED","ZZSZQATYGVHNLZ-PUMLCSCDSA-N","O=C(CCCCCCC/C=C\C/C=C\CCCCC)OC[C@]([H])(COP(OCC[N+](C)(C)C)([O-])=O)OC(CCC/C=C\C/C=C\C/C=C\C/C=C\CCCCC)=O","1-linoleoyl-2-arachidonoyl-GPC (18:2/20:4n6)*","1-linoleoyl-2-arachidonoyl-GPC (18:2/20:4n6)*",NA,"hmdb:HMDB0008147","pubchem:24778979","chemspider:24766809","kegg:C05208","","hmdb:HMDB0008147",NA,NA,NA,NA,"","PC 18:2/20:4"
100009139,402,53195,166625,"Lipid","Phosphatidylcholine (PC)",2267,"NAMED","SRQSAJRUMDQMMS-NLDJLLEISA-N","O=C(CCCCCCCCCCCCC)OC[C@]([H])(COP(OCC[N+](C)(C)C)([O-])=O)OC(CCC/C=C\C/C=C\C/C=C\C/C=C\CCCCC)=O","1-myristoyl-2-arachidonoyl-GPC (14:0/20:4)*","1-myristoyl-2-arachidonoyl-GPC (14:0/20:4)*",NA,"hmdb:HMDB0007883","pubchem:24778634","chemspider:24766559","","","hmdb:HMDB0007883",NA,NA,NA,NA,"","PC 14:0/20:4"
100009160,402,52713,165492,"Lipid","Plasmalogen",2804,"NAMED","FZMYLOBGNYZPQO-QLSONYGBSA-N","[H][C@](OC(CCCCCCC/C=C\CCCCCC)=O)(COP(OCC[N+](C)(C)C)([O-])=O)CO/C=C\CCCCCCCCCCCCCC","1-(1-enyl-palmitoyl)-2-palmitoleoyl-GPC (P-16:0/16:1)*","1-(1-enyl-palmitoyl)-2-palmitoleoyl-GPC (P-16:0/16:1)*",NA,"hmdb:HMDB0011207","pubchem:52923882","chemspider:24767482","","","hmdb:HMDB0011207",NA,NA,NA,NA,"","PC P-16:0/16:1"
100009162,402,52716,165495,"Lipid","Plasmalogen",2803,"NAMED","PEWXKAOBUSBJLD-MCBGMKGZSA-N","[H][C@](OC(CCCCCCCCCCCCCCC)=O)(COP(OCC[N+](C)(C)C)([O-])=O)CO/C=C\CCCCCCCCCCCCCC","1-(1-enyl-palmitoyl)-2-palmitoyl-GPC (P-16:0/16:0)*","1-(1-enyl-palmitoyl)-2-palmitoyl-GPC (P-16:0/16:0)*",NA,"hmdb:HMDB0011206","pubchem:11146967","chemspider:9322076","","","hmdb:HMDB0011206",NA,NA,NA,NA,"","PC P-16:0/16:0"
100009181,402,52726,210892,"Lipid","Phosphatidylinositol (PI)",2543,"NAMED","YOBFISPJJWPPTK-BAAZTTAESA-N","O=C(CCCCCCCCCCCCCCCCC)OC[C@@]([H])(OC(CCCCCCC/C=C\CCCCCCCC)=O)COP(O[C@H]1[C@H](O)[C@@H](O)[C@H](O)[C@@H](O)[C@H]1O)(O)=O","1-stearoyl-2-oleoyl-GPI (18:0/18:1)*","1-stearoyl-2-oleoyl-GPI (18:0/18:1)*",NA,"hmdb:HMDB0240667","","","","","hmdb:HMDB0240667",NA,NA,NA,NA,"","PI 18:0/18:1"
100009204,402,57341,210842,"Lipid","Phosphatidylethanolamine (PE)",2405,"NAMED","SLKDGVPOSSLUAI-PGUFJCEWSA-N","O=C(CCCCCCCCCCCCCCC)OC[C@]([H])(COP(OCCN)(O)=O)OC(CCCCCCCCCCCCCCC)=O","1,2-dipalmitoyl-GPE (16:0/16:0)*","1,2-dipalmitoyl-GPE (16:0/16:0)*",NA,"hmdb:HMDB0008923","pubchem:445468","chemspider:393103","","","hmdb:HMDB0008923",NA,NA,NA,NA,"","PE 16:0/16:0"
100009205,402,57388,210931,"Lipid","Phosphatidylethanolamine (PE)",2408,"NAMED","RPJZYOHZALDGKI-DIPNUNPCSA-N","O=C(CCCCCCCCCCCCCCC)OC[C@]([H])(COP(OCCN)(O)=O)OC(CCCCCCCCCCCCCCCCC)=O","1-palmitoyl-2-stearoyl-GPE (16:0/18:0)*","1-palmitoyl-2-stearoyl-GPE (16:0/18:0)*",NA,"hmdb:HMDB08925","pubchem:5326793","chemspider:4484107","","","hmdb:HMDB08925",NA,NA,NA,NA,"","PE 16:0/18:0"
100009217,402,53174,166599,"Lipid","Phosphatidylethanolamine (PE)",2453,"NAMED","SSCDRSKJTAQNNB-DWEQTYCFSA-N","O=C(CCCCCCC/C=C\C/C=C\CCCCC)OC[C@]([H])(COP(OCCN)(O)=O)OC(CCCCCCC/C=C\C/C=C\CCCCC)=O","1,2-dilinoleoyl-GPE (18:2/18:2)*","1,2-dilinoleoyl-GPE (18:2/18:2)*",NA,"hmdb:HMDB0009093","pubchem:9546812","chemspider:7825762","","","hmdb:HMDB0009093",NA,NA,NA,NA,"","PE 18:2/18:2"
100009219,402,55041,210837,"Lipid","Phosphatidylethanolamine (PE)",2448,"NAMED","PECSWFQRRFRZPW-BHPGJWMBSA-N","O=C(CCCCCCC/C=C\CCCCCCCC)OC[C@]([H])(COP(OCCN)(O)=O)OC(CCC/C=C\C/C=C\C/C=C\C/C=C\CCCCC)=O","1-oleoyl-2-arachidonoyl-GPE (18:1/20:4)*","1-oleoyl-2-arachidonoyl-GPE (18:1/20:4)*",NA,"hmdb:HMDB0009069","pubchem:348281223","chemspider:24768534","","","hmdb:HMDB0009069",NA,NA,NA,NA,"","PE 18:1/20:4"
100009225,402,52748,165539,"Lipid","Plasmalogen",2811,"NAMED","XVXISDREVDGQPX-PISDLAQISA-N","[H][C@](OC(CCCCCCC/C=C\C/C=C\CCCCC)=O)(COP(OCCN)(O)=O)CO/C=C\CCCCCCCCCCCCCCCC","1-(1-enyl-stearoyl)-2-linoleoyl-GPE (P-18:0/18:2)*","1-(1-enyl-stearoyl)-2-linoleoyl-GPE (P-18:0/18:2)*",NA,"hmdb:HMDB0011376","","chemspider:24769261","","","hmdb:HMDB0011376",NA,NA,NA,NA,"","PE P-18:0/18:2"
100009227,209,54885,207774,"Lipid","Lysophospholipid",2716,"NAMED","VEEHTGYBVMTAAF-RFFZIGDUSA-N","[H][C@@](CO)(O)COP(OC[C@]([H])(O)COC(CCCCCCC/C=C\C/C=C\CCCCC)=O)(O)=O","1-linoleoyl-GPG (18:2)*","1-linoleoyl-GPG (18:2)*",NA,"hmdb:HMDB0240600","","","","","hmdb:HMDB0240600",NA,NA,NA,NA,"","LPG 18:2/0:0"
100009232,400,53231,179281,"Xenobiotics","Chemical",6240,"NAMED","DZLNHFMRPBPULJ-VKHMYHEASA-N","O=C(O)[C@]1(NCSC1)[H]","thioproline","thioproline",NA,"hmdb:HMDB0062164","pubchem:93176","chemspider:84120","","CAS:34592-47-4","hmdb:HMDB0062164",NA,NA,NA,NA,"","Thioproline"
100009233,402,52944,166270,"Lipid","Fatty Acid Metabolism (Acyl Choline)",1944,"NAMED","UFQZDKMTMXCDBP-UHFFFAOYSA-N","C[N+](C)(C)CCOC(CCCCCCCCCCCCCC[CH2-])=O","palmitoylcholine","palmitoylcholine",NA,"hmdb:HMDB0240592","pubchem:151731","chemspider:133731","","","hmdb:HMDB0240592",NA,NA,NA,NA,"","Palmitoylcholine"
100009241,209,54736,207593,"Peptide","Acetylated Peptides",1194,"NAMED","OZQCZEAFOVHVSC-UHFFFAOYSA-N","CSCCC(NC(CC1=CC=CC=C1)=O)C(O)=O","phenylacetylmethionine","phenylacetylmethionine",NA,"","","chemspider:11427585","","","chemspider:11427585",NA,NA,NA,NA,"","Phenylacetylmethionine"
100009246,400,53229,179277,"Amino Acid","Glycine, Serine and Threonine Metabolism",16,"NAMED","CDUUKBXTEOFITR-UHFFFAOYSA-N","OCC(N)(C)C(O)=O","2-methylserine","2-methylserine",NA,"","pubchem:94309","chemspider:85112","kegg:C02115","","pubchem:94309",NA,NA,NA,NA,"","2-Methylserine"
100009252,209,54742,207599,"Xenobiotics","Drug - Antiinflammatory, Immunosuppressant",5592,"NAMED","OIGNJSKKLXVSLS-VWUMJDOOSA-N","C[C@]12C[C@H](O)[C@H]3[C@@H](CCC4=CC(C=C[C@]34C)=O)[C@@H]1CC[C@]2(O)C(CO)=O","prednisolone","prednisolone",NA,"hmdb:HMDB0014998","pubchem:5755","chemspider:5552","kegg:D00472,C07369","","hmdb:HMDB0014998",NA,NA,NA,NA,"","Prednisolone"
100009253,209,54800,207693,"Xenobiotics","Drug - Antiinflammatory, Immunosuppressant",5584,"NAMED","HPNSFSBZBAHARI-RUDMXATFSA-N","Cc1c(OC)c(C/C=C(CCC(O)=O)\C)c(O)c2c1COC2=O","mycophenolic acid","mycophenolic acid",NA,"hmdb:HMDB0015159","pubchem:446541","chemspider:393865","kegg:C20380","CAS:24280-93-1","hmdb:HMDB0015159",NA,NA,NA,NA,"","Mycophenolic acid"
100009254,305,54792,207395,"Xenobiotics","Drug - Antiinflammatory, Immunosuppressant",5585,"NAMED","BYFGTSAYQQIUCN-HGIHDBQLSA-N","O[C@H]([C@@H](O)[C@@H]1O)[C@@H](O[C@@H]1C(O)=O)OC(C(C2=O)=C(CO2)C(C)=C3OC)=C3C/C=C(C)/CCC(O)=O","mycophenolic acid glucuronide","mycophenolic acid glucuronide",NA,"hmdb:HMDB0060634","pubchem:6442661","chemspider:4946725","","","hmdb:HMDB0060634",NA,NA,NA,NA,"","Mycophenolic acid glucuronide"
100009259,209,52977,166130,"Lipid","Primary Bile Acid Metabolism",3476,"NAMED","BWWWIHHYPYDOJQ-ICKMJTCPSA-N","O[C@H]1CC2[C@]3(CC[C@H](CC3C[C@H](C2C4CCC([C@@]14C)[C@@H](CCC(NCC(O)=O)=O)C)O)OC5C(C(C(C(O5)C(O)=O)O)O)O)C","glycocholate glucuronide (1)","glycocholate glucuronide (1)",NA,"","pubchem:44263357","","","","pubchem:44263357",NA,NA,NA,NA,"","Glycocholic acid glucuronide"
100009264,209,52983,166140,"Lipid","Primary Bile Acid Metabolism",3473,"NAMED","ABFZMYIIUREPLL-ASWJIRIHSA-N","O[C@H]1[C@@]2([C@@]([H])([C@]3(CC[C@H](C[C@]3(C1)[H])O[C@H]4[C@@H]([C@H]([C@@H]([C@H](O4)C(O)=O)O)O)O)C)CC[C@]5([C@]2(CC[C@@H]5[C@@H](CCC(NCC(O)=O)=O)C)[H])C)[H]","glycochenodeoxycholate glucuronide (1)","glycochenodeoxycholate glucuronide (1)",NA,"hmdb:HMDB0002579","pubchem:44263370","","","","hmdb:HMDB0002579",NA,NA,NA,NA,"","Glycochenodeoxycholic acid 3-glucuronide"
100009271,400,52984,166220,"Lipid","Fatty Acid Metabolism (Acyl Carnitine, Hydroxy)",1921,"NAMED","UEFRDQSMQXDWTO-UHFFFAOYSA-N","CC(O)CC(OC(C[N+](C)(C)C)CC([O-])=O)=O","(S)-3-hydroxybutyrylcarnitine","(S)-3-hydroxybutyrylcarnitine",NA,"hmdb:HMDB0013127","pubchem:71464477","","","","hmdb:HMDB0013127",NA,NA,NA,NA,"","CAR 4:0;3OH"
100009272,402,53013,166346,"Lipid","Hexosylceramides (HCER)",3058,"NAMED","VJLLLMIZEJJZTE-NNTBDIJYSA-N","[H][C@](O)([C@@](NC(CCCCCCCCCCCCCCC)=O)(CO[C@@H]1O[C@H](CO)[C@@H](O)[C@H](O)[C@H]1O)[H])/C=C/CCCCCCCCCCCCC","glycosyl-N-palmitoyl-sphingosine (d18:1/16:0)","glycosyl-N-palmitoyl-sphingosine (d18:1/16:0)",NA,"","","","","","",NA,NA,NA,NA,"","HexCer 18:1;O2/16:0"
100009275,400,53031,166248,"Amino Acid","Leucine, Isoleucine and Valine Metabolism",411,"NAMED","GFWWWKVGRZVWDS-UHFFFAOYSA-N","[O-]C(CC(C[N+](C)(C)C)OC(CC(C(O)=O)C)=O)=O","methylsuccinoylcarnitine","methylsuccinoylcarnitine",NA,"","","","","","",NA,NA,NA,NA,"",NA
100009326,209,53243,179153,"Amino Acid","Tyrosine Metabolism",237,"NAMED","ICPYZFZFSLTYID-GOVZDWNOSA-N","O[C@H]([C@@H](O)[C@@H]1O)[C@@H](O[C@@H]1C(O)=O)OC(C=CC=C2)=C2O","catechol glucuronide","catechol glucuronide",NA,"hmdb:HMDB0240490","pubchem:75124209","","","","hmdb:HMDB0240490",NA,NA,NA,NA,"","Catechol glucuronide"
100009327,209,53240,179147,"Xenobiotics","Drug - Antibiotic",5493,"NAMED","JLKIGFTWXXRPMT-UHFFFAOYSA-N","O=S(NC1=NOC(C)=C1)(C(C=C2)=CC=C2N)=O","sulfamethoxazole","sulfamethoxazole",NA,"hmdb:HMDB0015150","pubchem:5329","chemspider:5138","kegg:D00447","","hmdb:HMDB0015150",NA,NA,NA,NA,"","Sulfamethoxazole"
100009328,209,54795,207689,"Xenobiotics","Food Component/Plant",5160,"NAMED","ZXQZXWJQZQBNQK-UHFFFAOYSA-N","OS(OC1=C(C)OC(C)C1=O)(=O)=O","furaneol sulfate","furaneol sulfate",NA,"","pubchem:59815364","","","","pubchem:59815364",NA,NA,NA,NA,"","Furaneol sulfate"
100009329,305,63590,222872,"Cofactors and Vitamins","Ascorbate and Aldarate Metabolism",4349,"NAMED","SKKZOYBAANIUOV-ZAFYKAAXSA-N","O[C@@H](CO)[C@@](C1=O)([H])OC(O)=C1OS(O)(=O)=O","ascorbic acid 2-sulfate","ascorbic acid 2-sulfate",NA,"hmdb:HMDB0060649","pubchem:54676864","chemspider:77998","","","hmdb:HMDB0060649",NA,NA,NA,NA,"","Ascorbic acid 2-sulfate"
100009331,402,53260,179345,"Lipid","Fatty Acid Metabolism (Acyl Choline)",1945,"NAMED","GFSSJDJAEKYAGX-UHFFFAOYSA-N","O=C(CCCCCCC/[C-]=C/CCCCCCCC)OCC[N+](C)(C)C","oleoylcholine","oleoylcholine",NA,"hmdb:HMDB0240596","pubchem:59040790","","","","hmdb:HMDB0240596",NA,NA,NA,NA,"","Oleoylcholine"
100009332,402,53261,179347,"Lipid","Fatty Acid Metabolism (Acyl Choline)",1953,"NAMED","XUWOVXDQNYUPNL-WYTUUNCASA-N","O=C(CCC/[C-]=C/C/C=C/C/C=C/C/C=C/CCCCC)OCC[N+](C)(C)C","arachidonoylcholine","arachidonoylcholine",NA,"hmdb:HMDB0240583","pubchem:122198216","","","","hmdb:HMDB0240583",NA,NA,NA,NA,"","Arachidonoylcholine"
100009333,402,53263,179351,"Lipid","Fatty Acid Metabolism (Acyl Choline)",1952,"NAMED","OKLWSURGMYZXCS-GUTOPQIJSA-N","O=C(CC/C=[C-]/C/C=C/C/C=C/C/C=C/C/C=C/C/C=C/CC)OCC[N+](C)(C)C","docosahexaenoylcholine","docosahexaenoylcholine",NA,"hmdb:HMDB0240647","","","","","hmdb:HMDB0240647",NA,NA,NA,NA,"","Docosahexaenoylcholine"
100009334,402,53257,179341,"Lipid","Fatty Acid Metabolism (Acyl Choline)",1946,"NAMED","CLIZBTUFRKKPFA-UHFFFAOYSA-N","O=C(CCCCCCC/[C-]=C/CCCCCC)OCC[N+](C)(C)C","palmitoloelycholine","palmitoloelycholine",NA,"hmdb:HMDB0013208","","","","","hmdb:HMDB0013208",NA,NA,NA,NA,"",NA
100009335,402,53262,179349,"Lipid","Fatty Acid Metabolism (Acyl Choline)",1948,"NAMED","FRBBZHFNTVMXIH-OKLKQMLOSA-N","O=C(CCCCCC/C=[C-]/C/C=C/C/C=C/CCCCC)OCC[N+](C)(C)C","dihomo-linolenoyl-choline","dihomo-linolenoyl-choline",NA,"hmdb:HMDB0240646","","","","","hmdb:HMDB0240646",NA,NA,NA,NA,"","Dihomo-gamma-linolenoylcholine"
100009336,402,53258,179343,"Lipid","Fatty Acid Metabolism (Acyl Choline)",1954,"NAMED","AVBRNEQAXKXDAZ-CGRWFSSPSA-N","O=C(CCC/[C-]=C/C/C=C/C/C=C/C/C=C/C/C=C/CC)OCC[N+](C)(C)C","eicosapentaenoylcholine","eicosapentaenoylcholine",NA,"","","","","","hmdb:HMDB0240649",NA,NA,NA,NA,"","Eicosapentaenoylcholine"
100009337,305,53254,179431,"Xenobiotics","Food Component/Plant",5204,"NAMED","SNVAIAITQIIEMQ-DUXPYHPUSA-N","OS(OC1=CC=C(C=C1O)/C=C/C(O)=O)(=O)=O","caffeic acid sulfate","caffeic acid sulfate",NA,"hmdb:HMDB0041708","pubchem:21668705","chemspider:30777608","","","hmdb:HMDB0041708",NA,NA,NA,NA,"","Caffeic acid sulfate"
100009343,402,53176,166602,"Lipid","Phosphatidylcholine (PC)",2361,"NAMED","HZGAVPNEGHQJID-UNBCHYIMSA-N","O=C(CCCCCCC/C=C\C/C=C\CCCCC)OC[C@]([H])(COP(OCC[N+](C)(C)C)([O-])=O)OC(CCCCCCC/C=C\C/C=C\C/C=C\CC)=O","1-linoleoyl-2-linolenoyl-GPC (18:2/18:3)*","1-linoleoyl-2-linolenoyl-GPC (18:2/18:3)*",NA,"hmdb:HMDB0008141","pubchem:52922731","chemspider:24766802","","","hmdb:HMDB0008141",NA,NA,NA,NA,"","PC 18:2/18:3"
100009345,402,53180,166609,"Lipid","Phosphatidylcholine (PC)",2311,"NAMED","MMUCLZZSNHBNFL-KBTBXKTRSA-N","O=C(CCCCCCC/C=C\CCCCCC)OC[C@]([H])(COP(OCC[N+](C)(C)C)([O-])=O)OC(CCCCCCC/C=C\C/C=C\C/C=C\CC)=O","1-palmitoleoyl-2-linolenoyl-GPC (16:1/18:3)*","1-palmitoleoyl-2-linolenoyl-GPC (16:1/18:3)*",NA,"hmdb:HMDB0008008","pubchem:52922452","chemspider:24766677","","","hmdb:HMDB0008008",NA,NA,NA,NA,"","PC 16:1/18:3"
100009389,209,54787,207675,"Xenobiotics","Drug - Cardiovascular",5704,"NAMED","RLAWWYSOJDYHDC-UHFFFAOYSA-N","O=C(O)C(NC(CCCCN)C(N1C(C(O)=O)CCC1)=O)CCC2=CC=CC=C2","lisinopril","lisinopril",NA,"hmdb:HMDB0001938","pubchem:5362119","chemspider:3800","kegg:DG00336,D00362","CAS:76547-98-3","hmdb:HMDB0001938",NA,NA,NA,NA,"","Lisinopril"
100009390,400,54762,207493,"Xenobiotics","Drug - Neurological",5831,"NAMED","PYZRQGJRPPTADH-UHFFFAOYSA-N","NC1=NN=C(C2=C(Cl)C(Cl)=CC=C2)C(N)=N1","lamotrigine","lamotrigine",NA,"hmdb:HMDB0014695","pubchem:3878","chemspider:3741","kegg:D00354","","hmdb:HMDB0014695",NA,NA,NA,NA,"","Lamotrigine"
100009394,209,57652,212703,"Lipid","Long Chain Polyunsaturated Fatty Acid (n3 and n6)",1567,"NAMED","WPJGPAAPSBVXNU-HZJYTTRNSA-N","CCCCC/C=C\C/C=C\CCCCCC(O)=O","hexadecadienoate (16:2n6)","hexadecadienoate (16:2n6)",NA,"hmdb:HMDB0000477","pubchem:13932172","chemspider:13628094","","CAS:28290-73-5","hmdb:HMDB0000477",NA,NA,NA,NA,"","7Z,10Z-Hexadecadienoic acid"
100009406,402,53223,178791,"Lipid","Fatty Acid Metabolism (Acyl Carnitine, Monounsaturated)",1886,"NAMED","JFAGPSOZZSTLRF-KHPPLWFESA-N","O=C(OC(CC([O-])=O)C[N+](C)(C)C)CCCCCCC/C=C\CCCCCC","palmitoleoylcarnitine (C16:1)*","palmitoleoylcarnitine (C16:1)*",NA,"hmdb:HMDB0013207","pubchem:71464547","chemspider:28639183","","","hmdb:HMDB0013207",NA,NA,NA,NA,"","CAR 16:1"
100009407,400,53224,178792,"Lipid","Fatty Acid Metabolism (Acyl Carnitine, Dicarboxylate)",1915,"NAMED","NTBUXPPQHCFLOM-UHFFFAOYSA-N","[O-]C(CC(C[N+](C)(C)C)OC(CCCCCC(O)=O)=O)=O","pimeloylcarnitine/3-methyladipoylcarnitine (C7-DC)","pimeloylcarnitine/3-methyladipoylcarnitine (C7-DC)",NA,"","","","","","",NA,NA,NA,NA,"","CAR DC7:0"
100009413,209,57585,212142,"Xenobiotics","Chemical",6239,"NAMED","QCXJEYYXVJIFCE-UHFFFAOYSA-N","CC(NC1=CC=C(C(O)=O)C=C1)=O","4-acetamidobenzoate","4-acetamidobenzoate",NA,"","pubchem:6918889","chemspider:18177","kegg:D03836","CAS:556-08-1","pubchem:6918889",NA,NA,NA,NA,"","4-Acetamidobenzoic acid"
100010863,209,54917,208304,"Amino Acid","Tryptophan Metabolism",306,"NAMED","WPZHLFMFBBIAFZ-UHFFFAOYSA-N","O=C(NCC(O)=O)CCC1=CNC2=C1C=CC=C2","indolepropionylglycine","indolepropionylglycine",NA,"","pubchem:129691959","chemspider:5990843","","","pubchem:129691959",NA,NA,NA,NA,"","Indolepropionylglycine"
100010869,209,57547,212076,"Amino Acid","Leucine, Isoleucine and Valine Metabolism",429,"NAMED","AOWPAWLEXIYETE-UHFFFAOYSA-N","OC(C)(C(O)=O)C(C)O","2,3-dihydroxy-2-methylbutyrate","2,3-dihydroxy-2-methylbutyrate",NA,"hmdb:HMDB0029576","pubchem:301941","chemspider:266858","","CAS:14868-24-7","hmdb:HMDB0029576",NA,NA,NA,NA,"","2,3-Dihydroxy-2-methylbutanoic acid"
100010871,209,54809,207709,"Xenobiotics","Drug - Analgesics, Anesthetics",5390,"NAMED","DJEGXIBXYHERSU-UHFFFAOYSA-N","NC1=CC=C(OS(O)(=O)=O)C=C1","4-aminophenol sulfate (2)","4-aminophenol sulfate (2)",NA,"","","","","","",NA,NA,NA,NA,"",NA
100010895,400,57554,211532,"Nucleotide","Pyrimidine Metabolism, Cytidine containing",4265,"NAMED","RFCQJGFZUQFYRF-ZOQUXTDFSA-N","O=C1N(C=CC(N)=N1)[C@@H]([C@H](OC)[C@@H]2O)O[C@@H]2CO","2'-O-methylcytidine","2'-O-methylcytidine",NA,"","pubchem:150971","chemspider:133067","","CAS:2140-72-9","pubchem:150971",NA,NA,NA,NA,"","2'-O-Methylcytidine"
100010896,209,57655,212709,"Nucleotide","Pyrimidine Metabolism, Uracil containing",4224,"NAMED","SXUXMRMBWZCMEN-ZOQUXTDFSA-N","CO[C@@H]1[C@@H]([C@H](O[C@H]1N2C=CC(NC2=O)=O)CO)O","2'-O-methyluridine","2'-O-methyluridine",NA,"hmdb:HMDB0240328","pubchem:102212","chemspider:92343","","CAS:2140-76-3","hmdb:HMDB0240328",NA,NA,NA,NA,"","2'-O-Methyluridine"
100010899,209,54915,208300,"Peptide","Acetylated Peptides",1198,"NAMED","ZTAVORUYXADUPD-UHFFFAOYSA-N","O=C(NC(C(C)O)C(O)=O)CC1=CC=CC=C1","phenylacetylthreonine","phenylacetylthreonine",NA,"","","chemspider:13598066","","","chemspider:13598066",NA,NA,NA,NA,"",NA
100010901,400,55015,208464,"Peptide","Gamma-glutamyl Amino Acid",640,"NAMED","LNLLNTMHVMIMOG-YUMQZZPRSA-N","O=C(N[C@@H](CCCCN)C(O)=O)CC[C@H](N)C(O)=O","gamma-glutamyl-alpha-lysine","gamma-glutamyl-alpha-lysine",NA,"","pubchem:65254","chemspider:58747","","","pubchem:65254",NA,NA,NA,NA,"","gamma-Glutamyllysine"
100010912,209,54936,208340,"Xenobiotics","Food Component/Plant",4903,"NAMED","CLGNQAIRBLDHIN-HWKANZROSA-N","OC1=CC=C(C=C1OC)/C=C/C(NCC(O)=O)=O","ferulylglycine (1)","ferulylglycine (1)",NA,"","","","","","",NA,NA,NA,NA,"",NA
100010913,209,54937,208342,"Xenobiotics","Food Component/Plant",4904,"NAMED","CLGNQAIRBLDHIN-HWKANZROSA-N","OC1=CC=C(/C=C/C(NCC(O)=O)=O)C=C1OC","ferulylglycine (2)","ferulylglycine (2)",NA,"","","","","","",NA,NA,NA,NA,"",NA
100010916,402,54943,208028,"Lipid","Diacylglycerol",2905,"NAMED","YEJYLHKQOBOSCP-OZKTZCCCSA-N","CCCCCCCC/C=C\CCCCCCCC(O[C@@H](CO)COC(CCCCCCCCCCCCCCC)=O)=O","palmitoyl-oleoyl-glycerol (16:0/18:1) [1]*","palmitoyl-oleoyl-glycerol (16:0/18:1) [1]*",NA,"hmdb:HMDB0007102","pubchem:5282283","","kegg:C13861","","hmdb:HMDB0007102",NA,NA,NA,NA,"","DG 16:0_18:1"
100010917,402,54942,208027,"Lipid","Diacylglycerol",2906,"NAMED","YEJYLHKQOBOSCP-OZKTZCCCSA-N","CCCCCCCC/C=C\CCCCCCCC(O[C@@H](CO)COC(CCCCCCCCCCCCCCC)=O)=O","palmitoyl-oleoyl-glycerol (16:0/18:1) [2]*","palmitoyl-oleoyl-glycerol (16:0/18:1) [2]*",NA,"hmdb:HMDB0007102","pubchem:5282283","","kegg:C13861","","hmdb:HMDB0007102",NA,NA,NA,NA,"","DG 16:0_18:1"
100010925,402,54958,208043,"Lipid","Diacylglycerol",2915,"NAMED","YJEMDFYSDGNQNM-KUKVZOPTSA-N","CCCCCCCCCCCCCCCC(OCC(CO)OC(CCC/C=C/C/C=C/C/C=C/C/C=C/CCCCC)=O)=O","palmitoyl-arachidonoyl-glycerol (16:0/20:4) [2]*","palmitoyl-arachidonoyl-glycerol (16:0/20:4) [2]*",NA,"hmdb:HMDB0007112","pubchem:9543736","","","","hmdb:HMDB0007112",NA,NA,NA,NA,"","DG 16:0_20:4"
100010930,402,54967,208052,"Lipid","Diacylglycerol",2912,"NAMED","BHGPPCIWDXQOMA-HZFIRFLSSA-N","CCCCCC/C=C/CCCCCCCC(OCC(OC(CCCCCCC/C=C/C/C=C/CCCCC)=O)CO)=O","palmitoleoyl-linoleoyl-glycerol (16:1/18:2) [1]*","palmitoleoyl-linoleoyl-glycerol (16:1/18:2) [1]*",NA,"hmdb:HMDB0007132","pubchem:9543699","","","","hmdb:HMDB0007132",NA,NA,NA,NA,"","DG 16:1_18:2"
100010936,402,54960,208045,"Lipid","Diacylglycerol",2940,"NAMED","LWXLWRXRJKMNLM-XBUMEPTLSA-N","CCCCCCCC/C=C/CCCCCCCC(OCC(OC(CCC/C=C/C/C=C/C/C=C/C/C=C/CCCCC)=O)CO)=O","oleoyl-arachidonoyl-glycerol (18:1/20:4) [1]*","oleoyl-arachidonoyl-glycerol (18:1/20:4) [1]*",NA,"hmdb:HMDB0007228","pubchem:9543786","","","","hmdb:HMDB0007228",NA,NA,NA,NA,"","DG 18:1_20:4"
100010937,402,54961,208046,"Lipid","Diacylglycerol",2941,"NAMED","LWXLWRXRJKMNLM-XBUMEPTLSA-N","CCCCCCCC/C=C/CCCCCCCC(OCC(OC(CCC/C=C/C/C=C/C/C=C/C/C=C/CCCCC)=O)CO)=O","oleoyl-arachidonoyl-glycerol (18:1/20:4) [2]*","oleoyl-arachidonoyl-glycerol (18:1/20:4) [2]*",NA,"hmdb:HMDB0007228","pubchem:9543786","","","","hmdb:HMDB0007228",NA,NA,NA,NA,"","DG 18:1_20:4"
100010940,402,54966,208051,"Lipid","Diacylglycerol",2890,"NAMED","BHGPPCIWDXQOMA-HZFIRFLSSA-N","CCCCCC/C=C/CCCCCCCC(OCC(OC(CCCCCCC/C=C/C/C=C/CCCCC)=O)CO)=O","diacylglycerol (16:1/18:2 [2], 16:0/18:3 [1])*","diacylglycerol (16:1/18:2 [2], 16:0/18:3 [1])*",NA,"","","","","","",NA,NA,NA,NA,"","DG 34:3"
100010949,402,57450,211104,"Lipid","Diacylglycerol",2938,"NAMED","NSXLMTYRMFVYNT-IOLLQWDPSA-N","CCCCCCCCCCCCCCCCCC(OCC(OC(CCC/C=C/C/C=C/C/C=C/C/C=C/CCCCC)=O)CO)=O","stearoyl-arachidonoyl-glycerol (18:0/20:4) [1]*","stearoyl-arachidonoyl-glycerol (18:0/20:4) [1]*",NA,"hmdb:HMDB0007170","pubchem:6438587","","kegg:C00165","","hmdb:HMDB0007170",NA,NA,NA,NA,"","DG 18:0_20:4"
100010950,402,57449,211103,"Lipid","Diacylglycerol",2939,"NAMED","NSXLMTYRMFVYNT-IOLLQWDPSA-N","CCCCCCCCCCCCCCCCCC(OCC(CO)OC(CCC/C=C/C/C=C/C/C=C/C/C=C/CCCCC)=O)=O","stearoyl-arachidonoyl-glycerol (18:0/20:4) [2]*","stearoyl-arachidonoyl-glycerol (18:0/20:4) [2]*",NA,"hmdb:HMDB0007170","pubchem:6438587","","","","hmdb:HMDB0007170",NA,NA,NA,NA,"","DG 18:0_20:4"
100010955,209,57564,212104,"Xenobiotics","Chemical",6191,"NAMED","YFSUTJLHUFNCNZ-UHFFFAOYSA-N","O=S(C(F)(F)C(F)(F)C(F)(F)C(F)(F)C(F)(F)C(F)(F)C(F)(F)C(F)(F)F)(O)=O","perfluorooctanesulfonate (PFOS)","perfluorooctanesulfonate (PFOS)",NA,"hmdb:HMDB0059586","pubchem:74483","chemspider:67068","kegg:C18142","CAS:1763-23-1","hmdb:HMDB0059586",NA,NA,NA,NA,"","Perfluorooctanesulfonic acid"
100015609,402,57416,211068,"Lipid","Ceramides",3032,"NAMED","XXWRZIYYFPIQHE-XPAOSYCESA-N","[H][C@](NC(CCCCCCCCCCCCCCC)=O)(CO)[C@@](O)([H])/C=C/CCCCCCCC/C=C\CCC","N-palmitoyl-sphingadienine (d18:2/16:0)*","N-palmitoyl-sphingadienine (d18:2/16:0)*",NA,"hmdb:HMDB0240686","","","","","hmdb:HMDB0240686",NA,NA,NA,NA,"","Cer 18:2;O2/16:0"
100015620,402,57370,210897,"Lipid","Lactosylceramides (LCER)",3092,"NAMED","MKOKWBRPIBQYJJ-WZBOJYASSA-N","[H][C@](NC(CCCCCCCCCCCCC/C=C\CCCCCCCC)=O)(CO[C@H]1[C@H](O)[C@@H](O)[C@H](O[C@H]2[C@H](O)[C@@H](O)[C@@H](O)[C@H](O2)CO)[C@H](O1)CO)[C@@](O)([H])/C=C/CCCCCCCCCCCCC","lactosyl-N-nervonoyl-sphingosine (d18:1/24:1)*","lactosyl-N-nervonoyl-sphingosine (d18:1/24:1)*",NA,"hmdb:HMDB0004872","","chemspider:24846896","","","hmdb:HMDB0004872",NA,NA,NA,NA,"","LacCer 18:1;O2/24:1"
100015623,402,57422,211075,"Lipid","Lactosylceramides (LCER)",3091,"NAMED","QYWVASPEUXEHSY-NNRNTGNWSA-N","[H][C@](NC(CCCCCCCCCCCCCCCCCCCCC)=O)(CO[C@H]1[C@H](O)[C@@H](O)[C@H](O[C@H]2[C@H](O)[C@@H](O)[C@@H](O)[C@H](O2)CO)[C@H](O1)CO)[C@@](O)([H])/C=C/CCCCCCCCCCCCC","lactosyl-N-behenoyl-sphingosine (d18:1/22:0)*","lactosyl-N-behenoyl-sphingosine (d18:1/22:0)*",NA,"hmdb:HMDB0011594","pubchem:44260143","chemspider:24846893","","","hmdb:HMDB0011594",NA,NA,NA,NA,"","LacCer 18:1;O2/22:0"
100015632,402,57417,211069,"Lipid","Ceramides",3033,"NAMED","LBBFOWQGVUEADU-CKGMUTLASA-N","CCCCCCCCCCCCCCCCCC(NC(C(O)/C=C/CCCCCCCC/C=C/CCC)CO)=O","N-stearoyl-sphingadienine (d18:2/18:0)*","N-stearoyl-sphingadienine (d18:2/18:0)*",NA,"hmdb:HMDB0240362","pubchem:132282053","","","","hmdb:HMDB0240362",NA,NA,NA,NA,"","Cer 18:2;O2/18:0"
100015637,209,57663,212725,"Lipid","Fatty Acid, Monohydroxy",1975,"NAMED","RPGJJWLCCOPDAZ-UHFFFAOYSA-N","CCCCCCCCCCCCCCCCCCCCC(O)C(O)=O","2-hydroxybehenate","2-hydroxybehenate",NA,"hmdb:HMDB0061660","pubchem:193484","chemspider:167899","","","hmdb:HMDB0061660",NA,NA,NA,NA,"","2-Hydroxy behenic acid"
100015640,209,57659,212717,"Lipid","Endocannabinoid",2199,"NAMED","BFVRFWIQTACAPT-KRWDZBQOSA-N","O=C(CCCCCCCCCCCCCCC)N([H])[C@H](C(O)=O)CO","N-palmitoylserine","N-palmitoylserine",NA,"","pubchem:6453686","chemspider:4956046","","CAS:58725-46-5,474943-14-1","pubchem:6453686",NA,NA,NA,NA,"","NA-Ser 16:0"
100015641,209,57664,212727,"Lipid","Endocannabinoid",2197,"NAMED","MBDKGXAMSZIDKF-KTKRTIGZSA-N","CCCCCCCC/C=C\CCCCCCCC(NC(C(O)=O)CO)=O","N-oleoylserine","N-oleoylserine",NA,"","pubchem:44190514","chemspider:21466990","","","pubchem:44190514",NA,NA,NA,NA,"","NA-Ser 18:1(9Z)"
100015643,402,57426,211079,"Lipid","Sphingolipid Synthesis",3003,"NAMED","KWDXKYNWAKMLKK-YQMRQDNGSA-N","OC(/C=C/CCCCCCCC/C=C\CCC)C(CO)N([H])[H]","sphingadienine","sphingadienine",NA,"","pubchem:6449795","chemspider:4952479","","CAS:25696-03-1","pubchem:6449795",NA,NA,NA,NA,"","Sphingadienine"
100015723,402,57428,211081,"Lipid","Sphingosines",3168,"NAMED","BTUSGZZCQZACPT-YYZTVXDQSA-N","OC[C@H](N)[C@H](O)/C=C/CCCCCCCCCCC","hexadecasphingosine (d16:1)*","hexadecasphingosine (d16:1)*",NA,"","pubchem:14767871","chemspider:28533427","","","pubchem:14767871",NA,NA,NA,NA,"","C16 Sphingosine"
100015731,402,57430,211083,"Lipid","Ceramides",3044,"NAMED","KXVLPPCAUYSNGY-BYCLXTJYSA-N","OC(/C=C/CCCCCCCCCCCC)C(CO)NC(CCCCCCCCCCCCCCC)=O","N-palmitoyl-heptadecasphingosine (d17:1/16:0)*","N-palmitoyl-heptadecasphingosine (d17:1/16:0)*",NA,"hmdb:HMDB0240685","","","","","hmdb:HMDB0240685",NA,NA,NA,NA,"",NA
100015735,402,57432,211086,"Lipid","Ceramides",3048,"NAMED","ZKRPGPZHULJLKJ-IMVLJIQESA-N","OC(/C=C/CCCCCCCCCCCCC)C(CO)NC(CCCCCCCCCCCCC)=O","ceramide (d18:1/14:0, d16:1/16:0)*","ceramide (d18:1/14:0, d16:1/16:0)*",NA,"hmdb:HMDB0240681,HMDB0011773","","","","","hmdb:HMDB0240681",NA,NA,NA,NA,"",NA
100015737,402,57434,211088,"Lipid","Ceramides",3049,"NAMED","ICWGMOFDULMCFL-SJCQXOIGSA-N","OC(/C=C/CCCCCCCCCCCCC)C(CO)NC(CCCCCCCCCCCCCCCC)=O","ceramide (d18:1/17:0, d17:1/18:0)*","ceramide (d18:1/17:0, d17:1/18:0)*",NA,"hmdb:HMDB0240683,HMDB0240678","","","","","hmdb:HMDB0240683",NA,NA,NA,NA,"",NA
100015744,402,57443,211097,"Lipid","Ceramides",3053,"NAMED","QMVWGDBKESWTON-OQKRWUNJSA-N","CCCCCCCCCCCCC/C=C/C(O)C(NC(CCC/C=C/CC/C=C/CCCCCCCCCCCCCC)=O)CO","ceramide (d18:2/24:1, d18:1/24:2)*","ceramide (d18:2/24:1, d18:1/24:2)*",NA,"hmdb:HMDB0240679,HMDB0240680","","","","","hmdb:HMDB0240679",NA,NA,NA,NA,"",NA
100015745,402,57453,211107,"Lipid","Hexosylceramides (HCER)",3083,"NAMED","WYTRSDHGWSSQLK-PCKKJQKNSA-N","OC(/C=C/CCCCCCCC/C=C\CCC)C(COC1C(O)C(O)C(O)C(CO)O1)NC(CCCCCCCCCCCCC/C=C\CCCCCCCC)=O","glycosyl ceramide (d18:2/24:1, d18:1/24:2)*","glycosyl ceramide (d18:2/24:1, d18:1/24:2)*",NA,"","","","","","",NA,NA,NA,NA,"","HexCer 42:3;O2"
100015759,402,57464,211120,"Lipid","Fatty Acid Metabolism (Acyl Choline)",1951,"NAMED","WYVHUXGFCVDOEA-UHFFFAOYSA-N","C[N+](C)(C)C[CH-]OC(CCCCCCCCCCCCCCCCC)=O","stearoylcholine*","stearoylcholine*",NA,"hmdb:HMDB0240648","pubchem:90111","","","","hmdb:HMDB0240648",NA,NA,NA,NA,"","Stearoylcholine"
100015760,402,57463,211119,"Lipid","Fatty Acid Metabolism (Acyl Choline)",1949,"NAMED","GVYIAXNFCSAJSK-OKLKQMLOSA-N","C[N+](C)(C)C[CH-]OC(CCCCCCC/C=C/C/C=C/CCCCC)=O","linoleoylcholine*","linoleoylcholine*",NA,"hmdb:HMDB0013213","pubchem:53481656","","","","hmdb:HMDB0013213",NA,NA,NA,NA,"","alpha-Linoleoylcholine"
100015762,209,57467,211123,"Lipid","Long Chain Polyunsaturated Fatty Acid (n3 and n6)",1575,"NAMED","RILVNGKQIULBOQ-YHTMAJSVSA-N","CCCCC/C=C/C/C=C/C/C=C/CCCCCCCCC(O)=O","docosatrienoate (22:3n6)*","docosatrienoate (22:3n6)*",NA,"","pubchem:75955220","","","","pubchem:75955220",NA,NA,NA,NA,"","10Z,13Z,16Z-Docosatrienoic acid"
100015772,402,61505,217727,"Lipid","Lysophospholipid",2658,"NAMED","WSDKRPCAPHRNNZ-MGBGTMOVSA-N","C[N+](C)(CCOP([O-])(OC[C@@](O)([H])COC(CCCCCCCCCCCCCCCCCCCCCCCCC)=O)=O)C","1-cerotoyl-GPC (26:0)*","1-cerotoyl-GPC (26:0)*",NA,"hmdb:HMDB29205","","chemspider:35032836","","","hmdb:HMDB29205",NA,NA,NA,NA,"","LPC 26:0/0:0"
100015776,400,57794,213857,"Xenobiotics","Drug - Gastrointestinal",5737,"NAMED","FELGMEQIXOGIFQ-UHFFFAOYSA-N","CC1=NC=CN1CC2CCC3=C(C2=O)c4c(N3C)cccc4","ondansetron","ondansetron",NA,"hmdb:HMDB0005035","pubchem:4595","chemspider:4434","kegg:C07325","CAS:99614-02-5","hmdb:HMDB0005035",NA,NA,NA,NA,"","Ondansetron"
100015777,402,57695,213183,"Xenobiotics","Drug - Gastrointestinal",5735,"NAMED","PWWVAXIEGOYWEE-UHFFFAOYSA-N","CC(N(C)C)CN1c2c(Sc3ccccc31)cccc2","promethazine","promethazine",NA,"hmdb:HMDB0015202","pubchem:4927","chemspider:4758","kegg:C07404","CAS:58-33-3","hmdb:HMDB0015202",NA,NA,NA,NA,"","Promethazine"
100015778,402,57807,213781,"Xenobiotics","Drug - Other",6004,"NAMED","OCJYIGYOJCODJL-UHFFFAOYSA-N","Cc1cc(CN2CCN(C(c3ccc(Cl)cc3)c4ccccc4)CC2)ccc1","meclizine","meclizine",NA,"hmdb:HMDB0014875","pubchem:4034","chemspider:3894","kegg:C07116","CAS:569-65-3","hmdb:HMDB0014875",NA,NA,NA,NA,"","Meclizine"
100015779,400,57646,213049,"Xenobiotics","Drug - Neurological",5836,"NAMED","KPYSYYIEGFHWSV-UHFFFAOYSA-N","O=C(O)CC(CN)c1ccc(Cl)cc1","baclofen","baclofen",NA,"hmdb:HMDB0014327","pubchem:2284","chemspider:2197","kegg:D00241","CAS:1134-47-0","hmdb:HMDB0014327",NA,NA,NA,NA,"","Baclofen"
100015782,400,57666,213071,"Xenobiotics","Drug - Gastrointestinal",5738,"NAMED","TTWJBBZEZQICBI-UHFFFAOYSA-N","CCN(CC/N=C(O)/c1c(OC)cc(N)c(Cl)c1)CC","metoclopramide","metoclopramide",NA,"hmdb:HMDB0015363","pubchem:4168","chemspider:4024","kegg:C07868,D00726,
DG00055","CAS:364-62-5","hmdb:HMDB0015363",NA,NA,NA,NA,"","Metoclopramide"
100015783,400,57691,213109,"Xenobiotics","Drug - Psychoactive",5889,"NAMED","PHLBKPHSAVXXEF-UHFFFAOYSA-N","O=c1n(cccc2)c2nn1CCCN3CCN(c4cc(Cl)ccc4)CC3","trazadone","trazadone",NA,"hmdb:HMDB0014794","pubchem:5533","chemspider:5332","kegg:C07156,D08626","CAS:19794-93-5","hmdb:HMDB0014794",NA,NA,NA,NA,"","Trazodone"
100015785,209,57810,213739,"Lipid","Long Chain Polyunsaturated Fatty Acid (n3 and n6)",1566,"NAMED","YHGJECVSSKXFCJ-KUBAVDMBSA-N","OC(CCCC/C=C\C/C=C\C/C=C\C/C=C\C/C=C\C/C=C\CC)=O","nisinate (24:6n3)","nisinate (24:6n3)",NA,"hmdb:HMDB0013025","pubchem:11792612","chemspider:9967286","","CAS:68378-49-4","hmdb:HMDB0013025",NA,NA,NA,NA,"","THA"
100015786,402,57476,211139,"Lipid","Dihydrosphingomyelins",3103,"NAMED","UGRZESKDAPEULH-ACEXITHZSA-N","CCCCCCCCCCCCCCC[C@@H](O)[C@@H](NC(CCCCCCCCCCCCCCCCCCC)=O)COP([O-])(OCC[N+](C)(C)C)=O","sphingomyelin (d18:0/20:0, d16:0/22:0)*","sphingomyelin (d18:0/20:0, d16:0/22:0)*",NA,"hmdb:HMDB0012090","","","","","hmdb:HMDB0012090",NA,NA,NA,NA,"","SM 38:0;O2"
100015787,402,57475,211138,"Lipid","Sphingomyelins",3121,"NAMED","HAFQHLHNPJDAGB-MAJDXUCPSA-N","CCCCCCCCCCCCCCCCCCC(N[C@H]([C@H](O)/C=C/CCCCCCCCCCCCC)COP([O-])(OCC[N+](C)(C)C)=O)=O","sphingomyelin (d18:1/19:0, d19:1/18:0)*","sphingomyelin (d18:1/19:0, d19:1/18:0)*",NA,"","","","","","",NA,NA,NA,NA,"","SM 37:1;O2"
100015788,402,57474,211137,"Lipid","Sphingomyelins",3110,"NAMED","YMTVMVYOUDDTQJ-UOMMIRHQSA-N","[H][C@](NC(CCCCCCC/C=C\CCCCCCCC)=O)(COP(OCC[N+](C)(C)C)([O-])=O)[C@@](O)([H])/C=C/CCCCCCCC/C=C\CCC","sphingomyelin (d18:2/18:1)*","sphingomyelin (d18:2/18:1)*",NA,"hmdb:HMDB0001348","pubchem:52931155","","","","hmdb:HMDB0001348",NA,NA,NA,NA,"","SM 18:2;O2/18:1"
100015789,402,57479,211142,"Lipid","Sphingomyelins",3112,"NAMED","ZLNGRWIWHFFRNK-UKCALJHFSA-N","CCC/C=C/CCCCCCCC/C=C/[C@@H](O)[C@@H](NC(CCCCCCCCCCCCCCCC/C=C/C/C=C/CC)=O)COP([O-])(OCC[N+](C)(C)C)=O","sphingomyelin (d18:2/24:2)*","sphingomyelin (d18:2/24:2)*",NA,"hmdb:HMDB0240644","","","","","hmdb:HMDB0240644",NA,NA,NA,NA,"","SM 18:2;O2/24:2"
100015790,402,57480,211143,"Lipid","Sphingomyelins",3126,"NAMED","SDUGEKJCGFHJRC-GKPQAQNZSA-N","CCC/C=C/CCCCCCCC/C=C/[C@@H](O)[C@@H](NC(CCCCCCCCCCCCCCCCCCCC)=O)COP([O-])(OCC[N+](C)(C)C)=O","sphingomyelin (d18:2/21:0, d16:2/23:0)*","sphingomyelin (d18:2/21:0, d16:2/23:0)*",NA,"hmdb:HMDB0240676","","","","","hmdb:HMDB0240676",NA,NA,NA,NA,"","SM 39:2;O2"
100015791,402,57482,211145,"Lipid","Sphingomyelins",3111,"NAMED","FEKSRDMVIULIDJ-SQPFVDNVSA-N","CCC/C=C/CCCCCCCC/C=C/[C@@H](O)[C@@H](NC(CCCCCCCCCCCCCCCCC/C=C/CCC)=O)COP([O-])(OCC[N+](C)(C)C)=O","sphingomyelin (d18:2/23:1)*","sphingomyelin (d18:2/23:1)*",NA,"hmdb:HMDB0240668","","","","","hmdb:HMDB0240668",NA,NA,NA,NA,"","SM 18:2;O2/23:1"
100015792,402,57478,211141,"Lipid","Sphingomyelins",3132,"NAMED","JONXXLXMISNQNG-BXMSAMRLSA-N","[H][C@](NC(CCCCCCCCCCCCCCCCCCCCCCCC)=O)(COP(OCC[N+](C)(C)C)([O-])=O)[C@@](O)([H])/C=C/CCCCCCCCCCCCC","sphingomyelin (d18:1/25:0, d19:0/24:1, d20:1/23:0, d19:1/24:0)*","sphingomyelin (d18:1/25:0, d19:0/24:1, d20:1/23:0, d19:1/24:0)*",NA,"hmdb:HMDB0240675,HMDB0240674,HMDB0240673,HMDB0240671","","chemspider:24846885","","","hmdb:HMDB0240675",NA,NA,NA,NA,"","SM 43:1;O2"
100015793,402,57483,211146,"Lipid","Sphingomyelins",3117,"NAMED","YHBBZTIPONDTRX-TVUHHANTSA-N","[H][C@](NC(CCCCCCCCCCCCCC)=O)(COP(OCC[N+](C)(C)C)([O-])=O)[C@@](O)([H])/C=C/CCCCCCCC/C=C\CCC","sphingomyelin (d17:2/16:0, d18:2/15:0)*","sphingomyelin (d17:2/16:0, d18:2/15:0)*",NA,"hmdb:HMDB0240677","","","","","hmdb:HMDB0240677",NA,NA,NA,NA,"","SM 33:2;O2"
100015794,402,57668,213161,"Xenobiotics","Drug - Gastrointestinal",5750,"NAMED","MJIHNNLFOKEZEW-RUZDIDTESA-N","CC1=C(OCC(F)(F)F)C=CN=C1C[S@](C2=NC3=CC=CC=C3N2)=O","dexlansoprazole","dexlansoprazole",NA,"","pubchem:9578005","chemspider:7852369","kegg:D08903","CAS:138530-94-6","pubchem:9578005",NA,NA,NA,NA,"","Dexlansoprazole"
100015797,209,57658,212715,"Lipid","Long Chain Polyunsaturated Fatty Acid (n3 and n6)",1562,"NAMED","OQOCQFSPEWCSDO-JLNKQSITSA-N","OC(CCCC/C=C\C/C=C\C/C=C\C/C=C\C/C=C\CC)=O","heneicosapentaenoate (21:5n3)","heneicosapentaenoate (21:5n3)",NA,"","pubchem:11998573","chemspider:10171040","","CAS:24257-10-1","pubchem:11998573",NA,NA,NA,NA,"","6Z,9Z,12Z,15Z,18Z-Heneicosapentaenoic acid"
100015831,402,57511,211212,"Lipid","Fatty Acid Metabolism (Acyl Carnitine, Polyunsaturated)",1893,"NAMED","WJCRATGUUISKDG-QNEBEIHSSA-N","O=C(OC(C[N+](C)(C)C)CC([O-])=O)CCCCCCC/C=C\C/C=C\C/C=C\CC","linolenoylcarnitine (C18:3)*","linolenoylcarnitine (C18:3)*",NA,"","","","","","",NA,NA,NA,NA,"","CAR 18:3"
100015832,402,57514,211215,"Lipid","Fatty Acid Metabolism (Acyl Carnitine, Long Chain Saturated)",1869,"NAMED","IUMXSSOVGPXXJL-UHFFFAOYSA-N","O=C(OC(C[N+](C)(C)C)CC([O-])=O)CCCCCCCCCCCCCCCCCCCCC","behenoylcarnitine (C22)*","behenoylcarnitine (C22)*",NA,"hmdb:HMDB0062468","pubchem:71464577","chemspider:28639204","","","hmdb:HMDB0062468",NA,NA,NA,NA,"","CAR 22:0"
100015833,402,57513,211214,"Lipid","Fatty Acid Metabolism (Acyl Carnitine, Long Chain Saturated)",1868,"NAMED","SVJLJQBGUITFLI-UHFFFAOYSA-N","O=C(OC(C[N+](C)(C)C)CC([O-])=O)CCCCCCCCCCCCCCCCCCC","arachidoylcarnitine (C20)*","arachidoylcarnitine (C20)*",NA,"hmdb:HMDB0006460","pubchem:53477833","chemspider:28639199","","","hmdb:HMDB0006460",NA,NA,NA,NA,"","CAR 20:0"
100015834,402,57515,211216,"Lipid","Fatty Acid Metabolism (Acyl Carnitine, Long Chain Saturated)",1870,"NAMED","YDUFZFUYBBPVLJ-UHFFFAOYSA-N","O=C(CCCCCCCCCCCCCCCCCCCCCCC)OC(C[N+](C)(C)C)CC([O-])=O","lignoceroylcarnitine (C24)*","lignoceroylcarnitine (C24)*",NA,"hmdb:HMDB0240665","","","","","hmdb:HMDB0240665",NA,NA,NA,NA,"","CAR 24:0"
100015835,402,57516,211217,"Lipid","Fatty Acid Metabolism (Acyl Carnitine, Long Chain Saturated)",1871,"NAMED","KOCKWDDTAHPJSX-UHFFFAOYSA-N","[O-]C(CC(C[N+](C)(C)C)OC(CCCCCCCCCCCCCCCCCCCCCCCCC)=O)=O","cerotoylcarnitine (C26)*","cerotoylcarnitine (C26)*",NA,"hmdb:HMDB0006347","pubchem:53477828","chemspider:35015992","","","hmdb:HMDB0006347",NA,NA,NA,NA,"","CAR 26:0"
100015836,402,57517,211218,"Lipid","Fatty Acid Metabolism (Acyl Carnitine, Monounsaturated)",1891,"NAMED","ONGUASHYQLGIFC-OCOZRVBESA-N","O=C(OC(C[N+](C)(C)C)CC([O-])=O)CCC/C=C/CCCCCCCCCCCCCCCCCCCC","ximenoylcarnitine (C26:1)*","ximenoylcarnitine (C26:1)*",NA,"","","","","","",NA,NA,NA,NA,"","CAR 26:1"
100015837,402,57518,211219,"Lipid","Fatty Acid Metabolism (Acyl Carnitine, Polyunsaturated)",1895,"NAMED","RBFQHRALHSUPIA-SNPVRQPZSA-N","CCCCC/C=C\C/C=C\C/C=C\C/C=C\CCCC(OC(C[N+](C)(C)C)CC([O-])=O)=O","arachidonoylcarnitine (C20:4)","arachidonoylcarnitine (C20:4)",NA,"hmdb:HMDB0006455","pubchem:136212424","","","","hmdb:HMDB0006455",NA,NA,NA,NA,"","CAR 20:4"
100015838,402,57519,211220,"Lipid","Fatty Acid Metabolism (Acyl Carnitine, Monounsaturated)",1888,"NAMED","PVOQPLSKYNZHOT-OUKQBFOZSA-N","O=C(OC(CC([O-])=O)C[N+](C)(C)C)CCCCCCCCC/C=C/CCCCCCCC","eicosenoylcarnitine (C20:1)*","eicosenoylcarnitine (C20:1)*",NA,"","","","","","",NA,NA,NA,NA,"","CAR 20:1"
100015839,402,57520,211221,"Lipid","Fatty Acid Metabolism (Acyl Carnitine, Polyunsaturated)",1894,"NAMED","OLZWDVKTOGTVLC-UTJQPWESSA-N","O=C(CCCCCCCCC/C=C\C/C=C\CCCCC)OC(C[N+](C)(C)C)CC([O-])=O","dihomo-linoleoylcarnitine (C20:2)*","dihomo-linoleoylcarnitine (C20:2)*",NA,"","","","","","",NA,NA,NA,NA,"","CAR 20:2"
100015840,402,57521,211222,"Lipid","Fatty Acid Metabolism (Acyl Carnitine, Polyunsaturated)",1896,"NAMED","RDIZZXFTCZPSRY-WYTUUNCASA-N","O=C(CCCCCC/C=C/C/C=C/C/C=C/CCCCC)OC(CC([O-])=O)C[N+](C)(C)C","dihomo-linolenoylcarnitine (C20:3n3 or 6)*","dihomo-linolenoylcarnitine (C20:3n3 or 6)*",NA,"","","","","","",NA,NA,NA,NA,"","CAR 20:3"
100015845,402,57523,211224,"Lipid","Fatty Acid Metabolism (Acyl Carnitine, Polyunsaturated)",1903,"NAMED","WLLMYDQRCSWAST-WSDBEMKQSA-N","O=C(CC/C=C\C/C=C\C/C=C\C/C=C\C/C=C\C/C=C\CC)OC(C[N+](C)(C)C)CC([O-])=O","docosahexaenoylcarnitine (C22:6)*","docosahexaenoylcarnitine (C22:6)*",NA,"","","","","","",NA,NA,NA,NA,"","CAR 22:6"
100015846,402,57531,211232,"Lipid","Fatty Acid Metabolism (Acyl Carnitine, Monounsaturated)",1890,"NAMED","QGIHQXKFCAACHN-SEYXRHQNSA-N","O=C(CCCCCCCCCCCCC/C=C\CCCCCCCC)OC(C[N+](C)(C)C)CC([O-])=O","nervonoylcarnitine (C24:1)*","nervonoylcarnitine (C24:1)*",NA,"hmdb:HMDB0006509","","","","","hmdb:HMDB0006509",NA,NA,NA,NA,"","CAR 24:1"
100015850,402,57528,211229,"Lipid","Fatty Acid Metabolism (Acyl Carnitine, Polyunsaturated)",1900,"NAMED","OLORTLVEDIELGC-SNPVRQPZSA-N","O=C(OC(CC([O-])=O)C[N+](C)(C)C)CCCCC/C=C\C/C=C\C/C=C\C/C=C\CCCCC","adrenoylcarnitine (C22:4)*","adrenoylcarnitine (C22:4)*",NA,"","","","","","",NA,NA,NA,NA,"","CAR 22:4"
100015851,402,57529,211230,"Lipid","Fatty Acid Metabolism (Acyl Carnitine, Polyunsaturated)",1901,"NAMED","MJPIXACTUMSGGI-WMPRHZDHSA-N","O=C(OC(CC([O-])=O)C[N+](C)(C)C)CCCCC/C=C\C/C=C\C/C=C\C/C=C\C/C=C\CC","docosapentaenoylcarnitine (C22:5n3)*","docosapentaenoylcarnitine (C22:5n3)*",NA,"","pubchem:71464594","","","","pubchem:71464594",NA,NA,NA,NA,"","CAR 22:5"
100015873,209,57641,212681,"Xenobiotics","Drug - Neurological",5832,"NAMED","HPHUVLMMVZITSG-LURJTMIESA-N","CC[C@H](N1CCCC1=O)C(N)=O","levetiracetam","levetiracetam",NA,"hmdb:HMDB0015333","pubchem:5284583","chemspider:4447633","kegg:C07841","CAS:102767-28-2","hmdb:HMDB0015333",NA,NA,NA,NA,"","Levetiracetam"
100015876,402,57673,213167,"Xenobiotics","Drug - Antibiotic",5477,"NAMED","KDLRVYVGXIQJDK-AWPVFWJPSA-N","CCC[C@@H]1C[C@@H](C(N[C@H]([C@@H](Cl)C)[C@@H]2[C@H](O)[C@H](O)[C@@H](O)[C@@H](SC)O2)=O)N(C)C1","clindamycin","clindamycin",NA,"hmdb:HMDB0015321","pubchem:446598","chemspider:393915","kegg:DG00435,C06914,D00277","CAS:18323-44-9","hmdb:HMDB0015321",NA,NA,NA,NA,"","Clindamycin"
100015878,209,57642,212683,"Xenobiotics","Drug - Antibiotic",5506,"NAMED","VAOCPAMSLUNLGC-UHFFFAOYSA-N","Cc1n(CCO)c([N+]([O-])=O)cn1","metronidazole","metronidazole",NA,"hmdb:HMDB0015052","pubchem:4173","chemspider:4029","kegg:DG00006,C07203,D00409","CAS:73334-05-1","hmdb:HMDB0015052",NA,NA,NA,NA,"","Metronidazole"
100015879,209,57688,212773,"Xenobiotics","Drug - Antibiotic",5507,"NAMED","TYZROVQLWOKYKF-ZDUSSCGKSA-N","CC(NC[C@H]1CN(c2cc(F)c(N3CCOCC3)cc2)C(O1)=O)=O","linezolid","linezolid",NA,"hmdb:HMDB0014739","pubchem:441401","chemspider:390139","kegg:D00947,C08146","CAS:165800-03-3","hmdb:HMDB0014739",NA,NA,NA,NA,"","Linezolid"
100015882,402,57595,212143,"Lipid","Hexosylceramides (HCER)",3079,"NAMED","FXNTXJCUSRJUFN-QOSDPKFLSA-N","OCC(NC(CCCCCCCCCCCCCCCCCCC)=O)C(OC1OC(CO)C(O)C(O)C1O)/C=C/CCCCCCCCCCCCC","glycosyl ceramide (d18:1/20:0, d16:1/22:0)*","glycosyl ceramide (d18:1/20:0, d16:1/22:0)*",NA,"","","","","","",NA,NA,NA,NA,"","HexCer 38:1;O2"
100015887,400,57682,213093,"Xenobiotics","Drug - Antibiotic",5462,"NAMED","ORFOPKXBNMVMKC-DWVKKRMSSA-N","CC(C(O)=O)(O/N=C(C(N[C@H]1[C@@H]2N(C(C([O-])=O)=C(C[n+]3ccccc3)CS2)C1=O)=O)/c4nc(N)sc4)C","ceftazidime","ceftazidime",NA,"hmdb:HMDB0014582","pubchem:5481173","chemspider:4587145","kegg:C06889,DG00571,D07654,D00921","CAS:78439-06-2","hmdb:HMDB0014582",NA,NA,NA,NA,"","Ceftazidime"
100015888,305,57653,212813,"Xenobiotics","Drug - Antibiotic",5463,"NAMED","FKENQMMABCRJMK-RITPCOANSA-N","CC1(C)[C@H](C(O)=O)N2[C@@H](CC2=O)S1(=O)=O","sulbactam","sulbactam",NA,"","pubchem:130313","chemspider:115306","kegg:D02223","CAS:68373-14-8","pubchem:130313",NA,NA,NA,NA,"","Sulbactam"
100015895,400,57693,213113,"Xenobiotics","Drug - Antibiotic",5467,"NAMED","MLYYVTUWGNIJIB-BXKDBHETSA-N","Cc1sc(SCC2=C(C(O)=O)N3[C@H](SC2)[C@H](NC(Cn4nnnc4)=O)C3=O)nn1","cefazolin","cefazolin",NA,"hmdb:HMDB0015422","pubchem:33255","chemspider:30723","kegg:D02299,C06880","CAS:27614-46-1","hmdb:HMDB0015422",NA,NA,NA,NA,"","Cefazolin"
100015962,400,57687,213101,"Amino Acid","Lysine Metabolism",138,"NAMED","CDLVFVFTRQPQFU-UHFFFAOYSA-N","C[N+](C)(C)CCCCC([O-])=O","N,N,N-trimethyl-5-aminovalerate","N,N,N-trimethyl-5-aminovalerate",NA,"","pubchem:14274897","chemspider:34236878","","","pubchem:14274897",NA,NA,NA,NA,"","delta-Valerobetaine"
100015965,400,63152,221889,"Xenobiotics","Food Component/Plant",5090,"NAMED","WYUFTYLVLQZQNH-UHFFFAOYSA-N","CCOC1C(O)C(O)C(O)C(CO)O1","ethyl alpha-glucopyranoside","ethyl alpha-glucopyranoside",NA,"hmdb:HMDB0029968","pubchem:11127487","chemspider:378664","","CAS:34625-23-5","hmdb:HMDB0029968",NA,NA,NA,NA,"",NA
100015966,402,57635,212257,"Cofactors and Vitamins","Vitamin A Metabolism",4432,"NAMED","JKQXZKUSFCKOGQ-DKLMTRRASA-N","CC1=C(/C=C/C(C)=C/C=C/C(C)=C/C=C/C=C(C)/C=C/C=C(C)/C=C/C2=C(C)CC(O)CC2(C)C)C(C)(C)CC(O)C1","carotene diol (1)","carotene diol (1)",NA,"","","","","","pubchem:5362770",NA,NA,NA,NA,"","Carotene diol"
100015967,402,57636,212258,"Cofactors and Vitamins","Vitamin A Metabolism",4433,"NAMED","JKQXZKUSFCKOGQ-DKLMTRRASA-N","CC1=C(/C=C/C(C)=C/C=C/C(C)=C/C=C/C=C(C)/C=C/C=C(C)/C=C/C2=C(C)CC(O)CC2(C)C)C(C)(C)CC(O)C1","carotene diol (2)","carotene diol (2)",NA,"","","","","","pubchem:5362770",NA,NA,NA,NA,"","Carotene diol"
100015968,402,57637,212259,"Cofactors and Vitamins","Vitamin A Metabolism",4434,"NAMED","JKQXZKUSFCKOGQ-DKLMTRRASA-N","CC1=C(/C=C/C(C)=C/C=C/C(C)=C/C=C/C=C(C)/C=C/C=C(C)/C=C/C2=C(C)CC(O)CC2(C)C)C(C)(C)CC(O)C1","carotene diol (3)","carotene diol (3)",NA,"","","","","","pubchem:5362770",NA,NA,NA,NA,"","Carotene diol"
100015971,209,57699,212775,"Lipid","Corticosteroids",3327,"NAMED","INMJYSGZRBTEOR-RXCXIKFNSA-N","O[C@H]([C@]([C@]([C@]1([H])[C@@](CC2)([H])[C@@]3([H])[C@]([C@@]2([H])C[C@@H]4OC5C(O)C(O)C(O)C(C(O)=O)O5)(CC4)C)(CC3=O)C)(CC1)O)CO","cortolone glucuronide (1)","cortolone glucuronide (1)",NA,"","","","","","",NA,NA,NA,NA,"",NA
100015972,209,57707,212491,"Xenobiotics","Drug - Antibiotic",5515,"NAMED","RFHAOTPXVQNOHP-UHFFFAOYSA-N","Fc1ccc(C(Cn2ncnc2)(O)Cn3ncnc3)c(F)c1","fluconazole","fluconazole",NA,"hmdb:HMDB0014342","pubchem:3365","chemspider:3248","kegg:C07002","CAS:86386-73-4","hmdb:HMDB0014342",NA,NA,NA,NA,"","Fluconazole"
100015977,209,57781,213691,"Xenobiotics","Drug - Neurological",5815,"NAMED","LLPFTSMZBSRZDV-UHFFFAOYSA-N","OC(CC)C(CCC)C(O)=O","3-hydroxyvalproate","3-hydroxyvalproate",NA,"hmdb:HMDB0013899","pubchem:134459","chemspider:118522","kegg:C16651","CAS:58888-84-9","hmdb:HMDB0013899",NA,NA,NA,NA,"","3-Hydroxyvalproic acid"
100015980,400,61832,218513,"Xenobiotics","Drug - Neurological",5816,"NAMED","ZIWBCJXKYKOLJK-UHFFFAOYSA-N","O=C(C(CCC)CCCO)O","5-hydroxyvalproate","5-hydroxyvalproate",NA,"hmdb:HMDB0013898","pubchem:135244","chemspider:119147","kegg:C16650","CAS:53660-23-4","hmdb:HMDB0013898",NA,NA,NA,NA,"",NA
100015982,209,57788,213705,"Xenobiotics","Drug - Neurological",5827,"NAMED","QQCFBZCATDIWTH-UHFFFAOYSA-N","O=C(N)N1C2=CC(O)=CC=C2C=CC3=CC=CC=C13","3-hydroxycarbamazepine","3-hydroxycarbamazepine",NA,"hmdb:HMDB0060653","pubchem:135290","chemspider:119184","kegg:C16602","CAS:68011-67-6","hmdb:HMDB0060653",NA,NA,NA,NA,"","3-Hydroxycarbamazepine"
100015983,400,57789,213847,"Xenobiotics","Drug - Neurological",5826,"NAMED","VPZIYMMSJFWLSP-UHFFFAOYSA-N","O=C(N)N(C1=CC=CC=C1C=CC2=C3)C2=CC=C3O","2-hydroxycarbamazepine","2-hydroxycarbamazepine",NA,"hmdb:HMDB0060651","pubchem:129274","chemspider:114505","kegg:C16601","CAS:68011-66-5","hmdb:HMDB0060651",NA,NA,NA,NA,"","Norcodeine"
100015985,400,62882,220728,"Xenobiotics","Drug - Neurological",5828,"NAMED","BMPDWHIDQYTSHX-UHFFFAOYSA-N","OC1CC2=C(N(C(N)=O)C3=CC=CC=C13)C=CC=C2","10,11-dihydro-10-hydroxycarbamazepine","10,11-dihydro-10-hydroxycarbamazepine",NA,"hmdb:HMDB0060676","pubchem:114709","chemspider:102704","kegg:C07493","CAS:29331-92-8","hmdb:HMDB0060676",NA,NA,NA,NA,"",NA
100016038,400,57814,213597,"Amino Acid","Polyamine Metabolism",550,"NAMED","MQTAVJHICJWXBR-UHFFFAOYSA-N","CC(NCCCNCCCCN)=O","(N(1) + N(8))-acetylspermidine","(N(1) + N(8))-acetylspermidine",NA,"hmdb:HMDB0002189,HMDB0001276","pubchem:496,123689","","kegg:C01029,C00612","","hmdb:HMDB0002189",NA,NA,NA,NA,"","Asparagine"
100016048,209,61836,218439,"Xenobiotics","Drug - Psychoactive",5901,"NAMED","YOVRGSHRZRJTLZ-UHFFFAOYSA-N","CCCCCc1cc(OC(C)(C)C2C3C=C(C(O)=O)CC2)c3c(O)c1","THC carboxylic acid","THC carboxylic acid",NA,"","pubchem:107885","chemspider:97019","","","pubchem:107885",NA,NA,NA,NA,"","11-Nor-delta9-THC-9-carboxylic acid"
100016049,209,61848,218461,"Xenobiotics","Drug - Psychoactive",5902,"NAMED","UWXZAZRSQQLWKH-AREXMYMPSA-N","O=C(O[C@H]1[C@H](O)[C@@H](O)[C@H](O)[C@@H](C(O)=O)O1)C2=C[C@H](C3=C4C=C(CCCCC)C=C3O)[C@@H](C(C)(O4)C)CC2","THC carboxylic acid glucuronide","THC carboxylic acid glucuronide",NA,"","","","","","",NA,NA,NA,NA,"",NA
100016052,209,61844,218453,"Xenobiotics","Drug - Analgesics, Anesthetics",5428,"NAMED","WAEXKFONHRHFBZ-ZXDZBKESSA-N","CN1CC[C@@]23c4c5c(O[C@H]6[C@H](O)[C@@H](O)[C@H](O)[C@@H](C(O)=O)O6)ccc4C[C@@H]1[C@@H]2C=C[C@H](O)[C@@H]3O5","morphine-3-glucuronide","morphine-3-glucuronide",NA,"hmdb:HMDB0041936","pubchem:5484731","chemspider:4588593","kegg:C16643","","hmdb:HMDB0041936",NA,NA,NA,NA,"","Morphine-3-glucuronide"
100016069,402,61769,218137,"Lipid","Fatty Acid Metabolism (Acyl Carnitine, Monounsaturated)",1883,"NAMED","PETYOUXDCHQKTQ-QXPKXGMISA-N","CCCCCC/C=C\CCCC(O[C@@H](C[N+](C)(C)C)CC([O-])=O)=O","5-dodecenoylcarnitine (C12:1)","5-dodecenoylcarnitine (C12:1)",NA,"hmdb:HMDB13326","pubchem:91825571","","","","hmdb:HMDB13326",NA,NA,NA,NA,"","CAR 12:1(5)"
100016070,400,61771,218139,"Xenobiotics","Food Component/Plant",4969,"NAMED","PAWKFSDYZWNWRA-SECBINFHSA-N","O=C(O[C@@H](C[N+](C)(C)C)CC([O-])=O)C1=CC=CO1","2-furoylcarnitine","2-furoylcarnitine",NA,"","","","","","",NA,NA,NA,NA,"",NA
100016110,209,61785,218163,"Lipid","Fatty Acid Metabolism (Acyl Glycine)",1829,"NAMED","WWJXRJJBIVSSNF-NSCUHMNNSA-N","OC(CN([H])C(/C=C/C)=O)=O","2-butenoylglycine","2-butenoylglycine",NA,"","pubchem:6303498","chemspider:4877902","","CAS:71428-89-2","pubchem:6303498",NA,NA,NA,NA,"","2-Butenoylglycine"
100019794,209,62277,219248,"Lipid","Fatty Acid, Dicarboxylate",1707,"NAMED","OZOJARPUDFLESM-UHFFFAOYSA-N","CCC(O)C1=C(C)C(C(O)=O)=C(CCC(O)=O)O1","hydroxy-CMPF*","hydroxy-CMPF*",NA,"","","","","","hmdb:HMDB0061112",NA,NA,NA,NA,"",NA
100019801,402,61840,218539,"Lipid","Fatty Acid Metabolism (Acyl Carnitine, Hydroxy)",1930,"NAMED","YBCVTTMMURGSEY-LMLDZDDJSA-N","CCCCCCCC/C=C\CCCCCC(O)CC(O[C@@H](C[N+](C)(C)C)CC([O-])=O)=O","3-hydroxyoleoylcarnitine","3-hydroxyoleoylcarnitine",NA,"","pubchem:129637446","chemspider:48061587","","","pubchem:129637446",NA,NA,NA,NA,"","CAR 18:1(9Z);3OH"
100019831,209,62733,220257,"Peptide","Acetylated Peptides",1188,"NAMED","LZJXOHRONRTVRW-JTQLQIEISA-N","OC1=CC(CC(N[C@H](C(O)=O)CCC(N)=O)=O)=CC=C1","3-hydroxyphenylacetoylglutamine","3-hydroxyphenylacetoylglutamine",NA,"","","chemspider:38532062","","","",NA,NA,NA,NA,"",NA
100019884,209,61798,218189,"Lipid","Fatty Acid Metabolism (Acyl Glycine)",1812,"NAMED","AAPHATPOQGNLOZ-SNAWJCMRSA-N","CCC/C=C/C(NCC(O)=O)=O","trans-2-hexenoylglycine","trans-2-hexenoylglycine",NA,"","","chemspider:25033670","","","",NA,NA,NA,NA,"",NA
100019892,209,61700,218003,"Lipid","Fatty Acid, Monohydroxy",1974,"NAMED","CPLYLXYEVLGWFJ-UHFFFAOYSA-N","CCCCCCCCCCCCCCCCCCC(O)C(O)=O","2-hydroxyarachidate*","2-hydroxyarachidate*",NA,"","pubchem:5225199","chemspider:4395406","","","pubchem:5225199",NA,NA,NA,NA,"","2-Hydroxyeicosanoic acid"
100019957,209,61822,218242,"Lipid","Endocannabinoid",2198,"NAMED","CLHUCXCVFSEJRR-UHFFFAOYSA-N","CCCCCCCCCCCCCCCCCC(NC(C(O)=O)CO)=O","N-stearoylserine*","N-stearoylserine*",NA,"","","chemspider:15545488","","","",NA,NA,NA,NA,"","NA-Ser 18:0"
100019968,305,61858,218556,"Carbohydrate","Pentose Metabolism",1290,"NAMED","QXKAIJAYHKCRRA-PZGQECOJSA-N","OC[C@H](O)[C@@H](O)[C@@H](O)C(O)=O","lyxonate","lyxonate",NA,"hmdb:HMDB0060255","","","","","hmdb:HMDB0060255",NA,NA,NA,NA,"","D-Lyxonic acid"
100019972,209,61864,218581,"Lipid","Fatty Acid, Dicarboxylate",1689,"NAMED","OHCMUMNQAHNIEP-HNQUOIGGSA-N","OC(CCC/C=C/CCCCCC(O)=O)=O","dodecenedioate (C12:1-DC)*","dodecenedioate (C12:1-DC)*",NA,"hmdb:HMDB0000933","pubchem:5283028","","","","hmdb:HMDB0000933",NA,NA,NA,NA,"","Traumatic acid"
100019974,209,61859,218576,"Lipid","Fatty Acid, Dicarboxylate",1681,"NAMED","OXWGEHDANKVJJJ-OWOJBTEDSA-N","O=C(O)CC/C=C/CCCC(O)=O","nonenedioate (C9:1-DC)*","nonenedioate (C9:1-DC)*",NA,"","","","","","",NA,NA,NA,NA,"",NA
100019975,209,61862,218579,"Lipid","Fatty Acid, Dicarboxylate",1697,"NAMED","IWTMSCUHCJHPPR-ACCUITESSA-N","O=C(O)CCCCCCCCCCCC/C=C/C(O)=O","hexadecenedioate (C16:1-DC)*","hexadecenedioate (C16:1-DC)*",NA,"","","","","","",NA,NA,NA,NA,"",NA
100019978,209,61861,218578,"Lipid","Fatty Acid, Dicarboxylate",1700,"NAMED","YDPSQMGOAILWPE-FYWRMAATSA-N","O=C(O)CCCCCCCCCCCCCC/C=C/C(O)=O","octadecenedioate (C18:1-DC)","octadecenedioate (C18:1-DC)",NA,"","pubchem:9543674","","","","pubchem:9543674",NA,NA,NA,NA,"","Octadecenedioic acid"
100019981,305,61866,218583,"Lipid","Fatty Acid, Dicarboxylate",1675,"NAMED","OXQWBLJQOBXJPM-DUXPYHPUSA-N","OC(CCC/C=C/C(O)=O)=O","heptenedioate (C7:1-DC)*","heptenedioate (C7:1-DC)*",NA,"","","","","","hmdb:HMDB0000857",NA,NA,NA,NA,"","Heptenedioic acid"
100019982,209,61860,218580,"Lipid","Fatty Acid, Dicarboxylate",1701,"NAMED","ZKQNWTGXRAIVGG-PXELCPQFSA-N","O=C(O)CCCCCCCCCCCC/C=C/C=C/C(O)=O","octadecadienedioate (C18:2-DC)*","octadecadienedioate (C18:2-DC)*",NA,"","","","","","",NA,NA,NA,NA,"","Octadecanedioic acid"
100019984,209,61874,218624,"Partially Characterized Molecules","Partially Characterized Molecules",6390,"NAMED","","","glucuronide of C12H22O4 (1)*","glucuronide of C12H22O4 (1)*",NA,"","","","","","",NA,NA,NA,NA,"",NA
100019985,209,61875,218625,"Partially Characterized Molecules","Partially Characterized Molecules",6391,"NAMED","","","glucuronide of C12H22O4 (2)*","glucuronide of C12H22O4 (2)*",NA,"","","","","","",NA,NA,NA,NA,"",NA
100019986,209,61876,218626,"Partially Characterized Molecules","Partially Characterized Molecules",6395,"NAMED","","","glucuronide of C14H26O4 (1)*","glucuronide of C14H26O4 (1)*",NA,"","","","","","",NA,NA,NA,NA,"",NA
100019990,209,61881,218632,"Partially Characterized Molecules","Partially Characterized Molecules",6372,"NAMED","","","glucuronide of C10H18O2 (1)*","glucuronide of C10H18O2 (1)*",NA,"","","","","","",NA,NA,NA,NA,"",NA
100020004,209,61871,218621,"Lipid","Fatty Acid, Dicarboxylate",1708,"NAMED","RIJDKRLRDVBUHJ-UHFFFAOYSA-N","OC(C1=C(CCC(O)=O)OC(CCCCC)=C1C)=O","3-carboxy-4-methyl-5-pentyl-2-furanpropionate (3-CMPFP)**","3-carboxy-4-methyl-5-pentyl-2-furanpropionate (3-CMPFP)**",NA,"hmdb:HMDB0061643","pubchem:194501","chemspider:168762","","","hmdb:HMDB0061643",NA,NA,NA,NA,"","3-Carboxy-4-methyl-5-pentyl-2-furanpropanoic acid"
100020005,209,61872,218622,"Xenobiotics","Chemical",6173,"NAMED","SBYDEYGHJXSIDV-UHFFFAOYSA-N","CC1=C(OS(=O)(O)=O)C=CC2=CC=CC=C21","methylnaphthyl sulfate (1)*","methylnaphthyl sulfate (1)*",NA,"","","","","","",NA,NA,NA,NA,"",NA
100020006,209,61873,218623,"Xenobiotics","Chemical",6174,"NAMED","SBYDEYGHJXSIDV-UHFFFAOYSA-N","CC1=C(OS(=O)(O)=O)C=CC2=CC=CC=C21","methylnaphthyl sulfate (2)*","methylnaphthyl sulfate (2)*",NA,"","","","","","",NA,NA,NA,NA,"",NA
100020009,209,61877,218627,"Partially Characterized Molecules","Partially Characterized Molecules",6396,"NAMED","","","glucuronide of C14H26O4 (2)*","glucuronide of C14H26O4 (2)*",NA,"","","","","","",NA,NA,NA,NA,"",NA
100020014,209,61887,218638,"Partially Characterized Molecules","Partially Characterized Molecules",6378,"NAMED","","","glucuronide of C10H18O2 (7)*","glucuronide of C10H18O2 (7)*",NA,"","","","","","",NA,NA,NA,NA,"",NA
100020015,209,61888,218639,"Partially Characterized Molecules","Partially Characterized Molecules",6379,"NAMED","","","glucuronide of C10H18O2 (8)*","glucuronide of C10H18O2 (8)*",NA,"","","","","","",NA,NA,NA,NA,"",NA
100020203,400,62062,218866,"Xenobiotics","Food Component/Plant",5065,"NAMED","DJMIFDZBCUUQJN-NTSWFWBYSA-N","O[C@@H]1[C@H](C([O-])=O)[N+](C)(C)CC1","3-hydroxystachydrine*","3-hydroxystachydrine*",NA,"","pubchem:46173781","chemspider:391002","kegg:C10151","","pubchem:46173781",NA,NA,NA,NA,"","3-Hydroxystachydrine"
100020204,209,62059,218862,"Lipid","Fatty Acid, Amino",1757,"NAMED","JJGNMSOJTSABGA-UHFFFAOYSA-N","OC(C(CCCCCC)N([H])C(C)=O)=O","N-acetyl-2-aminooctanoate*","N-acetyl-2-aminooctanoate*",NA,"hmdb:HMDB0059745","pubchem:95555","chemspider:86248","","","hmdb:HMDB0059745",NA,NA,NA,NA,"","N-Acetyl-2-aminooctanoic acid"
100020205,400,62060,218876,"Amino Acid","Alanine and Aspartate Metabolism",43,"NAMED","ZBYVTTSIVDYQSO-REOHCLBHSA-N","O=C(O)[C@@H](N)CC(NO)=O","hydroxyasparagine**","hydroxyasparagine**",NA,"hmdb:HMDB32332","pubchem:15991574","chemspider:88149","kegg:C20631","","hmdb:HMDB32332",NA,NA,NA,NA,"","Hydroxyasparagine"
100020207,209,62061,218865,"Xenobiotics","Food Component/Plant",4875,"NAMED","DKEIWIJUHWVGRC-UHFFFAOYSA-N","O=C1C(C(O)=C2)=C(C=C2OS(=O)(O)=O)OC=C1C(C=C3)=CC=C3O","genistein sulfate*","genistein sulfate*",NA,"","","","","","",NA,NA,NA,NA,"","Genistein sulfate"
100020208,209,62071,218880,"Xenobiotics","Chemical",6242,"NAMED","SNGREZUHAYWORS-UHFFFAOYSA-N","OC(C(F)(F)C(F)(F)C(F)(F)C(F)(F)C(F)(F)C(F)(F)C(F)(F)F)=O","perfluorooctanoate (PFOA)","perfluorooctanoate (PFOA)",NA,"hmdb:HMDB0059587","pubchem:9554","chemspider:9180","","","hmdb:HMDB0059587",NA,NA,NA,NA,"","Perfluorooctanoic acid"
100020211,400,62064,218870,"Lipid","Fatty Acid Metabolism (Acyl Glycine)",1832,"NAMED","VMIWHQCIHIUYCS-UHFFFAOYSA-N","O=C(CC(O)C)NCC(O)=O","3-hydroxybutyroylglycine**","3-hydroxybutyroylglycine**",NA,"","","","","","",NA,NA,NA,NA,"","3-hydroxybutyroylglycine"
100020212,305,62067,218874,"Xenobiotics","Drug - Analgesics, Anesthetics",5399,"NAMED","FLVLKWAQHDRIPH-UHFFFAOYSA-N","CC(C(OC1OC(C(O)=O)C(O)C(O)C1O)=O)C2=CC=C(CC(C)C(O)=O)C=C2","carboxyibuprofen glucuronide*","carboxyibuprofen glucuronide*",NA,"hmdb:HMDB60564","pubchem:135390721","","","","hmdb:HMDB60564",NA,NA,NA,NA,"","Carboxyibuprofen glucuronide"
100020214,209,62066,218872,"Lipid","Primary Bile Acid Metabolism",3470,"NAMED","ZQYUKJFJPJDMMR-PRRFOZOMSA-N","CC(C1CCC2C3[C@H]([C@H]([C@@]4(C[C@@H](CC[C@@]4(C3CC[C@]12C)C)O)[H])O)O)CCC(NCC(O)=O)=O","glyco-beta-muricholate**","glyco-beta-muricholate**",NA,"","","","","","",NA,NA,NA,NA,"","Gly-betaMCA"
100020215,400,62068,218877,"Amino Acid","Urea cycle; Arginine and Proline Metabolism",512,"NAMED","FMIPNAUMSPFTHK-UHFFFAOYSA-N","OC1CN(C)C(C(O)=O)C1","N-methylhydroxyproline**","N-methylhydroxyproline**",NA,"","pubchem:9860390","","","","pubchem:9860390",NA,NA,NA,NA,"","N-Methyl-4-hydroxyproline"
100020217,400,62947,220818,"Amino Acid","Urea cycle; Arginine and Proline Metabolism",519,"NAMED","KXONJPJIFNGMCN-UHFFFAOYSA-N","O=C(C([N+](C)(C)C)C)N1CCCC1C([O-])=O","N,N,N-trimethyl-alanylproline betaine (TMAP)","N,N,N-trimethyl-alanylproline betaine (TMAP)",NA,"hmdb:HMDB0240365","","","","","hmdb:HMDB0240365",NA,NA,NA,NA,"","N,N,N-Trimethyl-alanylproline betaine"
100020219,400,62863,220648,"Xenobiotics","Food Component/Plant",4786,"NAMED","OLNJUISKUQQNIM-UHFFFAOYSA-N","O=CC1=CNC2=CC=CC=C12","3-formylindole","3-formylindole",NA,"hmdb:HMDB29737","pubchem:10256","chemspider:9838","kegg:C08493","CAS:487-89-8","hmdb:HMDB29737",NA,NA,NA,NA,"","1H-Indole-3-carboxaldehyde"
100020241,400,62104,218950,"Peptide","Gamma-glutamyl Amino Acid",649,"NAMED","SCTJBDDLOROJJM-UHFFFAOYSA-N","NC(C(O)=O)CCC(NC(CCCNC(N)=O)C(O)=O)=O","gamma-glutamylcitrulline*","gamma-glutamylcitrulline*",NA,"","","","","","",NA,NA,NA,NA,"","gamma-Glutamylcitrulline"
100020243,209,62106,218952,"Xenobiotics","Drug - Antibiotic",5494,"NAMED","GXPIUNZCALHVBA-UHFFFAOYSA-N","O=S(C1=CC=C(C=C1)NC(C)=O)(NC2=NOC(C)=C2)=O","N4-acetylsulfamethoxazole*","N4-acetylsulfamethoxazole*",NA,"hmdb:HMDB0013854","pubchem:65280","chemspider:58771","kegg:D01601,C13061","","hmdb:HMDB0013854",NA,NA,NA,NA,"","N-Acetylsulfamethoxazole"
100020244,209,62107,218953,"Xenobiotics","Drug - Antibiotic",5495,"NAMED","YKWZTWOYFWCVKH-UHFFFAOYSA-N","O=S(C1=CC=C(NC(C)=O)C=C1)(NC2=NOC(CO)=C2)=O","N4-acetyl-5-hydroxysulfamethoxazole*","N4-acetyl-5-hydroxysulfamethoxazole*",NA,"","","","","","",NA,NA,NA,NA,"",NA
100020245,209,62108,218955,"Xenobiotics","Food Component/Plant",5196,"NAMED","KOTTWDFKZULRPN-OWOJBTEDSA-N","OC1=CC(O)=CC(/C=C/C2=CC=C(OS(=O)(O)=O)C=C2)=C1","resveratrol sulfate (1)*","resveratrol sulfate (1)*",NA,"","pubchem:25113755","","","","pubchem:25113755",NA,NA,NA,NA,"","Resveratrol sulfate"
100020246,209,62109,218956,"Xenobiotics","Food Component/Plant",5197,"NAMED","KOTTWDFKZULRPN-OWOJBTEDSA-N","OC1=CC(O)=CC(/C=C/C2=CC=C(OS(=O)(O)=O)C=C2)=C1","resveratrol sulfate (2)*","resveratrol sulfate (2)*",NA,"","pubchem:25113755","","","","pubchem:25113755",NA,NA,NA,NA,"","Resveratrol sulfate"
100020247,209,62110,218957,"Xenobiotics","Food Component/Plant",5194,"NAMED","DHYDAGFKCXRMSL-OWOJBTEDSA-N","OC1=CC(OS(=O)(O)=O)=CC(/C=C/C2=CC=C(OS(=O)(O)=O)C=C2)=C1","resveratrol disulfate (1)*","resveratrol disulfate (1)*",NA,"","","","","","",NA,NA,NA,NA,"","Resveratrol disulfate"
100020248,209,62111,218958,"Xenobiotics","Food Component/Plant",5195,"NAMED","DHYDAGFKCXRMSL-OWOJBTEDSA-N","OC1=CC(OS(=O)(O)=O)=CC(/C=C/C2=CC=C(OS(=O)(O)=O)C=C2)=C1","resveratrol disulfate (2)*","resveratrol disulfate (2)*",NA,"","","","","","",NA,NA,NA,NA,"","Resveratrol disulfate"
100020249,209,62112,218959,"Xenobiotics","Food Component/Plant",5199,"NAMED","CDEBVTGYVFHDMA-OWOJBTEDSA-N","OC1=CC(O)=CC(/C=C/C2=CC=C(OC3OC(C(O)=O)C(O)C(O)C3O)C=C2)=C1","resveratrol glucuronide (1)*","resveratrol glucuronide (1)*",NA,"","","","","","",NA,NA,NA,NA,"","Resveratrol glucuronide"
100020250,209,62113,218960,"Xenobiotics","Food Component/Plant",5198,"NAMED","CDEBVTGYVFHDMA-OWOJBTEDSA-N","OC1=CC(O)=CC(/C=C/C2=CC=C(OC3OC(C(O)=O)C(O)C(O)C3O)C=C2)=C1","resveratrol glucuronide (2)*","resveratrol glucuronide (2)*",NA,"","","","","","",NA,NA,NA,NA,"","Resveratrol glucuronide"
100020253,209,62145,219037,"Partially Characterized Molecules","Partially Characterized Molecules",6418,"NAMED","","","glycine conjugate of C10H12O2*","glycine conjugate of C10H12O2*",NA,"","","","","","",NA,NA,NA,NA,"",NA
100020254,209,62146,219038,"Partially Characterized Molecules","Partially Characterized Molecules",6419,"NAMED","","","glycine conjugate of C10H14O2 (1)*","glycine conjugate of C10H14O2 (1)*",NA,"","","","","","",NA,NA,NA,NA,"",NA
100020259,209,63658,223041,"Partially Characterized Molecules","Partially Characterized Molecules",6402,"NAMED","","","glutamine conjugate of C7H12O2*","glutamine conjugate of C7H12O2*",NA,"","","","","","",NA,NA,NA,NA,"",NA
100020261,209,63657,223045,"Partially Characterized Molecules","Partially Characterized Molecules",6400,"NAMED","","","glutamine conjugate of C6H10O2 (1)*","glutamine conjugate of C6H10O2 (1)*",NA,"","","","","","",NA,NA,NA,NA,"",NA
100020262,209,63660,223046,"Partially Characterized Molecules","Partially Characterized Molecules",6401,"NAMED","","","glutamine conjugate of C6H10O2 (2)*","glutamine conjugate of C6H10O2 (2)*",NA,"","","","","","",NA,NA,NA,NA,"",NA
100020272,209,62857,220633,"Xenobiotics","Food Component/Plant",4881,"NAMED","UMCDODPBPQMWQP-UHFFFAOYSA-N","COC1=C(OS(=O)(O)=O)C=CC(CCC(O)=O)=C1","dihydroferulic acid sulfate","dihydroferulic acid sulfate",NA,"hmdb:HMDB0041724","pubchem:187489","chemspider:162994","","","hmdb:HMDB0041724",NA,NA,NA,NA,"","Dihydroferulic acid 4-sulfate"
100020273,209,62883,220730,"Xenobiotics","Drug - Neurological",5817,"NAMED","XXKSYIHWRBBHIC-JVWRJRKNSA-N","CCCC(C(O[C@H]1[C@H](O)[C@@H](O)[C@H](O)[C@@H](C(O)=O)O1)=O)CCC","valproic acid glucuronide","valproic acid glucuronide",NA,"hmdb:HMDB0000901","pubchem:88111","chemspider:79488","","","hmdb:HMDB0000901",NA,NA,NA,NA,"","Valproic acid glucuronide"
100020276,402,62152,219058,"Lipid","Sphingomyelins",3113,"NAMED","VDFACZRLDXDTEB-WSYRTZMQSA-N","CCCCCCCCCCC/C=C/[C@@H](O)[C@@H](NC(CCCCCCCCCCCCCC)=O)COP(OCC[N+](C)(C)C)([O-])=O","sphingomyelin (d17:1/14:0, d16:1/15:0)*","sphingomyelin (d17:1/14:0, d16:1/15:0)*",NA,"","","","","","",NA,NA,NA,NA,"","SM 31:1;O2"
100020343,209,62850,220619,"Lipid","Long Chain Polyunsaturated Fatty Acid (n3 and n6)",1551,"NAMED","HXHZGHRLVRFQDR-HZJYTTRNSA-N","OC(CCC/C=C\C/C=C\CCCCC)=O","tetradecadienoate (14:2)*","tetradecadienoate (14:2)*",NA,"hmdb:HMDB0000560","pubchem:5312409","chemspider:4471834","","CAS:39039-37-7","hmdb:HMDB0000560",NA,NA,NA,NA,"","Tetradecadienoic acid"
100020351,209,62852,220621,"Amino Acid","Leucine, Isoleucine and Valine Metabolism",419,"NAMED","JDXMIYHOSFNZKO-UHFFFAOYSA-N","OC(C(C(C)C)NC(N)=O)=O","N-carbamoylvaline","N-carbamoylvaline",NA,"","pubchem:448879","chemspider:4324497","","CAS:26081-00-5","pubchem:448879",NA,NA,NA,NA,"","N-Carbamoylvaline"
100020360,209,62955,220839,"Amino Acid","Tryptophan Metabolism",279,"NAMED","BXZSKDOPGDPDEG-UHFFFAOYSA-N","OC1=CC(C(O)=O)=NC(C1=CC=C2)=C2OC","8-methoxykynurenate","8-methoxykynurenate",NA,"hmdb:HMDB0060426","pubchem:76230","chemspider:68710","kegg:C05830","CAS:2929-14-8","hmdb:HMDB0060426",NA,NA,NA,NA,"","8-Methoxykynurenic acid"
100020361,400,62853,220624,"Amino Acid","Urea cycle; Arginine and Proline Metabolism",489,"NAMED","YCCMTCQQDULIFE-UHFFFAOYSA-N","NC1CCCNC1=O","3-amino-2-piperidone","3-amino-2-piperidone",NA,"hmdb:HMDB0000323","pubchem:5200225","chemspider:4371576","","CAS:1892-22-4","hmdb:HMDB0000323",NA,NA,NA,NA,"","3-Amino-2-piperidone"
100020371,400,63151,221884,"Amino Acid","Alanine and Aspartate Metabolism",33,"NAMED","QCYOIFVBYZNUNW-BYPYZUCNSA-N","C[C@@](C(O)=O)(N(C)C)[H]","N,N-dimethylalanine","N,N-dimethylalanine",NA,"","pubchem:5488191","chemspider:4589713","","CAS:2812-31-9","pubchem:5488191",NA,NA,NA,NA,"","N,N-Dimethylalanine"
100020372,209,63583,222852,"Xenobiotics","Food Component/Plant",5215,"NAMED","DWLVFWDCSFTDOD-UHFFFAOYSA-N","OC(C(C1=CNC2=C1C=CC=C2)=O)=O","3-indoleglyoxylic acid","3-indoleglyoxylic acid",NA,"","pubchem:73863","chemspider:66497","","CAS:1477-49-2","pubchem:73863",NA,NA,NA,NA,"","3-Indoleglyoxylic acid"
100020373,305,62885,220735,"Xenobiotics","Chemical",6247,"NAMED","KGRVJHAUYBGFFP-UHFFFAOYSA-N","CC1=CC(C(C)(C)C)=C(C(CC2=C(C(C(C)(C)C)=CC(C)=C2)O)=C1)O","2,2'-Methylenebis(6-tert-butyl-p-cresol)","2,2'-Methylenebis(6-tert-butyl-p-cresol)",NA,"","pubchem:8398","chemspider:8092","","CAS:119-47-1","pubchem:8398",NA,NA,NA,NA,"","2,2'-Methylenebis(6-tert-butyl-p-cresol)"
100020377,209,64131,233912,"Xenobiotics","Food Component/Plant",5225,"NAMED","WYUFTYLVLQZQNH-JAJWTYFOSA-N","O[C@H]([C@H]1O)[C@@H]([C@@H](CO)O[C@H]1OCC)O","ethyl beta-glucopyranoside","ethyl beta-glucopyranoside",NA,"hmdb:HMDB0029968","pubchem:121667","chemspider:108559","","","hmdb:HMDB0029968",NA,NA,NA,NA,"","Ethyl glucoside"
100020378,209,63357,222415,"Lipid","Fatty Acid, Dicarboxylate",1710,"NAMED","LPIOYESQKJFWPQ-UHFFFAOYSA-N","OC(C(O)=O)CCCCCCCC(O)=O","2-hydroxysebacate","2-hydroxysebacate",NA,"hmdb:HMDB0000424","pubchem:128458","chemspider:113866","","CAS:103963-71-9","hmdb:HMDB0000424",NA,NA,NA,NA,"","2-Hydroxy-decanedioic acid"
100020409,305,63687,223113,"Cofactors and Vitamins","Ascorbate and Aldarate Metabolism",4350,"NAMED","FBFZPSQPKNIVMT-ZAFYKAAXSA-N","O=C1O[C@@]([C@@H](O)CO)([H])C(OS(=O)(O)=O)=C1O","ascorbic acid 3-sulfate*","ascorbic acid 3-sulfate*",NA,"","pubchem:11425365","chemspider:9600241","","","pubchem:11425365",NA,NA,NA,NA,"","Ascorbic acid 3-sulfate"
100020410,209,62530,219863,"Xenobiotics","Benzoate Metabolism",4470,"NAMED","SBLCKJXUMHOIBU-UHFFFAOYSA-N","O=C(NCC(O)=O)C1=CC(OS(=O)(O)=O)=CC=C1","3-hydroxyhippurate sulfate","3-hydroxyhippurate sulfate",NA,"","pubchem:186339","chemspider:161984","","","pubchem:186339",NA,NA,NA,NA,"","3-Hydroxyhippuric acid sulfate"
100020414,209,62503,219798,"Amino Acid","Tryptophan Metabolism",327,"NAMED","OAORYCZPERQARS-UHFFFAOYSA-N","Brc1ccc2c(CC(N)C(O)=O)c[nH]c2c1","6-bromotryptophan","6-bromotryptophan",NA,"","pubchem:9856996","","","","pubchem:9856996",NA,NA,NA,NA,"","6-Bromotryptophan"
100020416,209,62287,219260,"Cofactors and Vitamins","Tocopherol Metabolism",4377,"NAMED","BNVXCCQXUZCRSR-UHFFFAOYSA-N","OC1=CC2=C(C(C)=C1)OC(CCC(O)=O)(C)CC2","delta-CEHC","delta-CEHC",NA,"","pubchem:35027084","chemspider:9710906","","CAS:84599-16-6","pubchem:35027084",NA,NA,NA,NA,"","delta-CEHC"
100020417,400,62862,220645,"Amino Acid","Lysine Metabolism",115,"NAMED","XXEWFEBMSGLYBY-ZETCQYMHSA-N","OC([C@@H](N)CCCCN(C)C)=O","N6,N6-dimethyllysine","N6,N6-dimethyllysine",NA,"hmdb:HMDB0013287","pubchem:193344","chemspider:167778","kegg:C05545","CAS:2259-86-1","hmdb:HMDB0013287",NA,NA,NA,NA,"","N(6),N(6)-Dimethyl-lysine"
100020478,209,62276,219247,"Lipid","Fatty Acid, Dicarboxylate",1690,"NAMED","QHRHXXRXWDTFLI-HZJYTTRNSA-N","CCCCC/C=C\C/C=C\CC(O)=O","dodecadienoate (12:2)*","dodecadienoate (12:2)*",NA,"","pubchem:25480","","","","pubchem:25480",NA,NA,NA,NA,"","Dodecadienoic acid"
100020479,400,62279,219252,"Amino Acid","Tryptophan Metabolism",319,"NAMED","PBMNAYVZYLZVKC-UHFFFAOYSA-N","O=C(OC(C[N+](C)(C)C)CC([O-])=O)CC1=CNC2=CC=CC=C12","indoleacetoylcarnitine*","indoleacetoylcarnitine*",NA,"","","","","","",NA,NA,NA,NA,"",NA
100020480,209,62280,219253,"Cofactors and Vitamins","Tocopherol Metabolism",4380,"NAMED","XJAVOQFBEMHLBM-UHFFFAOYSA-N","O=S(OC1=C(C)C(C)=C2C(CCC(C)(CCC(O)=O)O2)=C1)(O)=O","gamma-CEHC sulfate","gamma-CEHC sulfate",NA,"","","","","","",NA,NA,NA,NA,"","gamma-CEHC sulfate"
100020483,209,62286,219259,"Cofactors and Vitamins","Tocopherol Metabolism",4378,"NAMED","UCCZSQROJUPRKT-UHFFFAOYSA-N","OC1C(OC2=CC(C)=C3C(CCC(C)(CCC(O)=O)O3)=C2)OC(C(O)=O)C(O)C1O","delta-CEHC glucuronide","delta-CEHC glucuronide",NA,"","","","","","",NA,NA,NA,NA,"",NA
100020487,400,62309,219289,"Amino Acid","Polyamine Metabolism",544,"NAMED","YGIAGXACEXFIDU-UHFFFAOYSA-N","O=C(C)NCCCNCCCC(O)=O","N-acetyl-isoputreanine","N-acetyl-isoputreanine",NA,"","pubchem:131802901","","","","pubchem:131802901",NA,NA,NA,NA,"","N-Acetylisoputreanine"
100020491,209,62290,219263,"Xenobiotics","Food Component/Plant",5009,"NAMED","","","glucuronide of piperine metabolite C17H21NO3 (3)*","glucuronide of piperine metabolite C17H21NO3 (3)*",NA,"","","","","","",NA,NA,NA,NA,"",NA
100020492,209,62291,219264,"Xenobiotics","Food Component/Plant",5010,"NAMED","","","glucuronide of piperine metabolite C17H21NO3 (4)*","glucuronide of piperine metabolite C17H21NO3 (4)*",NA,"","","","","","",NA,NA,NA,NA,"",NA
100020493,209,62292,219265,"Xenobiotics","Food Component/Plant",5011,"NAMED","","","glucuronide of piperine metabolite C17H21NO3 (5)*","glucuronide of piperine metabolite C17H21NO3 (5)*",NA,"","","","","","",NA,NA,NA,NA,"",NA
100020496,209,62295,219274,"Xenobiotics","Food Component/Plant",5018,"NAMED","","","sulfate of piperine metabolite C16H19NO3 (2)*","sulfate of piperine metabolite C16H19NO3 (2)*",NA,"","","","","","",NA,NA,NA,NA,"",NA
100020497,209,62296,219275,"Xenobiotics","Food Component/Plant",5019,"NAMED","","","sulfate of piperine metabolite C16H19NO3 (3)*","sulfate of piperine metabolite C16H19NO3 (3)*",NA,"","","","","","",NA,NA,NA,NA,"",NA
100020504,209,62299,219278,"Xenobiotics","Food Component/Plant",5026,"NAMED","","","sulfate of piperine metabolite C18H21NO3 (3)*","sulfate of piperine metabolite C18H21NO3 (3)*",NA,"","","","","","",NA,NA,NA,NA,"",NA
100020511,209,63253,222128,"Amino Acid","Tryptophan Metabolism",324,"NAMED","XVOLHSHNRIWYEW-UHFFFAOYSA-N","OC(C1OC(OC2=CC=C3C(C=CN3)=C2)C(O)C(O)C1O)=O","5-hydroxyindole glucuronide","5-hydroxyindole glucuronide",NA,"","","","","","",NA,NA,NA,NA,"",NA
100020513,400,62707,220221,"Amino Acid","Urea cycle; Arginine and Proline Metabolism",525,"NAMED","NUZAZRCJSJHGCC-ZETCQYMHSA-N","OC([C@H](CCCCNC(N)=O)NC(C)=O)=O","N-acetylhomocitrulline","N-acetylhomocitrulline",NA,"","","","","","",NA,NA,NA,NA,"",NA
100020514,400,62711,220227,"Xenobiotics","Food Component/Plant",5076,"NAMED","STZOUWQDQRPMBI-ZETCQYMHSA-N","O=C(NCC)CC[C@@H](C(O)=O)NC(C)=O","N-acetyltheanine","N-acetyltheanine",NA,"","","","","","",NA,NA,NA,NA,"",NA
100020515,209,62520,219835,"Xenobiotics","Chemical",6176,"NAMED","HXEZIDSFDHEIIQ-UHFFFAOYSA-N","O=S(OC1=CC=C(C=CC=C2)C2=C1)(O)=O","2-naphthol sulfate","2-naphthol sulfate",NA,"","pubchem:74428","chemspider:67020","","","pubchem:74428",NA,NA,NA,NA,"","2-Naphthyl sulfate"
100020519,209,62533,219867,"Xenobiotics","Food Component/Plant",5203,"NAMED","CLCCTVXAPVYLKM-UHFFFAOYSA-N","CC1=CC=C(C)C(OS(=O)(O)=O)=C1","(2,4 or 2,5)-dimethylphenol sulfate","(2,4 or 2,5)-dimethylphenol sulfate",NA,"","","","","","",NA,NA,NA,NA,"","Dimethylphenol sulfate"
100020536,209,63072,221702,"Xenobiotics","Benzoate Metabolism",4505,"NAMED","KHZCNGJFSKSSIJ-UHFFFAOYSA-N","OC1=CC=C(CC)C=C1OS(=O)(O)=O","4-ethylcatechol sulfate","4-ethylcatechol sulfate",NA,"","","","","","",NA,NA,NA,NA,"","4-Ethylcatechol sulfate"
100020541,209,63251,222126,"Lipid","Androgenic Steroids",3402,"NAMED","BRPLOVMHAFXVOQ-HXVIYJDASA-N","C[C@]12CC[C@@H](OC3C(O)C(O)C(O)C(C(O)=O)O3)C[C@]1([H])CC[C@]4([H])[C@]2([H])[C@@H](O)C[C@@]5(C)[C@@]4([H])CCC5=O","11beta-hydroxyandrosterone glucuronide","11beta-hydroxyandrosterone glucuronide",NA,"hmdb:HMDB0010351","","","","","hmdb:HMDB0010351",NA,NA,NA,NA,"",NA
100020542,209,64418,237607,"Lipid","Androgenic Steroids",3358,"NAMED","BRPLOVMHAFXVOQ-KXVRARTKSA-N","O[C@@H]1[C@@]2([H])[C@](CCC3[C@]2(C)CC[C@H](O[C@@H]4O[C@H](C(O)=O)[C@@H](O)[C@H](O)[C@H]4O)C3)([H])[C@@]5([H])[C@](C(CC5)=O)(C)C1","11beta-hydroxyetiocholanolone glucuronide*","11beta-hydroxyetiocholanolone glucuronide*",NA,"","","","","CAS:17181-15-6","",NA,NA,NA,NA,"",NA
100020545,400,63254,222161,"Amino Acid","Lysine Metabolism",110,"NAMED","UNPVIYLDJYPILW-VIFPVBQESA-N","OC([C@@H](NC(C)=O)CCCCN(C)C)=O","N2-acetyl,N6,N6-dimethyllysine","N2-acetyl,N6,N6-dimethyllysine",NA,"","","","","","",NA,NA,NA,NA,"","N2-Acetyl,N6,N6-dimethyllysine"
100020546,400,62954,220835,"Amino Acid","Lysine Metabolism",109,"NAMED","MKWKYAGEJHBUOX-QMMMGPOBSA-N","OC([C@@H](NC(C)=O)CCCCNC)=O","N2-acetyl,N6-methyllysine","N2-acetyl,N6-methyllysine",NA,"","","","","","",NA,NA,NA,NA,"","N2-Acetyl,N6-methyllysine"
100020549,209,62571,219957,"Lipid","Primary Bile Acid Metabolism",3472,"NAMED","RBLDVEUUCHVWMW-LFKDYQRZSA-N","O[C@H]1[C@@]2([H])[C@]3([H])CC[C@H]([C@H](C)CCC(O)=O)[C@@]3(C)[C@@H](O)C[C@]2([H])[C@@]4(C)CC[C@@H](OC5C(O)C(O)C(O)C(C(O)=O)O5)CC4C1","cholic acid glucuronide","cholic acid glucuronide",NA,"hmdb:HMDB0002577","pubchem:21252309","","","","hmdb:HMDB0002577",NA,NA,NA,NA,"","Cholic acid glucuronide"
100020550,209,63610,222934,"Lipid","Secondary Bile Acid Metabolism",3485,"NAMED","NNEIBJNHWVDJBA-WOSXBVGSSA-N","O[C@H]1C[C@]2([H])[C@@]3(C)CC[C@@H](OC4C(O)C(O)C(O)C(C(O)=O)O4)CC3CC[C@@]2([H])[C@]5([H])CC[C@H]([C@H](C)CCC(O)=O)[C@@]15C","deoxycholic acid glucuronide","deoxycholic acid glucuronide",NA,"","","","","","hmdb:HMDB0002596",NA,NA,NA,NA,"",NA
100020578,209,63597,222898,"Xenobiotics","Benzoate Metabolism",4507,"NAMED","USWXDXYEVISELK-UHFFFAOYSA-N","OS(OC1=CC=C(CC=C)C=C1O)(=O)=O","4-allylcatechol sulfate","4-allylcatechol sulfate",NA,"","","","","","",NA,NA,NA,NA,"","4-Allylcatechol sulfate"
100020585,209,62528,219861,"Xenobiotics","Tobacco Metabolite",4625,"NAMED","ZAEQSKSORYMOAE-UHFFFAOYSA-N","O=S(OC1=CC=C2C(CC3=C2C=CC=C3)=C1)(O)=O","2-hydroxyfluorene sulfate","2-hydroxyfluorene sulfate",NA,"","","","","","",NA,NA,NA,NA,"",NA
100020591,400,63236,222109,"Xenobiotics","Chemical",6223,"NAMED","IOLHQSZMUUGACW-UHFFFAOYSA-N","OC(C1OC(OC2=CC=CN=C2)C(O)C(O)C1O)=O","3-hydroxypyridine glucuronide","3-hydroxypyridine glucuronide",NA,"","","","","","",NA,NA,NA,NA,"",NA
100020606,305,63842,223410,"Xenobiotics","Food Component/Plant",5218,"NAMED","GRERMCGRRAMWSD-UHFFFAOYSA-N","OC(C1OC(OC2=C(OC)C=C(C(O)=O)C=C2)C(O)C(O)C1O)=O","vanillate glucuronide","vanillate glucuronide",NA,"hmdb:HMDB0240572","","","","","hmdb:HMDB0240572",NA,NA,NA,NA,"",NA
100020622,209,63857,223472,"Xenobiotics","Food Component/Plant",5217,"NAMED","IWRNHPTWPBSQSA-UHFFFAOYSA-N","OS(OC1=CC=C(C(OC)=O)C=C1OC)(=O)=O","methyl vanillate sulfate","methyl vanillate sulfate",NA,"","","","","","",NA,NA,NA,NA,"",NA
100020631,209,62735,220261,"Lipid","Fatty Acid Metabolism (Acyl Glutamine)",1785,"NAMED","VCZLDSLBUPQMCV-UHFFFAOYSA-N","CCC(C)CCC(NC(CCC(N)=O)C(O)=O)=O","4-methylhexanoylglutamine","4-methylhexanoylglutamine",NA,"","","","","","",NA,NA,NA,NA,"",NA
100020676,209,64104,235213,"Xenobiotics","Drug - Metabolic",5786,"NAMED","TUZYXOIXSAXUGO-PZAWKZKUSA-N","O[C@H]1C[C@H](OC([C@@H](C)CC)=O)[C@@]2([H])C(C=C[C@H](C)[C@@H]2CC[C@H](C[C@H](CC(O)=O)O)O)=C1","pravastatin","pravastatin",NA,"hmdb:HMDB0005022","pubchem:54687","chemspider:49398","kegg:DG00353,C01844,D08410","","hmdb:HMDB0005022",NA,NA,NA,NA,"","Pravastatin"
100020680,402,64114,234995,"Xenobiotics","Drug - Respiratory",5947,"NAMED","MAFMQEKGGFWBAB-UHFFFAOYSA-N","CCCCNC1=CC=C(C(OCCOCCOCCOCCOCCOCCOCCOCCOCCOC)=O)C=C1","benzonatate","benzonatate",NA,"hmdb:HMDB0015006","pubchem:7699","chemspider:7413","kegg:D00242","","hmdb:HMDB0015006",NA,NA,NA,NA,"",NA
100020787,209,62474,219736,"Xenobiotics","Drug - Antibiotic",5486,"NAMED","SDLYZOYQWKDWJG-UHFFFAOYSA-N","FC1=C(C=C(C2=C1)N(C=C(C(O)=O)C2=O)C3CC3)N(CC4)CCN4S(O)(=O)=O","sulfociprofloxacin*","sulfociprofloxacin*",NA,"","pubchem:128781","chemspider:114121","","","pubchem:128781",NA,NA,NA,NA,"","Sulfociprofloxacin"
100020790,402,62477,219743,"Xenobiotics","Drug - Psychoactive",5872,"NAMED","PTJADDMMFYXMMG-UHFFFAOYSA-N","FC1=CC=C(C=C1)C2(CCCNC)OCC3=C2C=CC(C#N)=C3","desmethylcitalopram*","desmethylcitalopram*",NA,"hmdb:HMDB0014021","pubchem:162180","chemspider:142424","kegg:C16608","","hmdb:HMDB0014021",NA,NA,NA,NA,"","N-Desmethylcitalopram"
100020792,402,62476,219742,"Xenobiotics","Drug - Psychoactive",5870,"NAMED","DIOGFDCEWUUSBQ-UHFFFAOYSA-N","FC1=CC=C(C=C1)C2(CCC[N+](C)(C)[O-])OCC3=C2C=CC(C#N)=C3","citalopram N-oxide*","citalopram N-oxide*",NA,"hmdb:HMDB0060654","pubchem:10068142","chemspider:8243682","kegg:C16607","","hmdb:HMDB0060654",NA,NA,NA,NA,"","Citalopram N-oxide"
100020793,209,62479,219745,"Xenobiotics","Drug - Psychoactive",5871,"NAMED","JSYNRZJODZWUKX-UHFFFAOYSA-N","FC1=CC=C(C=C1)C2(CCC(O)=O)OCC3=C2C=CC(C#N)=C3","citalopram propionate*","citalopram propionate*",NA,"hmdb:HMDB60463","pubchem:10403174","chemspider:8578612","kegg:C16610","","hmdb:HMDB60463",NA,NA,NA,NA,"","Citalopram propionic acid"
100020796,209,62480,219746,"Xenobiotics","Drug - Psychoactive",5881,"NAMED","OBIZFSZXDHWUJZ-ANUWOGMRSA-N","O=C(O)[C@H]1O[C@H]([C@H](O)[C@@H](O)[C@@H]1O)OC2=CC=C(C3=CC=CC=C23)O[C@](CCNC)([H])C4=CC=CS4","4-hydroxy duloxetine glucuronide*","4-hydroxy duloxetine glucuronide*",NA,"hmdb:HMDB0060763","pubchem:29981512","chemspider:28516882","","","hmdb:HMDB0060763",NA,NA,NA,NA,"","4-Hydroxy-duloxetine glucuronide"
100020798,209,62481,219747,"Xenobiotics","Drug - Psychoactive",5882,"NAMED","XYZBSFYKOKLCKI-INIZCTEOSA-N","CNCC[C@@H](C1=CC=CS1)OC2=CC=CC3=C(C(OC)=CC=C23)OS(=O)(O)=O","5-hydroxy-6-methoxy duloxetine sulfate*","5-hydroxy-6-methoxy duloxetine sulfate*",NA,"","","chemspider:25061067","","","",NA,NA,NA,NA,"","5-Hydroxy-6-methoxyduloxetine sulfate"
100020805,402,62484,219752,"Xenobiotics","Drug - Psychoactive",5893,"NAMED","JLOAJISUHPIQOX-UHFFFAOYSA-N","N1(C2=NC3=C(SC4=C2C=CC=C4)C=CC=C3)CCNCC1","N-desalkylquetiapine*","N-desalkylquetiapine*",NA,"","pubchem:11369918","chemspider:9544835","","","pubchem:11369918",NA,NA,NA,NA,"","Cer 17:1;O2/16:0"
100020810,400,62485,219753,"Xenobiotics","Drug - Gastrointestinal",5743,"NAMED","DFJVUWAHTQPQCV-MDWZMJQESA-N","[O-][N+](C)(C)CC1=CC=C(CSCCN([H])/C(N([H])C)=C/[N+]([O-])=O)O1","ranitidine N-oxide*","ranitidine N-oxide*",NA,"","pubchem:62985","chemspider:2298463","","","pubchem:62985",NA,NA,NA,NA,"","Ranitidine N-oxide"
100020811,209,62970,221490,"Xenobiotics","Drug - Cardiovascular",5665,"NAMED","BPZSPAZBZFZZBN-UHFFFAOYSA-N","O=C1OC(C=CC=C2)=C2C(O)=C1C(C3=CC=CC=C3)C(O)C(C)=O","10-hydroxywarfarin","10-hydroxywarfarin",NA,"hmdb:HMDB0013884","pubchem:54692492","chemspider:19983904","","","hmdb:HMDB0013884",NA,NA,NA,NA,"","10-Hydroxywarfarin"
100020813,209,62972,221494,"Xenobiotics","Drug - Cardiovascular",5664,"NAMED","SKFYEJMLNMTTJA-UHFFFAOYSA-N","O=C1OC(C=C(O)C=C2)=C2C(O)=C1C(C3=CC=CC=C3)CC(C)=O","7-hydroxywarfarin","7-hydroxywarfarin",NA,"hmdb:HMDB0013886","pubchem:54682507,54732122","chemspider:20129467","","","hmdb:HMDB0013886",NA,NA,NA,NA,"","7-Hydroxywarfarin"
100020814,209,62973,221496,"Xenobiotics","Drug - Cardiovascular",5663,"NAMED","IQWPEJBUOJQPDE-UHFFFAOYSA-N","O=C1C(C(C2=CC=CC=C2)CC(C)=O)=C(O)C(C=C3O)=C(C=C3)O1","6-hydroxywarfarin","6-hydroxywarfarin",NA,"hmdb:HMDB0013883,HMDB0013880","pubchem:54682459","chemspider:10533313","","","hmdb:HMDB0013883",NA,NA,NA,NA,"","6-Hydroxywarfarin"
100020819,209,63731,223256,"Lipid","Secondary Bile Acid Metabolism",3518,"NAMED","DKXXSIJHWWVNMO-XROMFQGDSA-N","[H][C@@]12[C@@]3(C)CC[C@@H](OS(=O)(O)=O)C[C@@]3([H])C[C@H](O)[C@@]1([H])[C@]4([H])CC[C@]([H])([C@H](C)CCC(NCC(O)=O)=O)[C@@]4(C)CC2","glycoursodeoxycholic acid sulfate (1)","glycoursodeoxycholic acid sulfate (1)",NA,"","","","","","",NA,NA,NA,NA,"",NA
100020822,305,62524,219858,"Xenobiotics","Food Component/Plant",4835,"NAMED","WEPNMLSXEATIJK-UHFFFAOYSA-N","OC1=CC(CCC(O)=O)=CC=C1OS(O)(=O)=O","dihydrocaffeate sulfate (2)","dihydrocaffeate sulfate (2)",NA,"","","","","","",NA,NA,NA,NA,"","Dihydrocaffeic acid 3-sulfate"
100020823,209,62526,219859,"Lipid","Secondary Bile Acid Metabolism",3498,"NAMED","AXDXVEYHEODSPN-HVATVPOCSA-N","[H][C@@]12[C@@]3(C)CC[C@@H](OS(=O)(O)=O)C[C@@]3([H])CC[C@@]1([H])[C@]4([H])CC[C@]([H])([C@H](C)CCC(O)=O)[C@@]4(C)CC2","lithocholate sulfate (1)","lithocholate sulfate (1)",NA,"","pubchem:451489","","","","pubchem:451489",NA,NA,NA,NA,"","Lithocholic acid 3-sulfate"
100020824,209,62527,219860,"Lipid","Secondary Bile Acid Metabolism",3499,"NAMED","AXDXVEYHEODSPN-HVATVPOCSA-N","[H][C@@]12[C@@]3(C)CC[C@@H](OS(=O)(O)=O)C[C@@]3([H])CC[C@@]1([H])[C@]4([H])CC[C@]([H])([C@H](C)CCC(O)=O)[C@@]4(C)CC2","lithocholic acid sulfate (2)","lithocholic acid sulfate (2)",NA,"","","","","","",NA,NA,NA,NA,"","Lithocholic acid 3-sulfate"
100020825,400,62557,219908,"Lipid","Fatty Acid Metabolism (Acyl Carnitine, Hydroxy)",1922,"NAMED","VYEONLJQPYRKAN-UHFFFAOYSA-N","C[N+](C)(C)CC(OC(CC(O)CCC)=O)CC([O-])=O","3-hydroxyhexanoylcarnitine (1)","3-hydroxyhexanoylcarnitine (1)",NA,"","","","","","hmdb:HMDB0061633",NA,NA,NA,NA,"","CAR 6:0;3OH"
100020827,209,62567,219930,"Xenobiotics","Drug - Analgesics, Anesthetics",5387,"NAMED","VOXWKXZBPMQUJH-UHFFFAOYSA-N","CSC1=CC(NC(C)=O)=CC=C1OS(O)(=O)=O","3-(methylthio)acetaminophen sulfate*","3-(methylthio)acetaminophen sulfate*",NA,"","","","","","",NA,NA,NA,NA,"",NA
100020833,209,63120,221782,"Amino Acid","Leucine, Isoleucine and Valine Metabolism",348,"NAMED","GPPUPQFYDYLTIY-UHFFFAOYSA-N","CCCCCCC(C(O)=O)=O","2-ketocaprylate","2-ketocaprylate",NA,"hmdb:HMDB13211","pubchem:67600","chemspider:60921","","CAS:328-51-8","hmdb:HMDB13211",NA,NA,NA,NA,"","2-Keto-octanoic acid"
100020837,209,63042,221621,"Xenobiotics","Drug - Topical Agents",5962,"NAMED","AKEUNCKRJATALU-UHFFFAOYSA-N","OC(C1=C(O)C=CC=C1O)=O","2,6-dihydroxybenzoic acid","2,6-dihydroxybenzoic acid",NA,"hmdb:HMDB0013676","pubchem:9338","chemspider:8974","","CAS:303-07-1","hmdb:HMDB0013676",NA,NA,NA,NA,"","2,6-Dihydroxybenzoic acid"
100020842,400,62819,220461,"Amino Acid","Lysine Metabolism",137,"NAMED","UYZSNVLEDLCWGU-UHFFFAOYSA-N","CN(C)CCCCC(O)=O","N,N-dimethyl-5-aminovalerate","N,N-dimethyl-5-aminovalerate",NA,"","","","","","",NA,NA,NA,NA,"","N,N-Dimethyl-5-aminovaleric acid"
100020844,209,62784,220399,"Lipid","Secondary Bile Acid Metabolism",3520,"NAMED","GLVWZDCWCRWVFM-LBSADWJPSA-N","[H][C@@]12[C@@]3(C)CC[C@@H](OS(=O)(O)=O)C[C@@]3([H])C[C@H](O)[C@@]1([H])[C@]4([H])CC[C@]([H])([C@H](C)CCC(NCCS(=O)(O)=O)=O)[C@@]4(C)CC2","tauroursodeoxycholic acid sulfate (1)","tauroursodeoxycholic acid sulfate (1)",NA,"","","","","","",NA,NA,NA,NA,"",NA
100020851,209,62796,220411,"Xenobiotics","Food Component/Plant",4898,"NAMED","NUPWKYZXNXCOHY-UHFFFAOYSA-N","CCC1=C(OS(=O)(O)=O)C(O)=CC=C1","3-ethylcatechol sulfate (1)","3-ethylcatechol sulfate (1)",NA,"","","","","","",NA,NA,NA,NA,"","3-Ethylcatechol sulfate"
100020852,209,62797,220412,"Xenobiotics","Food Component/Plant",4899,"NAMED","NUPWKYZXNXCOHY-UHFFFAOYSA-N","CCC1=C(OS(=O)(O)=O)C(O)=CC=C1","3-ethylcatechol sulfate (2)","3-ethylcatechol sulfate (2)",NA,"","","","","","",NA,NA,NA,NA,"","3-Ethylcatechol sulfate"
100020853,209,62798,220413,"Xenobiotics","Food Component/Plant",4813,"NAMED","RRWBOGSYNDIRNR-UHFFFAOYSA-N","OC1=CC=C(C(C)=O)C=C1OS(=O)(O)=O","4-acetylcatechol sulfate (1)","4-acetylcatechol sulfate (1)",NA,"","","","","","",NA,NA,NA,NA,"","4-Acetylcatechol sulfate "
100020868,400,64075,235069,"Xenobiotics","Drug - Antibiotic",5530,"NAMED","IEDVJHCEMCRBQM-UHFFFAOYSA-N","COc1c(OC)c(OC)cc(Cc2c(N)nc(N)nc2)c1","trimethoprim","trimethoprim",NA,"hmdb:HMDB0014583","pubchem:5578","chemspider:5376","kegg:C01965,D00145","CAS:738-70-5","hmdb:HMDB0014583",NA,NA,NA,NA,"","Trimethoprim"
100020870,400,64109,235091,"Xenobiotics","Drug - Antibiotic",5498,"NAMED","DYKFCLLONBREIL-KVUCHLLUSA-N","CN(c1c(C[C@H]2C[C@H]3[C@H](N(C)C)C(O)=C(C(N)=O)C([C@@]3(O)C(O)=C2C4=O)=O)c4c(O)cc1)C","minocyclin","minocyclin",NA,"hmdb:HMDB0015152","","chemspider:16735907","kegg:D05045,C07225","CAS:10118-90-8","hmdb:HMDB0015152",NA,NA,NA,NA,"","Minocycline"
100020877,400,64125,235107,"Xenobiotics","Drug - Neurological",5850,"NAMED","ADEBPBSSDYVVLD-UHFFFAOYSA-N","COc1c(OC)cc(C(C(CC2CCN(Cc3ccccc3)CC2)C4)=O)c4c1","donepezil","donepezil",NA,"hmdb:HMDB0005041","pubchem:3152","chemspider:3040","kegg:D07869","CAS:120014-06-4","hmdb:HMDB0005041",NA,NA,NA,NA,"","Donepezil"
100020883,402,63916,223793,"Xenobiotics","Drug - Metabolic",5760,"NAMED","ZNNLBTZKUZBEKO-UHFFFAOYSA-N","COc1c(C(NCCc2ccc(S(=O)(NC(NC3CCCCC3)=O)=O)cc2)=O)cc(Cl)cc1","glyburide","glyburide",NA,"hmdb:HMDB0015151","pubchem:3488","chemspider:3368","kegg:D00336,C07022","CAS:10238-21-8","hmdb:HMDB0015151",NA,NA,NA,NA,"","Glyburide"
100020884,209,64107,235219,"Xenobiotics","Drug - Metabolic",5759,"NAMED","ZJJXGWJIGJFDTL-UHFFFAOYSA-N","Cc1ncc(C(NCCc2ccc(S(=O)(NC(NC3CCCCC3)=O)=O)cc2)=O)nc1","glipizide","glipizide",NA,"hmdb:HMDB0015200","pubchem:3478","chemspider:3359","kegg:D00335","CAS:29094-61-9","hmdb:HMDB0015200",NA,NA,NA,NA,"","Glipizide"
100020886,402,64108,234985,"Xenobiotics","Drug - Metabolic",5761,"NAMED","FAEKWTJYAYMJKF-QHCPKHFHSA-N","CCOc1c(C(O)=O)ccc(CC(N[C@H](c2c(N3CCCCC3)cccc2)CC(C)C)=O)c1","repaglinide","repaglinide",NA,"hmdb:HMDB0015048","pubchem:10479034,65981","chemspider:59377","kegg:C07670,D00594","CAS:135062-02-1","hmdb:HMDB0015048",NA,NA,NA,NA,"","Repaglinide"
100020892,402,64124,235003,"Xenobiotics","Drug - Respiratory",5944,"NAMED","UCHDWCPVSPXUMX-TZIWLTJVSA-N","CC(c1c(CC[C@@H](SCC2(CC(O)=O)CC2)c3cc(/C=C/c(cc4)nc5c4ccc(Cl)c5)ccc3)cccc1)(O)C","montelukast","montelukast",NA,"hmdb:HMDB0014614","pubchem:5281040","chemspider:4444507","kegg:C07482","CAS:158966-92-8","hmdb:HMDB0014614",NA,NA,NA,NA,"",NA
100020893,209,62805,220431,"Amino Acid","Methionine, Cysteine, SAM and Taurine Metabolism",448,"NAMED","XMZBEAXQGSBWLG-NSCUHMNNSA-N","OC(C(O)=O)C(O)/C=C/SC","2,3-dihydroxy-5-methylthio-4-pentenoate (DMTPA)*","2,3-dihydroxy-5-methylthio-4-pentenoate (DMTPA)*",NA,"hmdb:HMDB0240388","","","","","hmdb:HMDB0240388",NA,NA,NA,NA,"","2,3-Dihydroxy-5-methylthio-4-pentenoic acid"
100020906,400,64100,235087,"Xenobiotics","Drug - Antineoplastic",5636,"NAMED","DRHKJLXJIQTDTD-OAHLLOKOSA-N","CCOc1c(OCCN[C@@H](Cc2cc(S(=O)(N)=O)c(OC)cc2)C)cccc1","tamsulosin","tamsulosin",NA,"hmdb:HMDB0014844","pubchem:129211","chemspider:114457","kegg:D08560,C07124","CAS:106133-20-4","hmdb:HMDB0014844",NA,NA,NA,NA,"","Tamsulosin"
100020907,402,64093,234961,"Xenobiotics","Drug - Analgesics, Anesthetics",5418,"NAMED","ZRVUJXDFFKFLMG-UHFFFAOYSA-N","Cc1sc(NC(C2=C(O)c3c(S(=O)(N2C)=O)cccc3)=O)nc1","meloxicam","meloxicam",NA,"hmdb:HMDB0014952","pubchem:54677470","chemspider:10442740","kegg:D00969,C08169","CAS:71125-38-7","hmdb:HMDB0014952",NA,NA,NA,NA,"","Meloxicam"
100020908,209,62813,220443,"Peptide","Fibrinogen Cleavage Peptide",1180,"NAMED","CCYANGYMJWBLQM-UHFFFAOYSA-N","OC(C(C)NC(C(CO)NC(C(CC1=CC=CC=C1)NC(C(CC2=CC=CC=C2)NC(CNC(C(CCC(O)=O)NC(C(CCC(O)=O)NC(C(CC(N)=O)NC(C(CC(O)=O)NC(C(CC(N)=O)NC(C(C(C)C)NC(CNC(C(CC3)NC3=O)=O)=O)=O)=O)=O)=O)=O)=O)=O)=O)=O)=O)=O","Fibrinopeptide B (1-13)**","Fibrinopeptide B (1-13)**",NA,"","","","","","",NA,NA,NA,NA,"",NA
100020909,402,64102,234975,"Xenobiotics","Drug - Cardiovascular",5696,"NAMED","PSIFNNKUMBGKDQ-UHFFFAOYSA-N","CCCCc1n(Cc2ccc(c3c(c4nnn[nH]4)cccc3)cc2)c(CO)c(Cl)n1","losartan","losartan",NA,"hmdb:HMDB0014816","pubchem:3961","","kegg:C07072,D08146","CAS:114798-26-4","hmdb:HMDB0014816",NA,NA,NA,NA,"","Losartan"
100020914,402,64132,235009,"Xenobiotics","Drug - Neurological",5837,"NAMED","JURKNVYFZMSNLP-UHFFFAOYSA-N","CN(CC/C=C1c2c(C=Cc3ccccc3\1)cccc2)C","cyclobenzaprine","cyclobenzaprine",NA,"hmdb:HMDB0015060","pubchem:2895","chemspider:2792","kegg:D07758,C06931","CAS:303-53-7","hmdb:HMDB0015060",NA,NA,NA,NA,"","Cyclobenzaprine"
100020917,400,63285,222267,"Xenobiotics","Drug - Antiviral",5578,"NAMED","XQSPYNMVSIKCOC-NTSWFWBYSA-N","O=c1n([C@@H]2CS[C@H](CO)O2)cc(F)c(N)n1","emtricitabine","emtricitabine",NA,"hmdb:HMDB0015017","pubchem:60877","chemspider:54859","kegg:C12599,D01199","CAS:143491-57-0","hmdb:HMDB0015017",NA,NA,NA,NA,"","Emtricitabine"
100020922,209,63282,222261,"Xenobiotics","Drug - Antiviral",5572,"NAMED","XPOQHMRABVBWPR-ZDUSSCGKSA-N","Clc1ccc2c([C@@](C#CC3CC3)(C(F)(F)F)OC(N2)=O)c1","efavirenz","efavirenz",NA,"hmdb:HMDB0014763","pubchem:64139","chemspider:57715","kegg:C08088,D00896","CAS:154598-52-4","hmdb:HMDB0014763",NA,NA,NA,NA,"","Efavirenz"
100020929,402,63278,222250,"Xenobiotics","Drug - Antiviral",5563,"NAMED","NCDNCNXCDXHOMX-XGKFQTDJSA-N","CC(c1scc(CN(C(N[C@H](C(N[C@H](C[C@H](O)[C@@H](NC(OCc2scnc2)=O)Cc3ccccc3)Cc4ccccc4)=O)C(C)C)=O)C)n1)C","ritonavir","ritonavir",NA,"hmdb:HMDB0014646","pubchem:392622","chemspider:347980","kegg:D00427","CAS:155213-67-5","hmdb:HMDB0014646",NA,NA,NA,NA,"","Ritonavir"
100020932,402,63288,222280,"Xenobiotics","Drug - Antiviral",5566,"NAMED","KJHKTHWMRKYKJE-SUGCFTRWSA-N","Cc1c(OCC(N[C@H]([C@@H](O)C[C@@H](NC([C@@H](N2CCCNC2=O)C(C)C)=O)Cc3ccccc3)Cc4ccccc4)=O)c(C)ccc1","lopinavir","lopinavir",NA,"hmdb:HMDB0015539","pubchem:92727","chemspider:83706","kegg:D01425","CAS:192725-17-0","hmdb:HMDB0015539",NA,NA,NA,NA,"","Lopinavir"
100020934,402,63276,222246,"Xenobiotics","Drug - Antiviral",5567,"NAMED","RHWKPHLQXYSBKR-BMIGLBTASA-N","C[C@@H]1CCO[C@@H]2N1C(c(c3O)n(C2)cc(C(NCc4c(F)cc(F)cc4)=O)c3=O)=O","dolutegravir","dolutegravir",NA,"","pubchem:54726191","chemspider:25051637","kegg:D10066","CAS:1051375-19-9","pubchem:54726191",NA,NA,NA,NA,"","Dolutegravir"
100020936,305,63286,222273,"Xenobiotics","Drug - Antiviral",5568,"NAMED","CZFFBEXEKNGXKS-UHFFFAOYSA-N","Cc1oc(C(NC(C)(c(nc(C(NCc2ccc(F)cc2)=O)c3O)n(C)c3=O)C)=O)nn1","raltegravir","raltegravir",NA,"","pubchem:54671008","chemspider:16445111","kegg:DG00666,D06676","CAS:518048-05-0","pubchem:54671008",NA,NA,NA,NA,"","Raltegravir"
100020946,402,64122,235001,"Xenobiotics","Drug - Psychoactive",5922,"NAMED","DDLIGBOFAVUZHB-UHFFFAOYSA-N","Cc1n(c2c(C(c3c(F)cccc3)=NC4)cc(Cl)cc2)c4cn1","midazolam","midazolam",NA,"hmdb:HMDB0014821","pubchem:4192","chemspider:4047","kegg:D00550,C07524","CAS:59467-70-8","hmdb:HMDB0014821",NA,NA,NA,NA,"","Midazolam"
100020973,209,63230,222087,"Xenobiotics","Chemical",6253,"NAMED","UAQAOMYUJQVGMD-UHFFFAOYSA-N","CC1=NC=C(OS(=O)(O)=O)C=C1","5-hydroxy-2-methylpyridine sulfate","5-hydroxy-2-methylpyridine sulfate",NA,"","","","","","",NA,NA,NA,NA,"",NA
100020975,209,63227,222084,"Xenobiotics","Chemical",6255,"NAMED","GOXQGRHDLROYBT-UHFFFAOYSA-N","CC1=NC=CC=C1OS(=O)(O)=O","3-hydroxy-2-methylpyridine sulfate","3-hydroxy-2-methylpyridine sulfate",NA,"","","","","","",NA,NA,NA,NA,"",NA
100021000,402,62851,220620,"Lipid","Sphingomyelins",3105,"NAMED","FAVAZPKFPKOYCT-VTAPXIELSA-N","CCCCCCCCCCCCCCC(O)C(N[C@@H](COP([O-])(OCC[N+](C)(C)C)=O)[C@@H](/C=C/CCCCCCCCCCCCC)O)=O","hydroxypalmitoyl sphingomyelin (d18:1/16:0(OH))**","hydroxypalmitoyl sphingomyelin (d18:1/16:0(OH))**",NA,"","","","","","",NA,NA,NA,NA,"","SM 18:1;O2/16:0;O"
100021012,400,62871,220663,"Xenobiotics","Food Component/Plant",4805,"NAMED","PKECGHXYZFBIDX-UHFFFAOYSA-N","OCC1=CC=C(C(OC(CC([O-])=O)C[N+](C)(C)C)=O)O1","5-hydroxymethyl-2-furoylcarnitine*","5-hydroxymethyl-2-furoylcarnitine*",NA,"","","","","","",NA,NA,NA,NA,"",NA
100021065,209,63048,221638,"Xenobiotics","Bacterial/Fungal",5298,"NAMED","IJKRDVKGCQRKBI-UHFFFAOYSA-N","CCCCCCC1CC1CCCCCCCCCC(O)=O","lactobacillic acid","lactobacillic acid",NA,"","pubchem:656761","chemspider:9988","","CAS:503-06-0","pubchem:656761",NA,NA,NA,NA,"","Lactobacillic acid"
100021079,400,64111,235093,"Xenobiotics","Drug - Antineoplastic",5616,"NAMED","KTUFNOKKBVMGRW-UHFFFAOYSA-N","Cc1c(Nc2nc(c3cnccc3)ccn2)cc(NC(c4ccc(CN5CCN(C)CC5)cc4)=O)cc1","imatinib","imatinib",NA,"hmdb:HMDB0014757","pubchem:5291","chemspider:5101","kegg:DG00710,D08066","CAS:152459-95-5","hmdb:HMDB0014757",NA,NA,NA,NA,"","Imatinib"
100021080,402,64205,237128,"Xenobiotics","Drug - Antineoplastic",5635,"NAMED","NKANXQFJJICGDU-QPLCGJKRSA-N","CC/C(c1ccccc1)=C(c2ccc(OCCN(C)C)cc2)\c3ccccc3","tamoxifen","tamoxifen",NA,"hmdb:HMDB14813","pubchem:2733526","chemspider:2015313","kegg:D08559,C07108","CAS:10540-29-1","hmdb:HMDB14813",NA,NA,NA,NA,"","Tamoxifen"
100021084,402,64134,235013,"Xenobiotics","Drug - Analgesics, Anesthetics",5445,"NAMED","USSIQXCVUWKGNF-UHFFFAOYSA-N","CCC(C(c1ccccc1)(c2ccccc2)CC(N(C)C)C)=O","methadone","methadone",NA,"hmdb:HMDB0014477","pubchem:4095","chemspider:3953","kegg:D08195,C07163","CAS:76-99-3","hmdb:HMDB0014477",NA,NA,NA,NA,"","Methadone"
100021093,209,62890,220741,"Lipid","Secondary Bile Acid Metabolism",3542,"NAMED","IJHJZQKOSUFQCX-WZJRQFJBSA-N","[H][C@@](CCC(NCCS(O)(=O)=O)=O)([C@]1(CC[C@]2([C@@]3([C@@H](C[C@@]4(C[C@H](S(O)(=O)=O)CC[C@@]4([C@]3(C[C@H]([C@]12C)O)[H])C)[H])O)[H])[H])[H])C","taurochenodeoxycholic acid 3-sulfate","taurochenodeoxycholic acid 3-sulfate",NA,"hmdb:HMDB0002486","pubchem:52931550","chemspider:24850141","","","hmdb:HMDB0002486",NA,NA,NA,NA,"","Taurochenodeoxycholic acid 3-sulfate"
100021100,209,62918,220774,"Lipid","Fatty Acid, Dicarboxylate",1695,"NAMED","MUFSRLVOUKHPIZ-OVYZBVKCSA-N","O=C(O)CCC/C=C\C/C=C\CCCCC(O)=O","tetradecadienedioate (C14:2-DC)*","tetradecadienedioate (C14:2-DC)*",NA,"","pubchem:86018718","","","","pubchem:86018718",NA,NA,NA,NA,"",NA
100021103,209,62922,220778,"Lipid","Pregnenolone Steroids",3262,"NAMED","HIYOTPJZDPVBTL-HXOPQMAFSA-N","O[C@H]1C2=C[C@@H](OS(=O)(O)=O)CC[C@]2(C)C3CC[C@@]4(C)C(CCC4[C@H](O)C)C3C1","pregnenetriol sulfate*","pregnenetriol sulfate*",NA,"","pubchem:129671303","","","","pubchem:129671303",NA,NA,NA,NA,"",NA
100021104,209,62921,220777,"Lipid","Pregnenolone Steroids",3263,"NAMED","KANYWSIUKWPEOE-HXOPQMAFSA-N","C[C@]12CC[C@H](OS(=O)(O)=O)C=C1[C@H](OS(=O)(O)=O)CC3C2CC[C@@]4(C)C3CCC4[C@H](O)C","pregnenetriol disulfate*","pregnenetriol disulfate*",NA,"","","","","","",NA,NA,NA,NA,"",NA
100021105,209,62923,220779,"Lipid","Fatty Acid, Dicarboxylate",1704,"NAMED","NZLFRLCYQVOISV-IWQZZHSRSA-N","OC(CCCCCCCCC/C=C\CCCCCCCC(O)=O)=O","eicosenedioate (C20:1-DC)*","eicosenedioate (C20:1-DC)*",NA,"","","","","","",NA,NA,NA,NA,"",NA
100021109,400,63870,223586,"Xenobiotics","Drug - Analgesics, Anesthetics",5447,"NAMED","PMCBDBWCQQBSRJ-UHFFFAOYSA-N","CCC(N(C1CCNCC1)c2ccccc2)=O","norfentanyl","norfentanyl",NA,"hmdb:HMDB0061006","pubchem:259381","chemspider:227671","","CAS:1609-66-1","hmdb:HMDB0061006",NA,NA,NA,NA,"",NA
100021123,400,62959,220848,"Amino Acid","Lysine Metabolism",117,"NAMED","ZRJHLGYVUCPZNH-MQWKRIRWSA-N","[O-]C([C@@H](N)C(O)CCC[N+](C)(C)C)=O","hydroxy-N6,N6,N6-trimethyllysine*","hydroxy-N6,N6,N6-trimethyllysine*",NA,"","","","","","",NA,NA,NA,NA,"","3-Hydroxy-N6,N6,N6-trimethyl-lysine"
100021131,402,63613,222938,"Lipid","Fatty Acid Metabolism (Acyl Carnitine, Monounsaturated)",1882,"NAMED","FVOVZEONZTWNTC-OUKQBFOZSA-N","CCCCCCCC/C=C/C(OC(CC([O-])=O)C[N+](C)(C)C)=O","undecenoylcarnitine (C11:1)","undecenoylcarnitine (C11:1)",NA,"","","","","","hmdb:HMDB0013321",NA,NA,NA,NA,"","CAR 11:1"
100021136,402,63361,222432,"Lipid","Fatty Acid Metabolism (Acyl Carnitine, Monounsaturated)",1880,"NAMED","YMJNFVUJNDWLND-ZHACJKMWSA-N","O=C(C/C([H])=C(CCCCCC)\[H])OC(CC([O-])=O)C[N+](C)(C)C","3-decenoylcarnitine","3-decenoylcarnitine",NA,"","","","","","",NA,NA,NA,NA,"","CAR 10:1"
100021140,400,63359,222427,"Xenobiotics","Food Component/Plant",4750,"NAMED","XDZHMFWKQXZAFO-UHFFFAOYSA-N","CC(CCC(OC(CC([O-])=O)C[N+](C)(C)C)=O)=O","levulinoylcarnitine","levulinoylcarnitine",NA,"","","","","","",NA,NA,NA,NA,"","CAR 5:0;4oxo"
100021141,402,63358,222426,"Lipid","Fatty Acid Metabolism (Acyl Carnitine, Hydroxy)",1928,"NAMED","VCRSQDIROUELAR-UHFFFAOYSA-N","OC(CCCCCCC)CC(OC(CC([O-])=O)C[N+](C)(C)C)=O","3-hydroxydecanoylcarnitine","3-hydroxydecanoylcarnitine",NA,"hmdb:HMDB0061636","pubchem:121454166","chemspider:59664325","","","hmdb:HMDB0061636",NA,NA,NA,NA,"","CAR 10:0;3OH"
100021162,402,62984,221101,"Lipid","Ceramide PEs",3135,"NAMED","JTVNQMOIYKXJKF-WSYRTZMQSA-N","CCCCCCCCCCCCC/C=C/[C@@]([H])(O)[C@@]([H])(NC(CCCCCCCCCCCCCCC)=O)COP(O)(OCCN)=O","palmitoyl-sphingosine-phosphoethanolamine (d18:1/16:0)","palmitoyl-sphingosine-phosphoethanolamine (d18:1/16:0)",NA,"","","","","","pubchem:101579382",NA,NA,NA,NA,"","CerPE 18:1;O2/16:0"
100021198,209,63057,221668,"Lipid","Fatty Acid Metabolism (Acyl Glycine)",1838,"NAMED","MNYZGNSHBPLAFN-UHFFFAOYSA-N","O=C(C1=CC=CC=N1)N([H])CC(O)=O","picolinoylglycine","picolinoylglycine",NA,"hmdb:HMDB0059766","pubchem:11788622","chemspider:9963296","","CAS:5616-29-5","hmdb:HMDB0059766",NA,NA,NA,NA,"","Picolinoylglycine"
100021208,209,64579,238261,"Xenobiotics","Benzoate Metabolism",4531,"NAMED","ILVXQMHYFMBCMJ-UHFFFAOYSA-N","C=CC(C=C1O)=CC=C1OS(=O)(O)=O","4-vinylcatechol sulfate","4-vinylcatechol sulfate",NA,"","","","","","",NA,NA,NA,NA,"","4-Vinylcatechol sulfate"
100021220,305,63678,223092,"Amino Acid","Methionine, Cysteine, SAM and Taurine Metabolism",476,"NAMED","SBQWITJAJITAMM-UHFFFAOYSA-N","OC(CCC(NCCS(=O)(O)=O)=O)=O","succinoyltaurine","succinoyltaurine",NA,"","","chemspider:20509456","","","",NA,NA,NA,NA,"",NA
100021250,209,64190,236750,"Xenobiotics","Food Component/Plant",4715,"NAMED","VEPUCZUJLKAVNM-UHFFFAOYSA-N","CCCCCCCCCCCCCc1c(C(O)=O)c(O)ccc1","ginkgolic acid C13:0","ginkgolic acid C13:0",NA,"hmdb:HMDB38520","pubchem:161306","chemspider:141696","","CAS:20261-38-5","hmdb:HMDB38520",NA,NA,NA,NA,"",NA
100021252,305,64200,236636,"Xenobiotics","Food Component/Plant",4717,"NAMED","YXHVCZZLWZYHSA-FPLPWBNLSA-N","CCCCCC/C=C\CCCCCCCc1c(C(O)=O)c(O)ccc1","ginkgolic acid C15:1","ginkgolic acid C15:1",NA,"","pubchem:5281858","chemspider:4445152","kegg:C10794","CAS:22910-60-7","pubchem:5281858",NA,NA,NA,NA,"",NA
100021253,209,64092,235189,"Xenobiotics","Food Component/Plant",4719,"NAMED","QUVGEKPNSCFQIR-AOSYACOCSA-N","C=CC/C=C/C/C=C/CCCCCCCc1c(C(O)=O)c(O)ccc1","(15:3)-anacardic acid","(15:3)-anacardic acid",NA,"hmdb:HMDB31059","pubchem:9875131","chemspider:4534900","","CAS:103904-73-0","hmdb:HMDB31059",NA,NA,NA,NA,"","Anacardic acid C15:3"
100021255,209,64206,236780,"Xenobiotics","Food Component/Plant",4720,"NAMED","MBYNDKVOZOAOIS-FPLPWBNLSA-N","CCCCCC/C=C\CCCCCCCCCc1c(C(O)=O)c(O)ccc1","ginkgolic acid C17:1","ginkgolic acid C17:1",NA,"hmdb:HMDB38522","pubchem:5469634","chemspider:4580130","","CAS:111047-30-4","hmdb:HMDB38522",NA,NA,NA,NA,"",NA
100021261,400,63052,221645,"Peptide","Dipeptide Derivative",653,"NAMED","JCCZCUUYYHWRGX-UHFFFAOYSA-N","NC(CC(C)C)C(N1C(C(O)=O)CC(O)C1)=O","leucylhydroxyproline*","leucylhydroxyproline*",NA,"hmdb:HMDB0028930","pubchem:20847829","chemspider:20170035","","","hmdb:HMDB0028930",NA,NA,NA,NA,"","Leucyl-hydroxyproline"
100021262,400,63051,221644,"Peptide","Dipeptide Derivative",652,"NAMED","IFZSZULHIWFRSB-UHFFFAOYSA-N","NC(C(C)CC)C(N1C(C(O)=O)CC(O)C1)=O","isoleucylhydroxyproline*","isoleucylhydroxyproline*",NA,"hmdb:HMDB0028908","pubchem:61158802","chemspider:35032815","","","hmdb:HMDB0028908",NA,NA,NA,NA,"","Isoleucylhydroxyproline"
100021324,305,63589,222870,"Xenobiotics","Chemical",6260,"NAMED","KLXACYSQYFWVLM-UHFFFAOYSA-N","ClC1=C(O)C(C(O)=O)=C(O)C(Cl)=C1","3,5-dichloro-2,6-dihydroxybenzoic acid","3,5-dichloro-2,6-dihydroxybenzoic acid",NA,"","pubchem:24721632","chemspider:24339141","","","pubchem:24721632",NA,NA,NA,NA,"","3,5-Dichloro-2,6-dihydroxybenzoic acid"
100021329,400,63339,222374,"Xenobiotics","Food Component/Plant",5211,"NAMED","BOWUOGIPSRVRSJ-RXMQYKEDSA-N","O=C1NCCCC[C@H]1N","(S)-a-amino-omega-caprolactam","(S)-a-amino-omega-caprolactam",NA,"","pubchem:440599","chemspider:388871","kegg:C02837","CAS:21568-87-6","pubchem:440599",NA,NA,NA,NA,"","L-2-aminohexano-6-lactam"
100021331,209,63153,221892,"Partially Characterized Molecules","Partially Characterized Molecules",6423,"NAMED","IJIWKJRHDDIJKI-MVCMDAJNSA-N","CC1(C)C(OS(O)(=O)=O)CCC2(C)C1CC[C@]3(C)[C@H]2CC[C@@H]3C4(C)OC(CC4)=O","metabolonic lactone sulfate","metabolonic lactone sulfate",NA,"","","","","","",NA,NA,NA,NA,"",NA
100021363,209,63853,223434,"Xenobiotics","Food Component/Plant",5219,"NAMED","LOODYTDRRBLQNH-UHFFFAOYSA-N","OC1=CC=C(C=C1OC)C(NCC(O)=O)=O","vanillic acid glycine","vanillic acid glycine",NA,"hmdb:HMDB0060026","pubchem:3083688","chemspider:2340857","","","hmdb:HMDB0060026",NA,NA,NA,NA,"","Vanilloylglycine"
100021372,305,63739,223275,"Amino Acid","Methionine, Cysteine, SAM and Taurine Metabolism",449,"NAMED","ONFOSYPQQXJWGS-UHFFFAOYSA-N","CSCCC(O)C(O)=O","2-hydroxy-4-(methylthio)butanoic acid","2-hydroxy-4-(methylthio)butanoic acid",NA,"hmdb:HMDB0037115","pubchem:11427","","","CAS:583-91-5","hmdb:HMDB0037115",NA,NA,NA,NA,"","2-Hydroxy-4-(methylthio)butanoic acid"
100021374,209,63191,221986,"Lipid","Fatty Acid, Dicarboxylate",1694,"NAMED","JUODHHFNSQAXKF-UHFFFAOYSA-N","CCCCCC(CCCC(O)=O)CCCC(O)=O","branched chain 14:0 dicarboxylic acid**","branched chain 14:0 dicarboxylic acid**",NA,"","","","","","",NA,NA,NA,NA,"",NA
100021464,209,63247,222122,"Xenobiotics","Benzoate Metabolism",4544,"NAMED","KDHGUTHHBZRIES-UHFFFAOYSA-N","OC(C1OC(OC2=CC=C(O)C=C2OC)C(O)C(O)C1O)=O","2-methoxyhydroquinone glucuronide (2)","2-methoxyhydroquinone glucuronide (2)",NA,"","","","","","",NA,NA,NA,NA,"","2-Methoxyhydroquinone glucuronide"
100021467,305,63264,222194,"Partially Characterized Molecules","Partially Characterized Molecules",6424,"NAMED","","","pentose acid*","pentose acid*",NA,"hmdb:HMDB0000892","pubchem:7991","","kegg:C00803","","hmdb:HMDB0000892",NA,NA,NA,NA,"",NA
100021478,209,64596,238814,"Amino Acid","Histidine Metabolism",93,"NAMED","MXETUSMIYKMMAT-UHFFFAOYSA-N","CN1C=NC=C1CC(O)C(O)=O","1-methyl-5-imidazolelactate","1-methyl-5-imidazolelactate",NA,"","","chemspider:65563369","","CAS:2022510-60-5","",NA,NA,NA,NA,"","1-Methyl-5-imidazolelactate"
100021488,209,63402,222501,"Xenobiotics","Food Component/Plant",4910,"NAMED","RAGZUCNPTLULOL-KQJPBSFVSA-N","O[C@@](C[C@H]1O)(C(O)=O)C[C@H]([C@H]1O)OC(/C=C/C(C=C2)=CC(OC)=C2O)=O","feruloylquinate (4)","feruloylquinate (4)",NA,"","","","","","",NA,NA,NA,NA,"","3-O-Feruloylquinic acid"
100021502,209,63436,222605,"Lipid","Medium Chain Fatty Acid",1499,"NAMED","WXBXVVIUZANZAU-CMDGGOBGSA-N","CCCCCCC/C=C/C(O)=O","(2 or 3)-decenoate (10:1n7 or n8)","(2 or 3)-decenoate (10:1n7 or n8)",NA,"","","","","","hmdb:HMDB0032396",NA,NA,NA,NA,"","Decenoic acid"
100021530,400,64177,236998,"Amino Acid","Methionine, Cysteine, SAM and Taurine Metabolism",460,"NAMED","CAMXXPUSAROUCX-BYPYZUCNSA-N","SC[C@@H](C(O)=O)NCCC(O)=O","S-carboxyethylcysteine","S-carboxyethylcysteine",NA,"","","chemspider:19955529","","CAS:4033-46-9","pubchem:23618203",NA,NA,NA,NA,"","S-(2-Carboxyethyl)cysteine"
100021538,209,63841,223406,"Xenobiotics","Chemical",6262,"NAMED","YPDHMBTYUUZFOA-UHFFFAOYSA-N","CCCCOC(CC(S(=O)(O)=O)C(OCCCC)=O)=O","dibutyl sulfosuccinate","dibutyl sulfosuccinate",NA,"","pubchem:423891","chemspider:375186","","CAS:5144-51-4","pubchem:423891",NA,NA,NA,NA,"","Dibutyl sulfosuccinic acid"
100021666,209,63615,222957,"Partially Characterized Molecules","Partially Characterized Molecules",6431,"NAMED","NIFITBVFNGQSNA-SOFGYWHQSA-N","CC(C)CCCC/C=C/C(O)=O","branched-chain, straight-chain, or cyclopropyl 10:1 fatty acid (1)*","branched-chain, straight-chain, or cyclopropyl 10:1 fatty acid (1)*",NA,"","","","","","",NA,NA,NA,NA,"",NA
100021667,209,63616,222958,"Partially Characterized Molecules","Partially Characterized Molecules",6432,"NAMED","NIFITBVFNGQSNA-SOFGYWHQSA-N","CC(C)CCCC/C=C/C(O)=O","branched-chain, straight-chain, or cyclopropyl 10:1 fatty acid (2)*","branched-chain, straight-chain, or cyclopropyl 10:1 fatty acid (2)*",NA,"","","","","","",NA,NA,NA,NA,"",NA
100021686,209,64042,233187,"Xenobiotics","Food Component/Plant",5223,"NAMED","MKBJQFWSHNXYFZ-UHFFFAOYSA-N","CCC1=CC(OC)=C(OS(=O)(O)=O)C=C1","4-ethyl-2-methoxyphenol sulfate","4-ethyl-2-methoxyphenol sulfate",NA,"","","","","","",NA,NA,NA,NA,"","4-Ethyl-2-methoxyphenol sulfate"
100021707,209,63681,223106,"Xenobiotics","Chemical",6261,"NAMED","AJSVSHDVMDXRFN-UHFFFAOYSA-N","OC(C1=C(O)C(Cl)=CC(Br)=C1O)=O","3-bromo-5-chloro-2,6-dihydroxybenzoic acid*","3-bromo-5-chloro-2,6-dihydroxybenzoic acid*",NA,"","pubchem:134581543","","","","pubchem:134581543",NA,NA,NA,NA,"","3-Bromo-5-chloro-2,6-dihydroxybenzoic acid"
100021709,209,63683,223108,"Partially Characterized Molecules","Partially Characterized Molecules",6434,"NAMED","FQSFPMAZIOPKLO-JXMROGBWSA-N","OC(/C=C/CCCC(C)CCCC)=O","branched-chain, straight-chain, or cyclopropyl 12:1 fatty acid*","branched-chain, straight-chain, or cyclopropyl 12:1 fatty acid*",NA,"","","","","","",NA,NA,NA,NA,"",NA
100021711,209,63685,223110,"Lipid","Fatty Acid, Dicarboxylate",1683,"NAMED","FRWVXIATCBRYHA-KPMZXABDSA-N","OC(/C=C/C=C/CCCCC(O)=O)=O","decadienedioic acid (C10:2-DC)**","decadienedioic acid (C10:2-DC)**",NA,"","pubchem:17789717","","","","pubchem:17789717",NA,NA,NA,NA,"","Decadienedioic acid"
100021726,209,63699,223153,"Partially Characterized Molecules","Partially Characterized Molecules",6436,"NAMED","","","GlcNAc sulfate conjugate of C21H34O2 steroid**","GlcNAc sulfate conjugate of C21H34O2 steroid**",NA,"","","","","","",NA,NA,NA,NA,"",NA
100021727,209,64390,237469,"Lipid","Fatty Acid, Branched",1644,"NAMED","VFMNSFWBDMRNLJ-BQBZGAKWSA-N","O=C(C[C@@]1([H])[C@@](C1)([H])CCC)O","cis-3,4-methyleneheptanoate","cis-3,4-methyleneheptanoate",NA,"","","","","","",NA,NA,NA,NA,"",NA
100021728,402,64389,237480,"Lipid","Fatty Acid Metabolism (Acyl Carnitine, Medium Chain)",1857,"NAMED","LNGSHJPPGDBEPT-VYAYZGMFSA-N","O=C(C[C@@]1([H])[C@@](C1)([H])CCC)OC(CC([O-])=O)C[N+](C)(C)C","cis-3,4-methyleneheptanoylcarnitine","cis-3,4-methyleneheptanoylcarnitine",NA,"","","","","","",NA,NA,NA,NA,"",NA
100021747,209,63738,223271,"Xenobiotics","Drug - Antibiotic",5457,"NAMED","AVKUERGKIZMTKX-UHFFFAOYSA-N","CC1(C)C(C(O)=O)N2C(C(NC(C(N)C3=CC=CC=C3)=O)C2=O)S1","ampicillin","ampicillin",NA,"hmdb:HMDB0014559","pubchem:6249","chemspider:2089","kegg:C06574","CAS:69-53-4","hmdb:HMDB0014559",NA,NA,NA,NA,"","Ampicillin"
100021748,209,63734,223265,"Xenobiotics","Drug - Metabolic",5804,"NAMED","BQSJTQLCZDPROO-UHFFFAOYSA-N","CC1=C(C(O)=O)SC(C2=CC(C#N)=C(OCC(C)C)C=C2)=N1","febuxostat","febuxostat",NA,"","pubchem:134018","chemspider:118173","kegg:DG02878,D01206","CAS:144060-53-7","pubchem:134018",NA,NA,NA,NA,"","Febuxostat"
100021760,400,63920,223830,"Amino Acid","Lysine Metabolism",139,"NAMED","FTTGAAZKBNZDCZ-LURJTMIESA-N","CC(N[C@@](CCCC(O)=O)(C(O)=O)[H])=O","N-acetyl-2-aminoadipate","N-acetyl-2-aminoadipate",NA,"","pubchem:443992","chemspider:392027","kegg:C12986","","pubchem:443992",NA,NA,NA,NA,"","N-Acetyl-2-aminoadipic acid"
100021782,402,64199,237116,"Xenobiotics","Drug - Respiratory",5936,"NAMED","NBQBQRKLQXVPIS-LJQANCHMSA-N","ClC1=CC=C([C@@H](C2=CC=CC=C2)N3CCN(CC(O)=O)CC3)C=C1","De(carboxymethoxy) cetirizine acetic acid","De(carboxymethoxy) cetirizine acetic acid",NA,"","","","","CAS:942193-17-1","",NA,NA,NA,NA,"",NA
100021790,305,64176,236590,"Xenobiotics","Drug - Antibiotic",5464,"NAMED","SVIZNTHNFAOGAB-UHFFFAOYSA-N","CC(C(N)C(O)=O)(S(O)=O)C","3-sulfinovaline","3-sulfinovaline",NA,"","","","","CAS:98462-04-5","",NA,NA,NA,NA,"",NA
100021791,209,64188,236746,"Xenobiotics","Drug - Cardiovascular",5682,"NAMED","JBMKAUGHUNFTOL-UHFFFAOYSA-N","Clc1cc2c(S(=O)(N=CN2)=O)cc1S(=O)(N)=O","chlorothiazide","chlorothiazide",NA,"","","","","CAS:58-94-6","",NA,NA,NA,NA,"","Chlorothiazide"
100021792,209,64181,236732,"Xenobiotics","Drug - Cardiovascular",5693,"NAMED","BZKPWHYZMXOIDC-UHFFFAOYSA-N","CC(Nc1sc(S(=O)(N)=O)nn1)=O","acetazolamide","acetazolamide",NA,"","","","","CAS:59-66-5","",NA,NA,NA,NA,"","Acetazolamide"
100021794,305,64201,236638,"Xenobiotics","Drug - Cardiovascular",5678,"NAMED","NGBFQHCMQULJNZ-UHFFFAOYSA-N","Cc1cc(Nc2c(S(=O)(NC(NC(C)C)=O)=O)cncc2)ccc1","torasemide","torasemide",NA,"","","","","CAS:56211-40-6","",NA,NA,NA,NA,"","Torasemide"
100021795,209,64208,236784,"Xenobiotics","Drug - Cardiovascular",5692,"NAMED","AQCHWTWZEMGIFD-UHFFFAOYSA-N","Cc1c(N2C(C)Nc3c(C2=O)cc(S(=O)(N)=O)c(Cl)c3)cccc1","metolazone","metolazone",NA,"","","","","CAS:17560-51-9","",NA,NA,NA,NA,"","Metolazone"
100021839,209,64049,233195,"Xenobiotics","Benzoate Metabolism",4585,"NAMED","LEJCLCZOTCOTQE-UHFFFAOYSA-N","OC1=CC=C(OS(=O)(O)=O)C=C1OC","2-methoxyhydroquinone sulfate (1)","2-methoxyhydroquinone sulfate (1)",NA,"","","","","","",NA,NA,NA,NA,"","2-Methoxyhydroquinone sulfate"
100021840,209,64050,233196,"Xenobiotics","Benzoate Metabolism",4586,"NAMED","DQJWAJBJWZYKLK-UHFFFAOYSA-N","OC1=CC=C(OS(=O)(O)=O)C(OC)=C1","2-methoxyhydroquinone sulfate (2)","2-methoxyhydroquinone sulfate (2)",NA,"","","","","","",NA,NA,NA,NA,"","2-Methoxyhydroquinone sulfate"
100021902,402,64527,238637,"Xenobiotics","Drug - Psychoactive",5914,"NAMED","AAOVKJBEBIDNHE-UHFFFAOYSA-N","CN1c2c(C(c3ccccc3)=NCC1=O)cc(Cl)cc2","diazepam","diazepam",NA,"hmdb:HMDB0014967","pubchem:3016","","kegg:D00293","","hmdb:HMDB0014967",NA,NA,NA,NA,"","Diazepam"
100021911,402,64532,238647,"Xenobiotics","Drug - Psychoactive",5928,"NAMED","SEQDDYPDSLOBDC-UHFFFAOYSA-N","CN1c2c(C(c3ccccc3)=NC(O)C1=O)cc(Cl)cc2","temazepam","temazepam",NA,"hmdb:HMDB0014376","pubchem:5391","","kegg:D00370","CAS:846-50-4","hmdb:HMDB0014376",NA,NA,NA,NA,"","Temazepam"
100021918,209,64328,237314,"Xenobiotics","Chemical",6178,"NAMED","ICKWICRCANNIBI-UHFFFAOYSA-N","CC(C)(c1cc(C(C)(C)C)c(O)cc1)C","2,4-di-tert-butylphenol","2,4-di-tert-butylphenol",NA,"","","","","CAS:96-76-4","",NA,NA,NA,NA,"","2,4-Ditert-butylphenol"
100021931,400,64325,237307,"Xenobiotics","Drug - Neurological",5810,"NAMED","DHHVAGZRUROJKS-UHFFFAOYSA-N","NC(C)(C)CC1=CC=CC=C1","phentermine","phentermine",NA,"","","","","CAS:122-09-8","",NA,NA,NA,NA,"",NA
100021990,400,64393,237477,"Lipid","Fatty Acid Metabolism (Acyl Carnitine, Hydroxy)",1925,"NAMED","RCXSFDNDEVSQNG-UHFFFAOYSA-N","[O-]C(CC(OC(C(O)CCCCCC)=O)C[N+](C)(C)C)=O","3-hydroxyoctanoylcarnitine (1)","3-hydroxyoctanoylcarnitine (1)",NA,"","","","","","",NA,NA,NA,NA,"","CAR 8:0;3OH"
100021991,400,64394,237478,"Lipid","Fatty Acid Metabolism (Acyl Carnitine, Hydroxy)",1926,"NAMED","RCXSFDNDEVSQNG-UHFFFAOYSA-N","[O-]C(CC(OC(C(O)CCCCCC)=O)C[N+](C)(C)C)=O","3-hydroxyoctanoylcarnitine (2)","3-hydroxyoctanoylcarnitine (2)",NA,"","","","","","",NA,NA,NA,NA,"","CAR 8:0;3OH"
100021992,209,64386,237461,"Lipid","Fatty Acid Metabolism (Acyl Glycine)",1815,"NAMED","FFFQOVJTIDIKQJ-YUMQZZPRSA-N","O=C(NCC(O)=O)C[C@@H]1C[C@@H]1CCC","cis-3,4-methyleneheptanoylglycine","cis-3,4-methyleneheptanoylglycine",NA,"","","","","","",NA,NA,NA,NA,"",NA
100021999,402,64550,238683,"Xenobiotics","Drug - Antibiotic",5539,"NAMED","DYLGFOYVTXJFJP-MYYYXRDXSA-N","CCCCN(CC(O)C1=CC(Cl)=CC2=C1C3=C(C=C(Cl)C=C3)/C2=C/C4=CC=C(Cl)C=C4)CCCC","lumefantrine","lumefantrine",NA,"hmdb:HMDB0015653","pubchem:6437380","","kegg:D03821","","hmdb:HMDB0015653",NA,NA,NA,NA,"",NA
100022003,209,64403,237531,"Partially Characterized Molecules","Partially Characterized Molecules",6444,"NAMED","","","bilirubin degradation product, C16H18N2O5 (1)**","bilirubin degradation product, C16H18N2O5 (1)**",NA,"","","","","","",NA,NA,NA,NA,"",NA
100022004,209,64404,237533,"Partially Characterized Molecules","Partially Characterized Molecules",6445,"NAMED","","","bilirubin degradation product, C16H18N2O5 (2)**","bilirubin degradation product, C16H18N2O5 (2)**",NA,"","","","","","",NA,NA,NA,NA,"",NA
100022005,209,64409,237542,"Partially Characterized Molecules","Partially Characterized Molecules",6446,"NAMED","","","bilirubin degradation product, C17H18N2O4 (1)**","bilirubin degradation product, C17H18N2O4 (1)**",NA,"","","","","","",NA,NA,NA,NA,"",NA
100022006,209,64407,237539,"Partially Characterized Molecules","Partially Characterized Molecules",6447,"NAMED","","","bilirubin degradation product, C17H18N2O4 (2)**","bilirubin degradation product, C17H18N2O4 (2)**",NA,"","","","","","",NA,NA,NA,NA,"",NA
100022007,209,64408,237541,"Partially Characterized Molecules","Partially Characterized Molecules",6448,"NAMED","","","bilirubin degradation product, C17H18N2O4 (3)**","bilirubin degradation product, C17H18N2O4 (3)**",NA,"","","","","","",NA,NA,NA,NA,"",NA
100022008,209,64405,237535,"Partially Characterized Molecules","Partially Characterized Molecules",6449,"NAMED","","","bilirubin degradation product, C17H20N2O5 (1)**","bilirubin degradation product, C17H20N2O5 (1)**",NA,"","","","","","",NA,NA,NA,NA,"",NA
100022009,209,64406,237537,"Partially Characterized Molecules","Partially Characterized Molecules",6450,"NAMED","","","bilirubin degradation product, C17H20N2O5 (2)**","bilirubin degradation product, C17H20N2O5 (2)**",NA,"","","","","","",NA,NA,NA,NA,"",NA
100022013,209,64411,237545,"Lipid","Corticosteroids",3311,"NAMED","OZINUFSVVJAFHD-LUPKFNMHSA-N","[H][C@@]12[C@@]3(C)CC[C@@H](OC4OC(C(O)=O)C(O)C(O)C4O)C[C@@]3([H])CC[C@@]1([H])[C@]5([H])CC[C@@](C(CO)=O)(O)[C@@]5(C)C[C@@H]2O","tetrahydrocortisol glucuronide","tetrahydrocortisol glucuronide",NA,"","","","","","",NA,NA,NA,NA,"",NA
100022014,209,64414,237567,"Partially Characterized Molecules","Partially Characterized Molecules",6451,"NAMED","","","bilirubin degradation product, C16H18N2O5 (3)**","bilirubin degradation product, C16H18N2O5 (3)**",NA,"","","","","","",NA,NA,NA,NA,"",NA
100022015,209,64415,237569,"Partially Characterized Molecules","Partially Characterized Molecules",6452,"NAMED","","","bilirubin degradation product, C16H18N2O5 (4)**","bilirubin degradation product, C16H18N2O5 (4)**",NA,"","","","","","",NA,NA,NA,NA,"",NA
100022041,400,64571,238237,"Peptide","Modified Peptides",1219,"NAMED","VOWFCBSRZKGKTF-UHFFFAOYSA-N","O=C(N1CCCC1C([O-])=O)C2CCC[N+]2(C)C","N,N-dimethyl-pro-pro","N,N-dimethyl-pro-pro",NA,"","","","","","",NA,NA,NA,NA,"","N,N-Dimethyl-Pro-Pro"
100022120,400,64568,238235,"Amino Acid","Tryptophan Metabolism",263,"NAMED","YLEQTOAIAOPFBY-UHFFFAOYSA-N","OC(C(N)(C)N(C1=C(C2)C=CC=C1)C2=O)=O","oxindolylalanine","oxindolylalanine",NA,"","pubchem:20977764","","","","pubchem:20977764",NA,NA,NA,NA,"","Oxyindolylalanine"
100022127,209,64591,238327,"Lipid","Corticosteroids",3324,"NAMED","QUOCEDQXFGCYTL-QMELEVSMSA-N","[H][C@@]12C[C@H](OC3C(O)C(O)C(O)C(C(O)=O)O3)CC[C@]1(C)[C@@]([C@@]4([H])CC2)([H])C(C[C@@]5(C)[C@@]4([H])CC[C@]5(O)C(CO)=O)=O","tetrahydrocortisone glucuronide (5)","tetrahydrocortisone glucuronide (5)",NA,"","","","","","",NA,NA,NA,NA,"",NA
100022172,209,64623,239167,"Xenobiotics","Chemical",6349,"NAMED","QZHDEAJFRJCDMF-UHFFFAOYSA-N","FC(F)(F)C(F)(F)C(F)(F)C(F)(F)C(F)(F)C(F)(F)S(=O)(O)=O","perfluorohexanesulfonate (PFHxS)","perfluorohexanesulfonate (PFHxS)",NA,"hmdb:HMDB0094700","","","","CAS:355-46-4","hmdb:HMDB0094700",NA,NA,NA,NA,"","Perfluorohexane-1-sulphonic acid"
999907765,209,46590,146351,"","",NA,"UNNAMED","","","X-07765","X-07765",NA,"","","","","","",NA,NA,NA,NA,"",NA
999910458,209,47478,148974,"","",NA,"UNNAMED","","","X-10458","X-10458",NA,"","","","","","",NA,NA,NA,NA,"",NA
999911299,209,46592,146353,"","",NA,"UNNAMED","","","X-11299","X-11299",NA,"","","","","","",NA,NA,NA,NA,"",NA
999911308,209,46390,145473,"","",NA,"UNNAMED","","","X-11308","X-11308",NA,"","","","","","",NA,NA,NA,NA,"",NA
999911315,209,49592,161333,"","",NA,"UNNAMED","","","X-11315","X-11315",NA,"","","","","","",NA,NA,NA,NA,"",NA
999911372,209,46594,146355,"","",NA,"UNNAMED","","","X-11372","X-11372",NA,"","","","","","",NA,NA,NA,NA,"",NA
999911381,209,46347,145026,"","",NA,"UNNAMED","","","X-11381","X-11381",NA,"","","","","","",NA,NA,NA,NA,"",NA
999911444,209,46460,145547,"","",NA,"UNNAMED","","","X-11444","X-11444",NA,"","","","","","",NA,NA,NA,NA,"",NA
999911470,209,46601,149582,"","",NA,"UNNAMED","","","X-11470","X-11470",NA,"","","","","","",NA,NA,NA,NA,"",NA
999911478,209,46602,146364,"","",NA,"UNNAMED","","","X-11478","X-11478",NA,"","","","","","",NA,NA,NA,NA,"",NA
999911483,209,47650,149583,"","",NA,"UNNAMED","","","X-11483","X-11483",NA,"","","","","","",NA,NA,NA,NA,"",NA
999911612,209,47431,148921,"","",NA,"UNNAMED","","","X-11612","X-11612",NA,"","","","","","",NA,NA,NA,NA,"",NA
999911632,209,47493,148992,"","",NA,"UNNAMED","","","X-11632","X-11632",NA,"","","","","","",NA,NA,NA,NA,"",NA
999911787,209,33132,219196,"","",NA,"UNNAMED","","","X-11787","X-11787",NA,"","","","","","",NA,NA,NA,NA,"",NA
999911795,400,33140,156004,"","",NA,"UNNAMED","","","X-11795","X-11795",NA,"","","","","","",NA,NA,NA,NA,"",NA
999911843,209,46466,145553,"","",NA,"UNNAMED","","","X-11843","X-11843",NA,"","","","","","",NA,NA,NA,NA,"",NA
999911847,209,46488,145575,"","",NA,"UNNAMED","","","X-11847","X-11847",NA,"","","","","","",NA,NA,NA,NA,"",NA
999911849,209,46607,146369,"","",NA,"UNNAMED","","","X-11849","X-11849",NA,"","","","","","",NA,NA,NA,NA,"",NA
999911850,209,46507,145594,"","",NA,"UNNAMED","","","X-11850","X-11850",NA,"","","","","","",NA,NA,NA,NA,"",NA
999911852,209,46521,145608,"","",NA,"UNNAMED","","","X-11852","X-11852",NA,"","","","","","",NA,NA,NA,NA,"",NA
999911858,209,47654,149587,"","",NA,"UNNAMED","","","X-11858","X-11858",NA,"","","","","","",NA,NA,NA,NA,"",NA
999911861,209,47655,149588,"","",NA,"UNNAMED","","","X-11861","X-11861",NA,"","","","","","",NA,NA,NA,NA,"",NA
999911880,209,46608,146370,"","",NA,"UNNAMED","","","X-11880","X-11880",NA,"","","","","","",NA,NA,NA,NA,"",NA
999911979,209,47508,149008,"","",NA,"UNNAMED","","","X-11979","X-11979",NA,"","","","","","",NA,NA,NA,NA,"",NA
999912007,209,46610,146372,"","",NA,"UNNAMED","","","X-12007","X-12007",NA,"","","","","","",NA,NA,NA,NA,"",NA
999912013,209,46611,146373,"","",NA,"UNNAMED","","","X-12013","X-12013",NA,"","","","","","",NA,NA,NA,NA,"",NA
999912026,209,47905,150050,"","",NA,"UNNAMED","","","X-12026","X-12026",NA,"","","","","","",NA,NA,NA,NA,"",NA
999912027,209,47510,149010,"","",NA,"UNNAMED","","","X-12027","X-12027",NA,"","","","","","",NA,NA,NA,NA,"",NA
999912100,400,47687,157560,"","",NA,"UNNAMED","","","X-12100","X-12100",NA,"","","","","","",NA,NA,NA,NA,"",NA
999912101,400,47642,157543,"","",NA,"UNNAMED","","","X-12101","X-12101",NA,"","","","","","",NA,NA,NA,NA,"",NA
999912104,209,52597,165325,"","",NA,"UNNAMED","","","X-12104","X-12104",NA,"","","","","","",NA,NA,NA,NA,"",NA
999912111,209,52797,165636,"","",NA,"UNNAMED","","","X-12111","X-12111",NA,"","","","","","",NA,NA,NA,NA,"",NA
999912112,400,47690,157563,"","",NA,"UNNAMED","","","X-12112","X-12112",NA,"","","","","","",NA,NA,NA,NA,"",NA
999912117,400,47695,157567,"","",NA,"UNNAMED","","","X-12117","X-12117",NA,"","","","","","",NA,NA,NA,NA,"",NA
999912125,400,47643,157544,"","",NA,"UNNAMED","","","X-12125","X-12125",NA,"","","","","","",NA,NA,NA,NA,"",NA
999912127,400,47702,157574,"","",NA,"UNNAMED","","","X-12127","X-12127",NA,"","","","","","",NA,NA,NA,NA,"",NA
999912193,209,46985,148238,"","",NA,"UNNAMED","","","X-12193","X-12193",NA,"","","","","","",NA,NA,NA,NA,"",NA
999912216,209,46613,146375,"","",NA,"UNNAMED","","","X-12216","X-12216",NA,"","","","","","",NA,NA,NA,NA,"",NA
999912221,209,47911,150059,"","",NA,"UNNAMED","","","X-12221","X-12221",NA,"","","","","","",NA,NA,NA,NA,"",NA
999912261,209,47657,149590,"","",NA,"UNNAMED","","","X-12261","X-12261",NA,"","","","","","",NA,NA,NA,NA,"",NA
999912262,209,47914,150064,"","",NA,"UNNAMED","","","X-12262","X-12262",NA,"","","","","","",NA,NA,NA,NA,"",NA
999912283,400,47708,157579,"","",NA,"UNNAMED","","","X-12283","X-12283",NA,"","","","","","",NA,NA,NA,NA,"",NA
999912306,209,47917,150069,"","",NA,"UNNAMED","","","X-12306","X-12306",NA,"","","","","","",NA,NA,NA,NA,"",NA
999912407,209,46615,146377,"","",NA,"UNNAMED","","","X-12407","X-12407",NA,"","","","","","",NA,NA,NA,NA,"",NA
999912411,209,46616,146378,"","",NA,"UNNAMED","","","X-12411","X-12411",NA,"","","","","","",NA,NA,NA,NA,"",NA
999912456,209,47639,149571,"","",NA,"UNNAMED","","","X-12456","X-12456",NA,"","","","","","",NA,NA,NA,NA,"",NA
999912462,400,46620,157261,"","",NA,"UNNAMED","","","X-12462","X-12462",NA,"","","","","","",NA,NA,NA,NA,"",NA
999912544,209,46510,145597,"","",NA,"UNNAMED","","","X-12544","X-12544",NA,"","","","","","",NA,NA,NA,NA,"",NA
999912680,400,47437,157418,"","",NA,"UNNAMED","","","X-12680","X-12680",NA,"","","","","","",NA,NA,NA,NA,"",NA
999912689,400,47719,157589,"","",NA,"UNNAMED","","","X-12689","X-12689",NA,"","","","","","",NA,NA,NA,NA,"",NA
999912701,209,46962,148215,"","",NA,"UNNAMED","","","X-12701","X-12701",NA,"","","","","","",NA,NA,NA,NA,"",NA
999912707,209,47929,150086,"","",NA,"UNNAMED","","","X-12707","X-12707",NA,"","","","","","",NA,NA,NA,NA,"",NA
999912713,209,47932,150090,"","",NA,"UNNAMED","","","X-12713","X-12713",NA,"","","","","","",NA,NA,NA,NA,"",NA
999912714,209,46318,144553,"","",NA,"UNNAMED","","","X-12714","X-12714",NA,"","","","","","",NA,NA,NA,NA,"",NA
999912718,209,46973,148226,"","",NA,"UNNAMED","","","X-12718","X-12718",NA,"","","","","","",NA,NA,NA,NA,"",NA
999912726,209,47936,150096,"","",NA,"UNNAMED","","","X-12726","X-12726",NA,"","","","","","",NA,NA,NA,NA,"",NA
999912729,209,46623,146385,"","",NA,"UNNAMED","","","X-12729","X-12729",NA,"","","","","","",NA,NA,NA,NA,"",NA
999912730,209,47937,150100,"","",NA,"UNNAMED","","","X-12730","X-12730",NA,"","","","","","",NA,NA,NA,NA,"",NA
999912731,209,47938,150102,"","",NA,"UNNAMED","","","X-12731","X-12731",NA,"","","","","","",NA,NA,NA,NA,"",NA
999912738,209,47940,150105,"","",NA,"UNNAMED","","","X-12738","X-12738",NA,"","","","","","",NA,NA,NA,NA,"",NA
999912740,209,46627,146567,"","",NA,"UNNAMED","","","X-12740","X-12740",NA,"","","","","","",NA,NA,NA,NA,"",NA
999912753,400,47723,157593,"","",NA,"UNNAMED","","","X-12753","X-12753",NA,"","","","","","",NA,NA,NA,NA,"",NA
999912798,400,46624,157263,"","",NA,"UNNAMED","","","X-12798","X-12798",NA,"","","","","","",NA,NA,NA,NA,"",NA
999912812,209,46986,148239,"","",NA,"UNNAMED","","","X-12812","X-12812",NA,"","","","","","",NA,NA,NA,NA,"",NA
999912816,209,46630,146570,"","",NA,"UNNAMED","","","X-12816","X-12816",NA,"","","","","","",NA,NA,NA,NA,"",NA
999912818,209,47943,150120,"","",NA,"UNNAMED","","","X-12818","X-12818",NA,"","","","","","",NA,NA,NA,NA,"",NA
999912822,209,46997,148250,"","",NA,"UNNAMED","","","X-12822","X-12822",NA,"","","","","","",NA,NA,NA,NA,"",NA
999912830,209,47662,149595,"","",NA,"UNNAMED","","","X-12830","X-12830",NA,"","","","","","",NA,NA,NA,NA,"",NA
999912839,209,47014,148267,"","",NA,"UNNAMED","","","X-12839","X-12839",NA,"","","","","","",NA,NA,NA,NA,"",NA
999912844,209,46633,146573,"","",NA,"UNNAMED","","","X-12844","X-12844",NA,"","","","","","",NA,NA,NA,NA,"",NA
999912847,209,46364,145065,"","",NA,"UNNAMED","","","X-12847","X-12847",NA,"","","","","","",NA,NA,NA,NA,"",NA
999912849,209,46636,146576,"","",NA,"UNNAMED","","","X-12849","X-12849",NA,"","","","","","",NA,NA,NA,NA,"",NA
999912851,209,46639,146579,"","",NA,"UNNAMED","","","X-12851","X-12851",NA,"","","","","","",NA,NA,NA,NA,"",NA
999912906,209,47955,150146,"","",NA,"UNNAMED","","","X-12906","X-12906",NA,"","","","","","",NA,NA,NA,NA,"",NA
999913007,209,47203,148680,"","",NA,"UNNAMED","","","X-13007","X-13007",NA,"","","","","","",NA,NA,NA,NA,"",NA
999913431,402,47788,160155,"","",NA,"UNNAMED","","","X-13431","X-13431",NA,"","","","","","",NA,NA,NA,NA,"",NA
999913507,400,47439,157420,"","",NA,"UNNAMED","","","X-13507","X-13507",NA,"","","","","","",NA,NA,NA,NA,"",NA
999913553,209,47959,150152,"","",NA,"UNNAMED","","","X-13553","X-13553",NA,"","","","","","",NA,NA,NA,NA,"",NA
999913658,209,47664,149597,"","",NA,"UNNAMED","","","X-13658","X-13658",NA,"","","","","","",NA,NA,NA,NA,"",NA
999913684,400,47790,157611,"","",NA,"UNNAMED","","","X-13684","X-13684",NA,"","","","","","",NA,NA,NA,NA,"",NA
999913695,209,47962,150157,"","",NA,"UNNAMED","","","X-13695","X-13695",NA,"","","","","","",NA,NA,NA,NA,"",NA
999913723,209,47965,150161,"","",NA,"UNNAMED","","","X-13723","X-13723",NA,"","","","","","",NA,NA,NA,NA,"",NA
999913726,209,47967,150163,"","",NA,"UNNAMED","","","X-13726","X-13726",NA,"","","","","","",NA,NA,NA,NA,"",NA
999913728,209,46645,146585,"","",NA,"UNNAMED","","","X-13728","X-13728",NA,"","","","","","",NA,NA,NA,NA,"",NA
999913729,209,47971,150167,"","",NA,"UNNAMED","","","X-13729","X-13729",NA,"","","","","","",NA,NA,NA,NA,"",NA
999913844,209,47977,150176,"","",NA,"UNNAMED","","","X-13844","X-13844",NA,"","","","","","",NA,NA,NA,NA,"",NA
999913846,209,47978,150178,"","",NA,"UNNAMED","","","X-13846","X-13846",NA,"","","","","","",NA,NA,NA,NA,"",NA
999913866,209,46417,145500,"","",NA,"UNNAMED","","","X-13866","X-13866",NA,"","","","","","",NA,NA,NA,NA,"",NA
999914056,400,46632,157266,"","",NA,"UNNAMED","","","X-14056","X-14056",NA,"","","","","","",NA,NA,NA,NA,"",NA
999914904,209,47204,148681,"","",NA,"UNNAMED","","","X-14904","X-14904",NA,"","","","","","",NA,NA,NA,NA,"",NA
999914939,209,46657,146598,"","",NA,"UNNAMED","","","X-14939","X-14939",NA,"","","","","","",NA,NA,NA,NA,"",NA
999915220,209,46658,146599,"","",NA,"UNNAMED","","","X-15220","X-15220",NA,"","","","","","",NA,NA,NA,NA,"",NA
999915245,209,46661,146603,"","",NA,"UNNAMED","","","X-15245","X-15245",NA,"","","","","","",NA,NA,NA,NA,"",NA
999915461,400,46283,157144,"","",NA,"UNNAMED","","","X-15461","X-15461",NA,"","","","","","",NA,NA,NA,NA,"",NA
999915486,209,46266,144512,"","",NA,"UNNAMED","","","X-15486","X-15486",NA,"","","","","","",NA,NA,NA,NA,"",NA
999915503,209,46977,148230,"","",NA,"UNNAMED","","","X-15503","X-15503",NA,"","","","","","",NA,NA,NA,NA,"",NA
999915674,209,46665,146609,"","",NA,"UNNAMED","","","X-15674","X-15674",NA,"","","","","","",NA,NA,NA,NA,"",NA
999915728,209,46666,146611,"","",NA,"UNNAMED","","","X-15728","X-15728",NA,"","","","","","",NA,NA,NA,NA,"",NA
999915806,209,47263,148740,"","",NA,"UNNAMED","","","X-15806","X-15806",NA,"","","","","","",NA,NA,NA,NA,"",NA
999916087,209,47988,150190,"","",NA,"UNNAMED","","","X-16087","X-16087",NA,"","","","","","",NA,NA,NA,NA,"",NA
999916124,209,46461,145548,"","",NA,"UNNAMED","","","X-16124","X-16124",NA,"","","","","","",NA,NA,NA,NA,"",NA
999916397,400,47802,157623,"","",NA,"UNNAMED","","","X-16397","X-16397",NA,"","","","","","",NA,NA,NA,NA,"",NA
999916580,400,47804,157625,"","",NA,"UNNAMED","","","X-16580","X-16580",NA,"","","","","","",NA,NA,NA,NA,"",NA
999916649,209,47992,150196,"","",NA,"UNNAMED","","","X-16649","X-16649",NA,"","","","","","",NA,NA,NA,NA,"",NA
999916935,209,46681,146628,"","",NA,"UNNAMED","","","X-16935","X-16935",NA,"","","","","","",NA,NA,NA,NA,"",NA
999916938,209,46511,145598,"","",NA,"UNNAMED","","","X-16938","X-16938",NA,"","","","","","",NA,NA,NA,NA,"",NA
999916964,209,46685,146632,"","",NA,"UNNAMED","","","X-16964","X-16964",NA,"","","","","","",NA,NA,NA,NA,"",NA
999917010,209,47993,150197,"","",NA,"UNNAMED","","","X-17010","X-17010",NA,"","","","","","",NA,NA,NA,NA,"",NA
999917146,209,46691,146642,"","",NA,"UNNAMED","","","X-17146","X-17146",NA,"","","","","","",NA,NA,NA,NA,"",NA
999917162,402,47806,160173,"","",NA,"UNNAMED","","","X-17162","X-17162",NA,"","","","","","",NA,NA,NA,NA,"",NA
999917301,400,47808,157629,"","",NA,"UNNAMED","","","X-17301","X-17301",NA,"","","","","","",NA,NA,NA,NA,"",NA
999917304,400,47796,157617,"","",NA,"UNNAMED","","","X-17304","X-17304",NA,"","","","","","",NA,NA,NA,NA,"",NA
999917306,400,40104,156712,"","",NA,"UNNAMED","","","X-17306","X-17306",NA,"","","","","","",NA,NA,NA,NA,"",NA
999917325,209,46672,146618,"","",NA,"UNNAMED","","","X-17325","X-17325",NA,"","","","","","",NA,NA,NA,NA,"",NA
999917335,402,47820,160187,"","",NA,"UNNAMED","","","X-17335","X-17335",NA,"","","","","","",NA,NA,NA,NA,"",NA
999917343,209,47995,150199,"","",NA,"UNNAMED","","","X-17343","X-17343",NA,"","","","","","",NA,NA,NA,NA,"",NA
999917346,209,47997,150201,"","",NA,"UNNAMED","","","X-17346","X-17346",NA,"","","","","","",NA,NA,NA,NA,"",NA
999917348,209,46989,148242,"","",NA,"UNNAMED","","","X-17348","X-17348",NA,"","","","","","",NA,NA,NA,NA,"",NA
999917351,209,48001,150205,"","",NA,"UNNAMED","","","X-17351","X-17351",NA,"","","","","","",NA,NA,NA,NA,"",NA
999917353,209,48003,150207,"","",NA,"UNNAMED","","","X-17353","X-17353",NA,"","","","","","",NA,NA,NA,NA,"",NA
999917354,209,47009,148262,"","",NA,"UNNAMED","","","X-17354","X-17354",NA,"","","","","","",NA,NA,NA,NA,"",NA
999917357,209,48009,150214,"","",NA,"UNNAMED","","","X-17357","X-17357",NA,"","","","","","",NA,NA,NA,NA,"",NA
999917361,209,48013,150218,"","",NA,"UNNAMED","","","X-17361","X-17361",NA,"","","","","","",NA,NA,NA,NA,"",NA
999917365,209,46976,148229,"","",NA,"UNNAMED","","","X-17365","X-17365",NA,"","","","","","",NA,NA,NA,NA,"",NA
999917367,209,46994,148247,"","",NA,"UNNAMED","","","X-17367","X-17367",NA,"","","","","","",NA,NA,NA,NA,"",NA
999917398,209,48051,150257,"","",NA,"UNNAMED","","","X-17398","X-17398",NA,"","","","","","",NA,NA,NA,NA,"",NA
999917438,209,46705,146667,"","",NA,"UNNAMED","","","X-17438","X-17438",NA,"","","","","","",NA,NA,NA,NA,"",NA
999917653,209,46707,146670,"","",NA,"UNNAMED","","","X-17653","X-17653",NA,"","","","","","",NA,NA,NA,NA,"",NA
999917654,209,46709,146673,"","",NA,"UNNAMED","","","X-17654","X-17654",NA,"","","","","","",NA,NA,NA,NA,"",NA
999917673,209,48021,150227,"","",NA,"UNNAMED","","","X-17673","X-17673",NA,"","","","","","",NA,NA,NA,NA,"",NA
999917674,209,46969,148222,"","",NA,"UNNAMED","","","X-17674","X-17674",NA,"","","","","","",NA,NA,NA,NA,"",NA
999917676,209,46970,148223,"","",NA,"UNNAMED","","","X-17676","X-17676",NA,"","","","","","",NA,NA,NA,NA,"",NA
999917685,209,48025,150231,"","",NA,"UNNAMED","","","X-17685","X-17685",NA,"","","","","","",NA,NA,NA,NA,"",NA
999917686,209,48026,150232,"","",NA,"UNNAMED","","","X-17686","X-17686",NA,"","","","","","",NA,NA,NA,NA,"",NA
999917688,209,48027,150233,"","",NA,"UNNAMED","","","X-17688","X-17688",NA,"","","","","","",NA,NA,NA,NA,"",NA
999917689,209,48028,150234,"","",NA,"UNNAMED","","","X-17689","X-17689",NA,"","","","","","",NA,NA,NA,NA,"",NA
999917690,209,46710,146674,"","",NA,"UNNAMED","","","X-17690","X-17690",NA,"","","","","","",NA,NA,NA,NA,"",NA
999918240,209,48041,150247,"","",NA,"UNNAMED","","","X-18240","X-18240",NA,"","","","","","",NA,NA,NA,NA,"",NA
999918345,209,47342,148819,"","",NA,"UNNAMED","","","X-18345","X-18345",NA,"","","","","","",NA,NA,NA,NA,"",NA
999918779,209,46687,146634,"","",NA,"UNNAMED","","","X-18779","X-18779",NA,"","","","","","",NA,NA,NA,NA,"",NA
999918838,209,48046,150252,"","",NA,"UNNAMED","","","X-18838","X-18838",NA,"","","","","","",NA,NA,NA,NA,"",NA
999918886,209,48047,150253,"","",NA,"UNNAMED","","","X-18886","X-18886",NA,"","","","","","",NA,NA,NA,NA,"",NA
999918887,209,47301,148778,"","",NA,"UNNAMED","","","X-18887","X-18887",NA,"","","","","","",NA,NA,NA,NA,"",NA
999918888,209,48048,150254,"","",NA,"UNNAMED","","","X-18888","X-18888",NA,"","","","","","",NA,NA,NA,NA,"",NA
999918899,209,47670,149604,"","",NA,"UNNAMED","","","X-18899","X-18899",NA,"","","","","","",NA,NA,NA,NA,"",NA
999918901,209,46690,146640,"","",NA,"UNNAMED","","","X-18901","X-18901",NA,"","","","","","",NA,NA,NA,NA,"",NA
999918913,209,46695,146647,"","",NA,"UNNAMED","","","X-18913","X-18913",NA,"","","","","","",NA,NA,NA,NA,"",NA
999918921,209,47671,149605,"","",NA,"UNNAMED","","","X-18921","X-18921",NA,"","","","","","",NA,NA,NA,NA,"",NA
999918922,209,46700,146656,"","",NA,"UNNAMED","","","X-18922","X-18922",NA,"","","","","","",NA,NA,NA,NA,"",NA
999918935,209,48049,150255,"","",NA,"UNNAMED","","","X-18935","X-18935",NA,"","","","","","",NA,NA,NA,NA,"",NA
999919141,209,46701,146658,"","",NA,"UNNAMED","","","X-19141","X-19141",NA,"","","","","","",NA,NA,NA,NA,"",NA
999919183,209,47672,149606,"","",NA,"UNNAMED","","","X-19183","X-19183",NA,"","","","","","",NA,NA,NA,NA,"",NA
999919299,209,47673,149607,"","",NA,"UNNAMED","","","X-19299","X-19299",NA,"","","","","","",NA,NA,NA,NA,"",NA
999921258,209,46259,144401,"","",NA,"UNNAMED","","","X-21258","X-21258",NA,"","","","","","",NA,NA,NA,NA,"",NA
999921285,209,46294,144527,"","",NA,"UNNAMED","","","X-21285","X-21285",NA,"","","","","","",NA,NA,NA,NA,"",NA
999921286,209,46295,144528,"","",NA,"UNNAMED","","","X-21286","X-21286",NA,"","","","","","",NA,NA,NA,NA,"",NA
999921310,209,46354,145053,"","",NA,"UNNAMED","","","X-21310","X-21310",NA,"","","","","","",NA,NA,NA,NA,"",NA
999921312,209,46356,145055,"","",NA,"UNNAMED","","","X-21312","X-21312",NA,"","","","","","",NA,NA,NA,NA,"",NA
999921315,209,46359,145058,"","",NA,"UNNAMED","","","X-21315","X-21315",NA,"","","","","","",NA,NA,NA,NA,"",NA
999921319,209,46363,145064,"","",NA,"UNNAMED","","","X-21319","X-21319",NA,"","","","","","",NA,NA,NA,NA,"",NA
999921327,209,46371,145072,"","",NA,"UNNAMED","","","X-21327","X-21327",NA,"","","","","","",NA,NA,NA,NA,"",NA
999921339,209,46384,145467,"","",NA,"UNNAMED","","","X-21339","X-21339",NA,"","","","","","",NA,NA,NA,NA,"",NA
999921353,209,46398,145481,"","",NA,"UNNAMED","","","X-21353","X-21353",NA,"","","","","","",NA,NA,NA,NA,"",NA
999921364,209,46409,145492,"","",NA,"UNNAMED","","","X-21364","X-21364",NA,"","","","","","",NA,NA,NA,NA,"",NA
999921383,209,46428,145511,"","",NA,"UNNAMED","","","X-21383","X-21383",NA,"","","","","","",NA,NA,NA,NA,"",NA
999921441,209,46486,145573,"","",NA,"UNNAMED","","","X-21441","X-21441",NA,"","","","","","",NA,NA,NA,NA,"",NA
999921442,209,46487,145574,"","",NA,"UNNAMED","","","X-21442","X-21442",NA,"","","","","","",NA,NA,NA,NA,"",NA
999921467,209,46512,145599,"","",NA,"UNNAMED","","","X-21467","X-21467",NA,"","","","","","",NA,NA,NA,NA,"",NA
999921470,209,46515,145602,"","",NA,"UNNAMED","","","X-21470","X-21470",NA,"","","","","","",NA,NA,NA,NA,"",NA
999921471,209,46516,145603,"","",NA,"UNNAMED","","","X-21471","X-21471",NA,"","","","","","",NA,NA,NA,NA,"",NA
999921733,209,46902,148140,"","",NA,"UNNAMED","","","X-21733","X-21733",NA,"","","","","","",NA,NA,NA,NA,"",NA
999921736,209,46905,148143,"","",NA,"UNNAMED","","","X-21736","X-21736",NA,"","","","","","",NA,NA,NA,NA,"",NA
999921752,209,46923,148161,"","",NA,"UNNAMED","","","X-21752","X-21752",NA,"","","","","","",NA,NA,NA,NA,"",NA
999921788,209,46964,148217,"","",NA,"UNNAMED","","","X-21788","X-21788",NA,"","","","","","",NA,NA,NA,NA,"",NA
999921796,209,46972,148225,"","",NA,"UNNAMED","","","X-21796","X-21796",NA,"","","","","","",NA,NA,NA,NA,"",NA
999921803,209,46980,148233,"","",NA,"UNNAMED","","","X-21803","X-21803",NA,"","","","","","",NA,NA,NA,NA,"",NA
999921807,209,46984,148237,"","",NA,"UNNAMED","","","X-21807","X-21807",NA,"","","","","","",NA,NA,NA,NA,"",NA
999921815,209,46992,148245,"","",NA,"UNNAMED","","","X-21815","X-21815",NA,"","","","","","",NA,NA,NA,NA,"",NA
999921816,209,46993,148246,"","",NA,"UNNAMED","","","X-21816","X-21816",NA,"","","","","","",NA,NA,NA,NA,"",NA
999921821,209,46998,148251,"","",NA,"UNNAMED","","","X-21821","X-21821",NA,"","","","","","",NA,NA,NA,NA,"",NA
999921829,209,47006,148259,"","",NA,"UNNAMED","","","X-21829","X-21829",NA,"","","","","","",NA,NA,NA,NA,"",NA
999921831,209,47008,148261,"","",NA,"UNNAMED","","","X-21831","X-21831",NA,"","","","","","",NA,NA,NA,NA,"",NA
999921834,209,47011,148264,"","",NA,"UNNAMED","","","X-21834","X-21834",NA,"","","","","","",NA,NA,NA,NA,"",NA
999921840,209,47017,148270,"","",NA,"UNNAMED","","","X-21840","X-21840",NA,"","","","","","",NA,NA,NA,NA,"",NA
999921959,209,47205,148682,"","",NA,"UNNAMED","","","X-21959","X-21959",NA,"","","","","","",NA,NA,NA,NA,"",NA
999922162,400,47417,157401,"","",NA,"UNNAMED","","","X-22162","X-22162",NA,"","","","","","",NA,NA,NA,NA,"",NA
999922776,209,48081,150295,"","",NA,"UNNAMED","","","X-22776","X-22776",NA,"","","","","","",NA,NA,NA,NA,"",NA
999922834,209,48185,153109,"","",NA,"UNNAMED","","","X-22834","X-22834",NA,"","","","","","",NA,NA,NA,NA,"",NA
999923276,209,48972,160567,"","",NA,"UNNAMED","","","X-23276","X-23276",NA,"","","","","","",NA,NA,NA,NA,"",NA
999923587,400,49463,161125,"","",NA,"UNNAMED","","","X-23587","X-23587",NA,"","","","","","",NA,NA,NA,NA,"",NA
999923593,400,49469,161131,"","",NA,"UNNAMED","","","X-23593","X-23593",NA,"","","","","","",NA,NA,NA,NA,"",NA
999923636,400,49512,161176,"","",NA,"UNNAMED","","","X-23636","X-23636",NA,"","","","","","",NA,NA,NA,NA,"",NA
999923639,400,49515,161179,"","",NA,"UNNAMED","","","X-23639","X-23639",NA,"","","","","","",NA,NA,NA,NA,"",NA
999923641,402,49517,161185,"","",NA,"UNNAMED","","","X-23641","X-23641",NA,"","","","","","",NA,NA,NA,NA,"",NA
999923644,400,49521,161202,"","",NA,"UNNAMED","","","X-23644","X-23644",NA,"","","","","","",NA,NA,NA,NA,"",NA
999923648,400,49525,161206,"","",NA,"UNNAMED","","","X-23648","X-23648",NA,"","","","","","",NA,NA,NA,NA,"",NA
999923653,400,49530,161211,"","",NA,"UNNAMED","","","X-23653","X-23653",NA,"","","","","","",NA,NA,NA,NA,"",NA
999923654,400,49531,161212,"","",NA,"UNNAMED","","","X-23654","X-23654",NA,"","","","","","",NA,NA,NA,NA,"",NA
999923655,400,49532,161213,"","",NA,"UNNAMED","","","X-23655","X-23655",NA,"","","","","","",NA,NA,NA,NA,"",NA
999923659,400,49536,161217,"","",NA,"UNNAMED","","","X-23659","X-23659",NA,"","","","","","",NA,NA,NA,NA,"",NA
999923662,400,49539,161220,"","",NA,"UNNAMED","","","X-23662","X-23662",NA,"","","","","","",NA,NA,NA,NA,"",NA
999923665,400,49542,161233,"","",NA,"UNNAMED","","","X-23665","X-23665",NA,"","","","","","",NA,NA,NA,NA,"",NA
999923666,400,49543,161234,"","",NA,"UNNAMED","","","X-23666","X-23666",NA,"","","","","","",NA,NA,NA,NA,"",NA
999923678,402,49555,161246,"","",NA,"UNNAMED","","","X-23678","X-23678",NA,"","","","","","",NA,NA,NA,NA,"",NA
999923680,402,49557,161248,"","",NA,"UNNAMED","","","X-23680","X-23680",NA,"","","","","","",NA,NA,NA,NA,"",NA
999923739,400,49637,161456,"","",NA,"UNNAMED","","","X-23739","X-23739",NA,"","","","","","",NA,NA,NA,NA,"",NA
999923767,402,49665,161486,"","",NA,"UNNAMED","","","X-23767","X-23767",NA,"","","","","","",NA,NA,NA,NA,"",NA
999923780,400,49679,161531,"","",NA,"UNNAMED","","","X-23780","X-23780",NA,"","","","","","",NA,NA,NA,NA,"",NA
999923782,402,49681,161533,"","",NA,"UNNAMED","","","X-23782","X-23782",NA,"","","","","","",NA,NA,NA,NA,"",NA
999923787,209,49688,161555,"","",NA,"UNNAMED","","","X-23787","X-23787",NA,"","","","","","",NA,NA,NA,NA,"",NA
999923974,209,49883,161829,"","",NA,"UNNAMED","","","X-23974","X-23974",NA,"","","","","","",NA,NA,NA,NA,"",NA
999923997,400,52025,164326,"","",NA,"UNNAMED","","","X-23997","X-23997",NA,"","","","","","",NA,NA,NA,NA,"",NA
999924307,209,52502,165212,"","",NA,"UNNAMED","","","X-24307","X-24307",NA,"","","","","","",NA,NA,NA,NA,"",NA
999924328,209,52524,165251,"","",NA,"UNNAMED","","","X-24328","X-24328",NA,"","","","","","",NA,NA,NA,NA,"",NA
999924334,209,52530,165257,"","",NA,"UNNAMED","","","X-24334","X-24334",NA,"","","","","","",NA,NA,NA,NA,"",NA
999924337,209,52533,165260,"","",NA,"UNNAMED","","","X-24337","X-24337",NA,"","","","","","",NA,NA,NA,NA,"",NA
999924341,209,52537,165264,"","",NA,"UNNAMED","","","X-24341","X-24341",NA,"","","","","","",NA,NA,NA,NA,"",NA
999924344,209,52540,165267,"","",NA,"UNNAMED","","","X-24344","X-24344",NA,"","","","","","",NA,NA,NA,NA,"",NA
999924349,209,52545,165272,"","",NA,"UNNAMED","","","X-24349","X-24349",NA,"","","","","","",NA,NA,NA,NA,"",NA
999924352,209,52548,165275,"","",NA,"UNNAMED","","","X-24352","X-24352",NA,"","","","","","",NA,NA,NA,NA,"",NA
999924411,400,52640,165393,"","",NA,"UNNAMED","","","X-24411","X-24411",NA,"","","","","","",NA,NA,NA,NA,"",NA
999924418,209,52647,165400,"","",NA,"UNNAMED","","","X-24418","X-24418",NA,"","","","","","",NA,NA,NA,NA,"",NA
999924431,400,52661,165416,"","",NA,"UNNAMED","","","X-24431","X-24431",NA,"","","","","","",NA,NA,NA,NA,"",NA
999924456,400,52773,165608,"","",NA,"UNNAMED","","","X-24456","X-24456",NA,"","","","","","",NA,NA,NA,NA,"",NA
999924475,400,52792,165631,"","",NA,"UNNAMED","","","X-24475","X-24475",NA,"","","","","","",NA,NA,NA,NA,"",NA
999924494,209,52813,165658,"","",NA,"UNNAMED","","","X-24494","X-24494",NA,"","","","","","",NA,NA,NA,NA,"",NA
999924518,400,52839,165684,"","",NA,"UNNAMED","","","X-24518","X-24518",NA,"","","","","","",NA,NA,NA,NA,"",NA
999924531,400,52852,165697,"","",NA,"UNNAMED","","","X-24531","X-24531",NA,"","","","","","",NA,NA,NA,NA,"",NA
999924541,209,52862,165708,"","",NA,"UNNAMED","","","X-24541","X-24541",NA,"","","","","","",NA,NA,NA,NA,"",NA
999924544,209,52865,165711,"","",NA,"UNNAMED","","","X-24544","X-24544",NA,"","","","","","",NA,NA,NA,NA,"",NA
999924546,209,52867,165713,"","",NA,"UNNAMED","","","X-24546","X-24546",NA,"","","","","","",NA,NA,NA,NA,"",NA
999924570,209,52891,165737,"","",NA,"UNNAMED","","","X-24570","X-24570",NA,"","","","","","",NA,NA,NA,NA,"",NA
999924571,209,52892,165738,"","",NA,"UNNAMED","","","X-24571","X-24571",NA,"","","","","","",NA,NA,NA,NA,"",NA
999924572,209,52893,165739,"","",NA,"UNNAMED","","","X-24572","X-24572",NA,"","","","","","",NA,NA,NA,NA,"",NA
999924575,209,52896,165742,"","",NA,"UNNAMED","","","X-24575","X-24575",NA,"","","","","","",NA,NA,NA,NA,"",NA
999924576,209,52897,165743,"","",NA,"UNNAMED","","","X-24576","X-24576",NA,"","","","","","",NA,NA,NA,NA,"",NA
999924577,209,52898,165744,"","",NA,"UNNAMED","","","X-24577","X-24577",NA,"","","","","","",NA,NA,NA,NA,"",NA
999924578,305,52899,219963,"","",NA,"UNNAMED","","","X-24578","X-24578",NA,"","","","","","",NA,NA,NA,NA,"",NA
999924579,209,52900,165746,"","",NA,"UNNAMED","","","X-24579","X-24579",NA,"","","","","","",NA,NA,NA,NA,"",NA
999924588,209,52909,165756,"","",NA,"UNNAMED","","","X-24588","X-24588",NA,"","","","","","",NA,NA,NA,NA,"",NA
999924657,209,53085,166472,"","",NA,"UNNAMED","","","X-24657","X-24657",NA,"","","","","","",NA,NA,NA,NA,"",NA
999924669,209,53097,166484,"","",NA,"UNNAMED","","","X-24669","X-24669",NA,"","","","","","",NA,NA,NA,NA,"",NA
999924736,400,53172,166597,"","",NA,"UNNAMED","","","X-24736","X-24736",NA,"","","","","","",NA,NA,NA,NA,"",NA
999924757,209,54695,180942,"","",NA,"UNNAMED","","","X-24757","X-24757",NA,"","","","","","",NA,NA,NA,NA,"",NA
999924762,209,54700,180947,"","",NA,"UNNAMED","","","X-24762","X-24762",NA,"","","","","","",NA,NA,NA,NA,"",NA
999924812,400,54840,207726,"","",NA,"UNNAMED","","","X-24812","X-24812",NA,"","","","","","",NA,NA,NA,NA,"",NA
999924947,209,57714,213216,"","",NA,"UNNAMED","","","X-24947","X-24947",NA,"","","","","","",NA,NA,NA,NA,"",NA
999924949,209,57716,213218,"","",NA,"UNNAMED","","","X-24949","X-24949",NA,"","","","","","",NA,NA,NA,NA,"",NA
999924951,209,57718,213220,"","",NA,"UNNAMED","","","X-24951","X-24951",NA,"","","","","","",NA,NA,NA,NA,"",NA
999924953,209,57720,213222,"","",NA,"UNNAMED","","","X-24953","X-24953",NA,"","","","","","",NA,NA,NA,NA,"",NA
999924970,400,57754,213353,"","",NA,"UNNAMED","","","X-24970","X-24970",NA,"","","","","","",NA,NA,NA,NA,"",NA
999925109,400,61682,217977,"","",NA,"UNNAMED","","","X-25109","X-25109",NA,"","","","","","",NA,NA,NA,NA,"",NA
999925172,400,62151,219057,"","",NA,"UNNAMED","","","X-25172","X-25172",NA,"","","","","","",NA,NA,NA,NA,"",NA
999925217,400,62403,219550,"","",NA,"UNNAMED","","","X-25217","X-25217",NA,"","","","","","",NA,NA,NA,NA,"",NA
999925265,400,62494,219776,"","",NA,"UNNAMED","","","X-25265","X-25265",NA,"","","","","","",NA,NA,NA,NA,"",NA
999925267,400,62496,219778,"","",NA,"UNNAMED","","","X-25267","X-25267",NA,"","","","","","",NA,NA,NA,NA,"",NA
999925271,400,62500,219782,"","",NA,"UNNAMED","","","X-25271","X-25271",NA,"","","","","","",NA,NA,NA,NA,"",NA
999925279,209,62521,219836,"","",NA,"UNNAMED","","","X-25279","X-25279",NA,"","","","","","",NA,NA,NA,NA,"",NA
999925343,400,62636,220135,"","",NA,"UNNAMED","","","X-25343","X-25343",NA,"","","","","","",NA,NA,NA,NA,"",NA
999925371,209,62664,220176,"","",NA,"UNNAMED","","","X-25371","X-25371",NA,"","","","","","",NA,NA,NA,NA,"",NA
999925417,400,62714,220232,"","",NA,"UNNAMED","","","X-25417","X-25417",NA,"","","","","","",NA,NA,NA,NA,"",NA
999925419,400,62716,220234,"","",NA,"UNNAMED","","","X-25419","X-25419",NA,"","","","","","",NA,NA,NA,NA,"",NA
999925420,400,62717,220235,"","",NA,"UNNAMED","","","X-25420","X-25420",NA,"","","","","","",NA,NA,NA,NA,"",NA
999925422,400,62719,220237,"","",NA,"UNNAMED","","","X-25422","X-25422",NA,"","","","","","",NA,NA,NA,NA,"",NA
999925433,209,62749,220316,"","",NA,"UNNAMED","","","X-25433","X-25433",NA,"","","","","","",NA,NA,NA,NA,"",NA
999925454,209,62824,220485,"","",NA,"UNNAMED","","","X-25454","X-25454",NA,"","","","","","",NA,NA,NA,NA,"",NA
999925457,209,62827,220488,"","",NA,"UNNAMED","","","X-25457","X-25457",NA,"","","","","","",NA,NA,NA,NA,"",NA
999925468,209,62891,220743,"","",NA,"UNNAMED","","","X-25468","X-25468",NA,"","","","","","",NA,NA,NA,NA,"",NA
999925511,209,62945,220813,"","",NA,"UNNAMED","","","X-25511","X-25511",NA,"","","","","","",NA,NA,NA,NA,"",NA
999925519,400,62963,220852,"","",NA,"UNNAMED","","","X-25519","X-25519",NA,"","","","","","",NA,NA,NA,NA,"",NA
999925520,400,62964,220853,"","",NA,"UNNAMED","","","X-25520","X-25520",NA,"","","","","","",NA,NA,NA,NA,"",NA
999925656,400,63332,222343,"","",NA,"UNNAMED","","","X-25656","X-25656",NA,"","","","","","",NA,NA,NA,NA,"",NA
999925790,400,63560,222789,"","",NA,"UNNAMED","","","X-25790","X-25790",NA,"","","","","","",NA,NA,NA,NA,"",NA
999925805,209,63577,222832,"","",NA,"UNNAMED","","","X-25805","X-25805",NA,"","","","","","",NA,NA,NA,NA,"",NA
999925810,400,63592,222878,"","",NA,"UNNAMED","","","X-25810","X-25810",NA,"","","","","","",NA,NA,NA,NA,"",NA
999925855,400,63721,223226,"","",NA,"UNNAMED","","","X-25855","X-25855",NA,"","","","","","",NA,NA,NA,NA,"",NA
999925937,209,63867,223508,"","",NA,"UNNAMED","","","X-25937","X-25937",NA,"","","","","","",NA,NA,NA,NA,"",NA
999925951,400,63902,223728,"","",NA,"UNNAMED","","","X-25951","X-25951",NA,"","","","","","",NA,NA,NA,NA,"",NA
999925957,400,63908,223734,"","",NA,"UNNAMED","","","X-25957","X-25957",NA,"","","","","","",NA,NA,NA,NA,"",NA
999925991,402,63981,224226,"","",NA,"UNNAMED","","","X-25991","X-25991",NA,"","","","","","",NA,NA,NA,NA,"",NA
999926054,209,64267,235788,"","",NA,"UNNAMED","","","X-26054","X-26054",NA,"","","","","","",NA,NA,NA,NA,"",NA
999926058,400,64282,236107,"","",NA,"UNNAMED","","","X-26058","X-26058",NA,"","","","","","",NA,NA,NA,NA,"",NA
999926062,209,64337,237366,"","",NA,"UNNAMED","","","X-26062","X-26062",NA,"","","","","","",NA,NA,NA,NA,"",NA
999926097,400,64372,237426,"","",NA,"UNNAMED","","","X-26097","X-26097",NA,"","","","","","",NA,NA,NA,NA,"",NA
999926106,402,64395,237486,"","",NA,"UNNAMED","","","X-26106","X-26106",NA,"","","","","","",NA,NA,NA,NA,"",NA
999926107,402,64396,237487,"","",NA,"UNNAMED","","","X-26107","X-26107",NA,"","","","","","",NA,NA,NA,NA,"",NA
999926108,402,64397,237488,"","",NA,"UNNAMED","","","X-26108","X-26108",NA,"","","","","","",NA,NA,NA,NA,"",NA
999926109,209,64399,237506,"","",NA,"UNNAMED","","","X-26109","X-26109",NA,"","","","","","",NA,NA,NA,NA,"",NA
999926111,209,64401,237508,"","",NA,"UNNAMED","","","X-26111","X-26111",NA,"","","","","","",NA,NA,NA,NA,"",NA
999926119,209,64440,237727,"","",NA,"UNNAMED","","","X-26119","X-26119",NA,"","","","","","",NA,NA,NA,NA,"",NA
